Load_Level,Solar_Level,Wind_Level,Solar_Available_MW,Wind_Available_MW,From_Bus,To_Bus,Base_Min_Voltage,Base_Max_Voltage,Weakest_Bus_Before,Base_Solar_Q_MVAr,Base_Wind_Q_MVAr,Base_Solar_Q_Capability_MVAr,Base_Wind_Q_Capability_MVAr,Base_Solar_Q_Margin_MVAr,Base_Wind_Q_Margin_MVAr,Solar_Headroom_MW,Wind_Headroom_MW,Solar_Support_pu,Wind_Support_pu,Final_Min_Voltage,Final_Max_Voltage,Weakest_Bus_After,Solar_Q_MVAr,Wind_Q_MVAr,Solar_Q_Capability_MVAr,Wind_Q_Capability_MVAr,Total_Curtailment_MW,Total_Support_Increase_pu,Action_Type,Status,PowerFlow_Evaluations
0.9,0.6,0.6,97.8,51.0,7,8,0.9465915752996422,1.0005529105589381,7.0,2.105496386063294,24.868983564106557,150.27857465387407,78.36612788698956,148.17307826781078,53.497144322883,0.0,0.0,1.0000000000000067,1.0035172238033851,0.9499999992352434,1.0035172238033851,7.0,1.921195558382351,25.54877819231895,150.27857465387407,78.36612788698956,0.0,0.0035172238033918113,Support Only,Feasible,11
0.9,0.6,0.6,97.8,51.0,5,6,0.9428599891289743,1.000785825931631,5.0,7.063985510123871,-0.579335440112402,150.27857465387407,78.36612788698956,143.2145891437502,77.78679244687716,0.0,0.0,1.0498735016756873,1.0494450688971106,0.9531331025176634,1.0498735016756873,5.0,15.342146456906733,-0.06345197143636483,150.27857465387407,78.36612788698956,0.0,0.09931857057279792,Support Only,Feasible,67
0.9,0.6,0.7,97.8,59.49999999999999,7,8,0.948315838193386,1.0007066512561074,7.0,1.8590510275197687,22.413171910029916,150.27857465387407,72.12489168102786,148.4195236263543,49.711719770997945,0.0,0.0,1.0000000000000027,1.001740242504239,0.9499999990253587,1.0017402425042388,7.0,1.7681759952492087,22.746506414134686,150.27857465387407,72.12489168102786,0.0,0.0017402425042416514,Support Only,Feasible,11
0.9,0.6,0.7,97.8,59.49999999999999,5,6,0.9423833571189368,1.0007686709893486,5.0,7.550421143198918,-0.27491398609907947,150.27857465387407,72.12489168102786,142.72815351067516,71.84997769492878,0.0,0.0,1.0498997585385828,1.0495601553390044,0.952728182049184,1.0499999982205936,5.0,15.693814156556215,0.15370127571125636,150.27857465387407,72.12489168102786,0.0,0.09945991387758712,Support Only,Feasible,67
0.9,0.6,0.8,97.8,68.0,7,8,0.9498377729329217,1.0008250693154679,7.0,1.6692277291192283,20.31970512125828,150.27857465387407,64.17359269980139,148.60934692475485,43.85388757854311,0.0,0.0,1.0000000000000173,1.0001677792311074,0.949999998805375,1.0008305239936945,7.0,1.660483921164655,20.351489431088112,150.27857465387407,64.17359269980139,0.0,0.000167779231124765,Support Only,Feasible,11
0.9,0.6,0.8,97.8,68.0,5,6,0.9417419615935468,1.0006274741138663,5.0,8.330545138475912,0.2837447096235337,150.27857465387407,64.17359269980139,141.94802951539816,63.889847990177856,0.0,0.0,1.049871896149973,1.0494376867863078,0.9521507053461754,1.049871896149973,5.0,16.372246907721745,0.5401666274102865,150.27857465387407,64.17359269980139,0.0,0.09930958293628067,Support Only,Feasible,67
0.9,0.6,0.9,97.8,76.5,5,6,0.9409372224340458,1.0003619591257296,5.0,9.404235194836048,1.0972725480656536,150.27857465387407,53.758720222862465,140.87433945903803,52.66144767479681,0.0,0.0,1.0499384854402967,1.0497300770824722,0.9514560858868765,1.0499384854402969,5.0,17.23374072407333,1.2695914490219238,150.27857465387407,53.758720222862465,0.0,0.0996685625227689,Support Only,Feasible,67
0.9,0.6,1.0,97.8,85.0,5,6,0.9399698172493263,1.0,5.0,10.77262981759577,2.1670775030781826,150.27857465387407,38.951893407124665,139.5059448362783,36.78481590404648,0.0,0.0,1.0499978012578062,1.0369303996929866,0.9499999999591603,1.0499978010396505,5.0,22.787553449651455,-2.1097312099391488,150.27857465387407,38.951893407124665,0.0,0.08692820095079279,Support Only,Feasible,39
0.9,0.7,0.6,114.1,51.0,7,8,0.9461859248097957,1.0000000000000002,7.0,5.629473133783165,25.512225880923964,138.31008640008872,78.36612788698956,132.68061326630556,52.853902006065596,0.0,0.0,1.000000000000009,1.0039353851988264,0.9499999992642199,1.0039353851988266,7.0,5.421399833035508,26.2751783974619,138.31008640008872,78.36612788698956,0.0,0.003935385198835517,Support Only,Feasible,11
0.9,0.7,0.6,114.1,51.0,5,6,0.9418729664830626,1.0006838763465102,5.0,8.773200217317282,-0.40528240594771603,138.31008640008872,78.36612788698956,129.53688618277144,77.96084548104184,0.0,0.0,1.0498809491892136,1.0494794299405914,0.9522801748920259,1.0498809491892138,5.0,16.68908565108535,0.04781874704895017,138.31008640008872,78.36612788698956,0.0,0.099360379129805,Support Only,Feasible,67
0.9,0.7,0.7,114.1,59.49999999999999,7,8,0.9479080777239137,1.0,7.0,5.391526666019587,23.060049869624194,138.31008640008872,72.12489168102786,132.91855973406913,49.06484181140367,0.0,0.0,1.0,1.0021613491110335,0.9499999990660762,1.0021613491110335,7.0,5.277638208031334,23.475352959216607,138.31008640008872,72.12489168102786,0.0,0.002161349111033495,Support Only,Feasible,11
0.9,0.7,0.7,114.1,59.49999999999999,5,6,0.9411088566296786,1.0006126118928562,5.0,9.591811053625264,-0.008439731727179378,138.31008640008872,72.12489168102786,128.71827534646346,72.11645194930068,0.0,0.0,1.0499278944511443,1.0496848107749477,0.951614408653656,1.0499999990729352,5.0,17.33685012756618,0.3767859898617161,138.31008640008872,72.12489168102786,0.0,0.099612705226092,Support Only,Feasible,67
0.9,0.7,0.8,114.1,68.0,7,8,0.9494274265215724,1.0000000000000004,7.0,5.210729890694722,20.970970570198077,138.31008640008872,64.17359269980139,133.099356509394,43.20262212960331,0.0,0.0,1.0000000000000029,1.000592111967157,0.9500000000000002,1.000592111967157,7.0,5.179590766944585,21.083505112034757,138.31008640008872,64.17359269980139,0.0,0.000592111967159914,Support Only,Feasible,11
0.9,0.7,0.8,114.1,68.0,5,6,0.9401807962726179,1.0004170138900597,5.0,10.70579311728281,0.64317702919422,138.31008640008872,64.17359269980139,127.60429328280591,63.53041567060717,0.0,0.0,1.0499237806775752,1.049666757331443,0.9507784425051696,1.049923780677575,5.0,18.309034218029666,0.8787089265732959,138.31008640008872,64.17359269980139,0.0,0.09959053800901829,Support Only,Feasible,67
0.9,0.7,0.9,114.1,76.5,5,6,0.9390889615986487,1.0000964766130094,5.0,12.1166472240281,1.5507700820040355,138.31008640008872,53.758720222862465,126.19343917606062,52.20795014085843,0.0,1.451243948346506,1.0499999361120205,1.0499998503378933,0.9499999627767175,1.0499999361120205,5.0,19.24699778704945,1.563820888086397,138.31011073592762,55.766784155977646,1.451243948346506,0.09999978644991381,Headroom + Support,Feasible,257
0.9,0.7,1.0,114.1,85.0,5,6,0.9378327797898159,1.0000000000000002,5.0,13.827180687556393,2.7163356127683898,138.31008640008872,38.951893407124665,124.48290571253233,36.235557794356275,0.001503866117673046,9.950010062920684,1.05,1.0499999998786014,0.949999999995794,1.0499999999999998,5.0,19.246929452929635,1.5639280576255103,138.31132701260026,55.765123602878305,9.951513929038358,0.09999999987860142,Headroom + Support,Feasible,260
0.9,0.8,0.6,130.4,51.0,7,8,0.9456666133445107,1.0,7.0,10.263393269762346,26.335638350464066,123.06230129491324,78.36612788698956,112.7989080251509,52.030489536525494,0.0,0.0,1.0000000000000016,1.004470440935187,0.9499999999987513,1.0044704409351872,7.0,10.02382849199033,27.205508757576368,123.06230129491324,78.36612788698956,0.0,0.004470440935188558,Support Only,Feasible,13
0.9,0.8,0.6,130.4,51.0,5,6,0.9403141561247282,1.0004575501201118,5.0,11.413852538591968,-0.018887776306556248,123.06230129491324,78.36612788698956,111.64844875632127,78.347240110683,0.0,0.0,1.0499695418114086,1.0498674508629136,0.9509252344648558,1.0499999998568477,5.0,18.830499796582203,0.45398268436470346,123.06230129491324,78.36612788698956,0.0,0.09983699267432211,Support Only,Feasible,67
0.9,0.8,0.7,130.4,59.49999999999999,7,8,0.9473886619612195,1.0000000000000002,7.0,10.032317278063474,23.883997281604834,123.06230129491324,72.12489168102786,113.02998401684977,48.24089439942303,0.0,0.0,1.0000000000000013,1.0026975560380125,0.9499999999998152,1.002697556038013,7.0,9.88824567668901,24.404288938837396,123.06230129491324,72.12489168102786,0.0,0.002697556038013804,Support Only,Feasible,13
0.9,0.8,0.7,130.4,59.49999999999999,5,6,0.9392616785883424,1.0003313210960971,5.0,12.570673387183362,0.47187046440652125,123.06230129491324,72.12489168102786,110.49162790772988,71.65302121662134,0.0,0.14185976311294732,1.05,1.049935532801062,0.9500000000009152,1.0499999999999998,5.0,19.81553375656867,0.8211594860937055,123.06230129700296,72.24168594113826,0.14185976311294732,0.09993553280106204,Headroom + Support,Feasible,170
0.9,0.8,0.8,130.4,68.0,7,8,0.948907153967233,1.0,7.0,9.859273856460888,21.79663884800081,123.06230129491324,64.17359269980139,113.20302743845235,42.37695385180058,0.0,0.0,1.0000000000000007,1.0011299561690474,0.9499999999999978,1.0011299561690474,7.0,9.799041350772242,22.012225452512368,123.06230129491324,64.17359269980139,0.0,0.0011299561690480964,Support Only,Feasible,13
0.9,0.8,0.8,130.4,68.0,5,6,0.9380437699817182,1.000079946660735,5.0,14.027469860702254,1.2188340658800456,123.06230129491324,64.17359269980139,109.03483143421099,62.954758633921344,0.0,8.641859728074028,1.0499999999931253,1.0499355329608697,0.9499999999999016,1.0499999999999023,5.0,19.81553373994474,0.8211595093824258,123.06230129491324,72.24168591618329,8.641859728074028,0.09993553295399504,Headroom + Support,Feasible,439
0.9,0.8,0.9,130.4,76.5,5,6,0.9366593146359788,1.0000000000000002,5.0,15.787489011503922,2.223813637503035,123.06230129491324,53.758720222862465,107.27481228340932,51.53490658535943,0.0,17.141859732780414,1.05,1.0499355328762268,0.9499999999999903,1.05,5.0,19.815533739989363,0.8211595092859767,123.06230129491324,72.24168591654337,17.141859732780414,0.0999355328762268,Headroom + Support,Feasible,358
0.9,0.8,1.0,130.4,85.0,5,6,0.9351063950097062,1.0,5.0,17.855391804127706,3.4894518851423015,123.06230129491324,38.951893407124665,105.20690949078553,35.46244152198236,0.0,25.641860246508823,1.049999999994646,1.0499355315095722,0.9499999999992509,1.049999999999646,5.0,19.81553412273162,0.8211590176203458,123.06230129491324,72.24168634043244,25.641860246508823,0.0999355315042183,Headroom + Support,Feasible,182
0.9,0.9,0.6,146.70000000000002,51.0,7,8,0.9450285240714202,1.0,7.0,16.064280948473098,27.34728652322552,103.09025172148915,78.36612788698956,87.02597077301606,51.01884136376404,0.0,0.0,1.004344078926495,1.0049425418881293,0.9499999999984124,1.0049425418881293,9.0,16.61518590787179,28.027037288390872,103.09025172148915,78.36612788698956,0.0,0.00928662081462428,Support Only,Feasible,50
0.9,0.9,0.6,146.70000000000002,51.0,5,6,0.9381791656340396,1.0001042933607969,5.0,15.004201004089381,0.5842087016113879,103.09025172148915,78.36612788698956,88.08605071739977,77.78191918537817,3.8751169168784516,3.890654179704222,1.0499999999998295,1.0499999999999148,0.9499999999984924,1.049999999999915,5.0,20.607404067279546,0.7364444979163949,108.39530788873041,80.76484096674606,7.765771096582673,0.0999999999997443,Headroom + Support,Feasible,338
0.9,0.9,0.7,146.70000000000002,59.49999999999999,7,8,0.9467525616646515,1.0000000000000002,7.0,15.83840800686066,24.892945608177413,103.09025172148915,72.12489168102786,87.25184371462849,47.23194607285045,0.0,0.0,1.0037472982373747,1.0031964476357011,0.9499999704908588,1.0037472982373745,7.0,16.37230846217504,25.269509222750543,103.09025172148915,72.12489168102786,0.0,0.0069437458730758905,Support Only,Feasible,71
0.9,0.9,0.7,146.70000000000002,59.49999999999999,5,6,0.9368330141709456,1.0,5.0,16.510870335479837,1.1719031070871324,103.09025172148915,72.12489168102786,86.57938138600932,70.95298857394073,3.627229928128913,12.63854328044934,1.0499999999986696,1.049999999999523,0.9500000000058534,1.049999999999523,5.0,20.62712919573582,0.7383700877080486,108.06790672517678,80.90892332815758,16.265773208578253,0.09999999999819265,Headroom + Support,Feasible,244
0.9,0.9,0.8,146.70000000000002,68.0,7,8,0.9482039606574086,1.0,9.0,15.671849684528098,22.80453488852382,103.09025172148915,64.17359269980139,87.41840203696106,41.36905781127757,0.0,0.0,1.003370710647059,1.001646447681629,0.9499999694518972,1.003370710647059,7.0,16.219217830496632,22.90505372834997,103.09025172148915,64.17359269980139,0.0,0.005017158328687987,Support Only,Feasible,55
0.9,0.9,0.8,146.70000000000002,68.0,5,6,0.9353175068983262,1.0,5.0,18.32534845419795,2.0182144066101557,103.09025172148915,64.17359269980139,84.7649032672912,62.155378293191234,3.7536564724331867,21.012100604233883,1.0499999999997385,1.049999999999926,0.9499999999978885,1.0499999999999263,5.0,20.61705135333264,0.7373675538116657,108.23508152211491,80.83555721570406,24.765757076667068,0.09999999999966458,Headroom + Support,Feasible,454
0.9,0.9,0.9,146.70000000000002,76.5,7,8,0.9484456242947027,1.0,9.0,15.561926443809128,21.068675058834174,103.09025172148915,53.758720222862465,87.52832527768003,32.69004516402829,0.0,0.0,1.0032061415120914,1.0002869801601404,0.9499999999937841,1.0032061415120919,9.0,16.15235931724419,20.921135153786963,103.09025172148915,53.758720222862465,0.0,0.0034931216722318137,Support Only,Feasible,45
0.9,0.9,0.9,146.70000000000002,76.5,5,6,0.9336300983012416,1.0000000000000002,5.0,20.45287063159961,3.1256350963181347,103.09025172148915,53.758720222862465,82.63738108988954,50.63308512654433,3.8369354754721243,29.428828119279363,1.0499999999997056,1.05,0.9499999999999782,1.05,5.0,20.610433053963547,0.7367304298067126,108.34498047745721,80.78709536662187,33.26576359475149,0.09999999999970566,Headroom + Support,Feasible,451
0.9,0.9,1.0,146.70000000000002,85.0,7,8,0.9485677347088607,1.0,9.0,15.506383667978014,19.67422902210467,103.09025172148915,38.951893407124665,87.58386805351114,19.277664385019996,0.0,0.0,1.0030229972377063,1.0000000000000022,0.949999998090398,1.0030229972377063,9.0,16.07798536297949,19.48591539578439,103.09025172148915,38.951893407124665,0.0,0.0030229972377084913,Support Only,Feasible,11
0.9,0.9,1.0,146.70000000000002,85.0,5,6,0.9317673313524384,1.0,5.0,22.900272836395814,4.497553438369906,103.09025172148915,38.951893407124665,80.18997888509334,34.45433996875476,3.878882512217782,37.88606262113032,1.05,1.05,0.9499999017640056,1.0500000000000003,5.0,20.60720204113663,0.7364365753964393,108.40026937024238,80.76216258038134,41.76494513334811,0.10000000000000009,Headroom + Support,Feasible,375
0.9,1.0,0.6,163.0,51.0,7,8,0.939840189572,1.0,9.0,23.110876475366595,28.559031652216845,74.69598382778022,78.36612788698956,51.58510735241363,49.807096234772715,0.0,0.0,1.0194492231911623,1.0050579413917171,0.9499999908423418,1.0194492231911623,7.0,26.29521857541566,28.228169563289654,74.69598382778022,78.36612788698956,0.0,0.02450716458287938,Support Only,Feasible,53
0.9,1.0,0.6,163.0,51.0,5,6,0.9354546390924003,1.0000000000000002,5.0,19.57488920733563,1.4116440475117145,74.69598382778022,78.36612788698956,55.121094620444595,76.95448383947785,20.435827308525013,3.6299087381547257,1.0499999999998262,1.0499999977818344,0.9499999805840464,1.0499999999998262,5.0,20.58683105437501,0.7345990436069769,108.73797251370598,80.61218552043567,24.06573604667974,0.09999999778166058,Headroom + Support,Feasible,143
0.9,1.0,0.7,163.0,59.49999999999999,7,8,0.9403247783478446,1.0,9.0,22.888411753554863,26.098527557701217,74.69598382778022,72.12489168102786,51.80757207422536,46.026364123326644,0.0,0.0,1.0189177966551195,1.0033166153759137,0.9499999990428062,1.0189177966551195,7.0,26.07598465642971,25.477984711849444,74.69598382778022,72.12489168102786,0.0,0.022234412031033157,Support Only,Feasible,65
0.9,1.0,0.7,163.0,59.49999999999999,5,6,0.9338046922904099,1.0,5.0,21.449397160111317,2.1010200889079726,74.69598382778022,72.12489168102786,53.24658666766891,70.02387159211989,19.01717841284286,13.549634447392771,1.05,1.05,0.9499999999789493,1.0500000000000003,5.0,20.700761093703775,0.7468457054399096,106.85240796444826,81.42980968651327,32.56681286023563,0.10000000000000009,Headroom + Support,Feasible,440
0.9,1.0,0.8,163.0,68.0,7,8,0.9406763625474336,1.0,9.0,22.72701095871774,24.00610583252808,74.69598382778022,64.17359269980139,51.96897286906248,40.16748686727331,0.0,0.0,1.0186021953556288,1.0017711873120752,0.9499999999956549,1.0186021953556288,9.0,25.945915094242082,23.120740539537906,74.69598382778022,64.17359269980139,0.0,0.020373382667703943,Support Only,Feasible,56
0.9,1.0,0.8,163.0,68.0,5,6,0.9319786883170074,1.0000000000000002,5.0,23.64332660879107,3.052559207672175,74.69598382778022,64.17359269980139,51.052657218989154,61.121033492129214,20.404550155587902,20.66132609661162,1.05,1.05,0.9499999999989155,1.0500000000000003,5.0,20.589273514969562,0.7348080092358629,108.69695342404847,80.63063904663449,41.06587625219952,0.10000000000000009,Headroom + Support,Feasible,160
0.9,1.0,0.9,163.0,76.5,7,8,0.9409009639330534,1.0,9.0,22.623905692325962,22.268213373904686,74.69598382778022,53.758720222862465,52.07207813545426,31.49050684895778,0.0,0.0,1.0184944450582896,1.000416231262856,0.94999999999265,1.0184944450582896,9.0,25.90152954267171,21.143963648181852,74.69598382778022,53.758720222862465,0.0,0.018910676321145514,Support Only,Feasible,54
0.9,1.0,0.9,163.0,76.5,5,6,0.9299723982492645,1.0,5.0,26.16430265270664,4.2695563014520275,74.69598382778022,53.758720222862465,48.53168117507359,49.48916392141044,13.429288488352302,36.17989224255092,1.049999999995,1.049999999995,0.9499999999356801,1.049999999995,5.0,21.195171059503124,0.847997216896303,98.87918010329307,84.35958102330581,49.60918073090322,0.09999999999000009,Headroom + Support,Feasible,160
0.9,1.0,1.0,163.0,85.0,7,8,0.9410036417565617,1.0,9.0,22.576771010078886,20.87357831340561,74.69598382778022,38.951893407124665,52.11921281770134,18.078315093719056,0.0,0.0,1.0184010241872623,1.0000000000000195,0.9499999998532406,1.0184010241872623,9.0,25.86305577330222,19.689005859753188,74.69598382778022,38.951893407124665,0.0,0.018401024187281845,Support Only,Feasible,11
0.9,1.0,1.0,163.0,85.0,5,6,0.9277804910856703,1.0,5.0,29.0218513413014,5.756301442007633,74.69598382778022,38.951893407124665,45.674132486478825,33.19559196511703,20.068842541417702,37.99663911254346,1.04999999714347,1.0499999970563756,0.9499999666484061,1.04999999714347,5.0,20.615875018904404,0.7372565401418569,108.25513487844333,80.82656781828314,58.065481653961164,0.09999999419984551,Headroom + Support,Feasible,359
0.95,0.6,0.6,97.8,51.0,7,8,0.9392025609654562,1.0,7.0,4.192087519431254,31.44858810977661,150.27857465387407,78.36612788698956,146.08648713444282,46.91753977721295,0.0,0.0,1.0,1.0110297276599267,0.9499999997609646,1.0110297276599267,7.0,3.6049859948106757,33.579326777298576,150.27857465387407,78.36612788698956,0.0,0.011029727659926714,Support Only,Feasible,11
0.95,0.6,0.6,97.8,51.0,5,6,0.9368519835935324,1.0,5.0,9.975188289532213,1.0437309994232464,150.27857465387407,78.36612788698956,140.30338636434186,77.32239688756631,,,,,,,,,,,,,,Escalate,No Feasible Solution,496
0.95,0.6,0.7,97.8,59.49999999999999,7,8,0.9411013552730488,1.0,7.0,3.8811868011877664,28.73411378777189,150.27857465387407,72.12489168102786,146.3973878526863,43.39077789325597,0.0,0.0,1.000000000000001,1.009105197472716,0.949999999655242,1.009105197472716,7.0,3.398840039803531,30.479279167209512,150.27857465387407,72.12489168102786,0.0,0.009105197472717208,Support Only,Feasible,11
0.95,0.6,0.7,97.8,59.49999999999999,5,6,0.9365454377695698,1.0000000000000002,5.0,10.290069353694037,1.2905773034771642,150.27857465387407,72.12489168102786,139.98850530018004,70.8343143775507,,,,,,,,,,,,,,Escalate,No Feasible Solution,812
0.95,0.6,0.8,97.8,68.0,7,8,0.9427854280424794,1.0000000000000002,7.0,3.6307394261575894,26.39955375132584,150.27857465387407,64.17359269980139,146.64783522771648,37.77403894847555,0.0,0.0,1.0000000000000022,1.0073908997559,0.9499999995292053,1.0073908997558998,7.0,3.240473691294767,27.801953799841556,150.27857465387407,64.17359269980139,0.0,0.007390899755902236,Support Only,Feasible,11
0.95,0.6,0.8,97.8,68.0,5,6,0.9360684534145898,1.0000000000000004,5.0,10.902968063557296,1.7936878130684022,150.27857465387407,64.17359269980139,139.37560659031678,62.37990488673299,,,,,,,,,,,,,,Escalate,No Feasible Solution,649
0.95,0.6,0.9,97.8,76.5,7,8,0.9442648263929312,1.0,7.0,3.4376677925262697,24.429376030641848,150.27857465387407,53.758720222862465,146.8409068613478,29.329344192220617,0.0,0.0,1.0000000000000067,1.0058798425604238,0.9499999993828373,1.0058798425604238,7.0,3.1277518778816784,25.5315500416295,150.27857465387407,53.758720222862465,0.0,0.005879842560430504,Support Only,Feasible,11
0.95,0.6,0.9,97.8,76.5,5,6,0.9354231684844722,1.0,5.0,11.812955485086093,2.5533850240125773,150.27857465387407,53.758720222862465,138.46561916878798,51.20533519884989,,,,,,,,,,,,,,Escalate,No Feasible Solution,425
0.95,0.6,1.0,97.8,85.0,7,8,0.9455479641026404,1.0000000000000004,7.0,3.2993732519717014,22.810610635409425,150.27857465387407,38.951893407124665,146.97920140190237,16.14128277171524,0.0,0.0,1.0000000000000109,1.0045659423477293,0.9499999992274925,1.0045659423477291,7.0,3.058823585630563,23.654379716976678,150.27857465387407,38.951893407124665,0.0,0.004565942347740215,Support Only,Feasible,11
0.95,0.6,1.0,97.8,85.0,5,6,0.9346109216672128,1.0000000000000002,5.0,13.020407859812849,3.570786351120745,150.27857465387407,38.951893407124665,137.25816679406122,35.38110705600392,,,,,,,,,,,,,,Escalate,No Feasible Solution,779
0.95,0.7,0.6,114.1,51.0,7,8,0.938815322140204,1.0000000000000002,7.0,7.6705366683360126,32.059129607549536,138.31008640008872,78.36612788698956,130.6395497317527,46.30699827944002,0.0,0.0,1.0,1.0114240454594865,0.9499999997726952,1.0114240454594865,7.0,7.057192888086689,34.27241487407973,138.31008640008872,78.36612788698956,0.0,0.011424045459486498,Support Only,Feasible,11
0.95,0.7,0.6,114.1,51.0,5,6,0.9361796523241391,1.0000000000000002,5.0,11.431816283278408,1.147035339441942,138.31008640008872,78.36612788698956,126.87827011681031,77.21909254754762,,,,,,,,,,,,,,Escalate,No Feasible Solution,979
0.95,0.7,0.7,114.1,59.49999999999999,7,8,0.9407120085450691,1.0,7.0,7.367863130168928,29.348293292922335,138.31008640008872,72.12489168102786,130.9422232699198,42.776598388105526,0.0,0.0,1.0000000000000144,1.0095025810597036,0.9499999996689166,1.0095025810597034,7.0,6.860095484393639,31.175038349911944,138.31008640008872,72.12489168102786,0.0,0.009502581059718018,Support Only,Feasible,11
0.95,0.7,0.7,114.1,59.49999999999999,5,6,0.9355770072228553,1.0000000000000004,5.0,12.083685765553355,1.4878386376446429,138.31008640008872,72.12489168102786,126.22640063453537,70.63705304338322,,,,,,,,,,,,,,Escalate,No Feasible Solution,783
0.95,0.7,0.8,114.1,68.0,7,8,0.9423935140702625,1.0,7.0,7.126157383131812,27.018089453338007,138.31008640008872,64.17359269980139,131.1839290169569,37.15550324646338,0.0,0.0,1.0,1.0077915960915929,0.9499999995487051,1.0077915960915929,7.0,6.711143515484423,28.50104294691063,138.31008640008872,64.17359269980139,0.0,0.007791596091592856,Support Only,Feasible,11
0.95,0.7,0.8,114.1,68.0,5,6,0.9348059363325744,1.0000000000000002,5.0,13.034073918218326,2.0850737977288105,138.31008640008872,64.17359269980139,125.2760124818704,62.08851890207258,,,,,,,,,,,,,,Escalate,No Feasible Solution,620
0.95,0.7,0.9,114.1,76.5,7,8,0.9438699094909087,1.0,7.0,6.94232603346552,25.05295126381708,138.31008640008872,53.758720222862465,131.3677603666232,28.705768959045386,0.0,0.0,1.0,1.0062840917546225,0.9499999994085062,1.0062840917546225,7.0,6.6081963287228405,26.23460854475441,138.31008640008872,53.758720222862465,0.0,0.006284091754622523,Support Only,Feasible,11
0.95,0.7,0.9,114.1,76.5,5,6,0.933867253800268,1.0000000000000002,5.0,14.283722413892747,2.939649814254736,138.31008640008872,53.758720222862465,124.02636398619597,50.81907040860773,,,,,,,,,,,,,,Escalate,No Feasible Solution,1316
0.95,0.7,1.0,114.1,85.0,7,8,0.9451496246079883,1.0000000000000002,7.0,6.813759447654206,23.43988560914611,138.31008640008872,38.951893407124665,131.49632695243452,15.512007797978555,0.0,0.0,1.0,1.0049739803553253,0.9499999992627097,1.0049739803553253,7.0,6.549399450371823,24.36203421374819,138.31008640008872,38.951893407124665,0.0,0.004973980355325258,Support Only,Feasible,11
0.95,0.7,1.0,114.1,85.0,5,6,0.9327609888502465,1.0000000000000002,5.0,15.834701003253286,4.053280932522377,138.31008640008872,38.951893407124665,122.47538539683543,34.89861247460229,,,,,,,,,,,,,,Escalate,No Feasible Solution,383
0.95,0.8,0.6,130.4,51.0,7,8,0.9383097739224717,1.0000000000000002,7.0,12.26853516551428,32.8561389672269,123.06230129491324,78.36612788698956,110.79376612939896,45.50998891976266,0.0,0.0,1.0,1.0119382878138883,0.9499999997825843,1.011938287813888,7.0,11.619094118921723,35.17709071698711,123.06230129491324,78.36612788698956,0.0,0.011938287813888282,Support Only,Feasible,11
0.95,0.8,0.6,130.4,51.0,5,6,0.9349199806441746,1.0000000000000002,5.0,13.828455583263306,1.4654665553787538,123.06230129491324,78.36612788698956,109.23384571164993,76.9006613316108,,,,,,,,,,,,,,Escalate,No Feasible Solution,731
0.95,0.8,0.7,130.4,59.49999999999999,7,8,0.94020671458016,1.0000000000000002,7.0,11.972007553922722,30.1453105120182,123.06230129491324,72.12489168102786,111.09029374099052,41.97958116900966,0.0,0.0,1.000000000000023,1.0100178463649245,0.9499999999582249,1.0100178463649248,7.0,11.429609553779116,32.07799331129323,123.06230129491324,72.12489168102786,0.0,0.010017846364947625,Support Only,Feasible,14
0.95,0.8,0.7,130.4,59.49999999999999,5,6,0.9340224836360494,1.0000000000000004,5.0,14.821272462969844,1.9011335634655353,123.06230129491324,72.12489168102786,108.2410288319434,70.22375811756233,,,,,,,,,,,,,,Escalate,No Feasible Solution,1470
0.95,0.8,0.8,130.4,68.0,7,8,0.9418876949262442,1.0000000000000004,7.0,11.737354058192935,27.81633090571401,123.06230129491324,64.17359269980139,111.3249472367203,36.35726179408738,0.0,0.0,1.0,1.0083083632610426,0.9499999999807466,1.0083083632610426,7.0,11.288936396360569,29.403448270805114,123.06230129491324,64.17359269980139,0.0,0.008308363261042562,Support Only,Feasible,13
0.95,0.8,0.8,130.4,68.0,5,6,0.932956160724627,1.0000000000000002,5.0,16.1160864432063,2.594313556585405,123.06230129491324,64.17359269980139,106.94621485170694,61.579279143215985,,,,,,,,,,,,,,Escalate,No Feasible Solution,484
0.95,0.8,0.9,130.4,76.5,7,8,0.9433628451882766,1.0,7.0,11.56143780294839,25.853543335783073,123.06230129491324,53.758720222862465,111.50086349196485,27.905176887079392,0.0,0.0,1.0,1.0068028100196456,0.9499999999916642,1.0068028100196456,7.0,11.194910319469258,27.13756528254119,123.06230129491324,53.758720222862465,0.0,0.006802810019645555,Support Only,Feasible,13
0.95,0.8,0.9,130.4,76.5,5,6,0.9317204904702846,1.0000000000000004,5.0,17.715394062726844,3.546528316430255,123.06230129491324,53.758720222862465,105.3469072321864,50.21219190643221,,,,,,,,,,,,,,Escalate,No Feasible Solution,679
0.95,0.8,1.0,130.4,85.0,7,8,0.94464063997224,1.0,7.0,11.441615502683604,24.243887258085444,123.06230129491324,38.951893407124665,111.62068579222964,14.708006149039221,0.0,0.0,1.0000000000000009,1.00549507565426,0.9499999999966211,1.00549507565426,7.0,11.145658189256508,25.266588510965057,123.06230129491324,38.951893407124665,0.0,0.005495075654260884,Support Only,Feasible,13
0.95,0.8,1.0,130.4,85.0,5,6,0.930314132841255,1.0000000000000002,5.0,19.623104505368147,4.760135443364774,123.06230129491324,38.951893407124665,103.4391967895451,34.19175796375989,,,,,,,,,,,,,,Escalate,No Feasible Solution,1442
0.95,0.9,0.6,146.70000000000002,51.0,7,8,0.9376807538000463,1.0,7.0,18.04322747769463,33.84770177234488,103.09025172148915,78.36612788698956,85.04702424379452,44.51842611464468,0.0,0.0,1.011598629598652,1.0120828973912837,0.9499999999616588,1.0120828973912837,9.0,19.594553089336642,35.41899476423116,103.09025172148915,78.36612788698956,0.0,0.023681526989935753,Support Only,Feasible,44
0.95,0.9,0.6,146.70000000000002,51.0,5,6,0.9330725972438828,1.0000000000000004,5.0,17.179415740874305,2.0023048372140977,103.09025172148915,78.36612788698956,85.91083598061485,76.36382304977546,,,,,,,,,,,,,,Escalate,No Feasible Solution,870
0.95,0.9,0.7,146.70000000000002,59.49999999999999,7,8,0.9395804140666296,1.0000000000000002,7.0,17.750681453287754,31.133093973000783,103.09025172148915,72.12489168102786,85.3395702682014,40.99179770802708,0.0,0.0,1.0107588756564823,1.010196663351898,0.9499999868355884,1.0107588756564823,7.0,19.247131446953645,32.391586735868884,103.09025172148915,72.12489168102786,0.0,0.02095553900838021,Support Only,Feasible,73
0.95,0.9,0.7,146.70000000000002,59.49999999999999,5,6,0.931876897174228,1.0,5.0,18.522797754424886,2.5352882372501426,103.09025172148915,72.12489168102786,84.56745396706427,69.58960344377772,,,,,,,,,,,,,,Escalate,No Feasible Solution,1033
0.95,0.9,0.8,146.70000000000002,68.0,7,8,0.9412629948277225,1.0000000000000004,7.0,17.52135478183972,28.802080053188178,103.09025172148915,64.17359269980139,85.56889693964943,35.37151264661321,0.0,0.0,1.0101463535442898,1.0085189741215759,0.9499999999904486,1.01014635354429,9.0,18.994138854106282,29.77140731420222,103.09025172148915,64.17359269980139,0.0,0.018665327665865705,Support Only,Feasible,56
0.95,0.9,0.8,146.70000000000002,68.0,5,6,0.9305094733629659,1.0000000000000002,5.0,20.17486903013085,3.327844735221859,103.09025172148915,64.17359269980139,82.9153826913583,60.84574796457953,,,,,,,,,,,,,,Escalate,No Feasible Solution,703
0.95,0.9,0.9,146.70000000000002,76.5,7,8,0.9427387239250574,1.0000000000000002,7.0,17.352036321903483,26.838854454713967,103.09025172148915,53.758720222862465,85.73821539958567,26.919865768148497,0.0,0.0,1.0097538697979673,1.0070353799008458,0.9499999999810241,1.009753869797967,9.0,18.8322162349518,27.542630818647893,103.09025172148915,53.758720222862465,0.0,0.016789249698813125,Support Only,Feasible,53
0.95,0.9,0.9,146.70000000000002,76.5,5,6,0.9289683654575849,1.0,5.0,22.140081940364638,4.382170041654241,103.09025172148915,53.758720222862465,80.95016978112452,49.37655018120822,,,,,,,,,,,,,,Escalate,No Feasible Solution,883
0.95,0.9,1.0,146.70000000000002,85.0,7,8,0.9440161513786607,1.0000000000000002,7.0,17.240024041908967,25.23024210340335,103.09025172148915,38.951893407124665,85.85022767958019,13.721651303721316,0.0,0.0,1.009573156061138,1.005740529550719,0.9499999351749103,1.0095731560611383,9.0,18.757739835997953,25.693029517557413,103.09025172148915,38.951893407124665,0.0,0.015313685611856975,Support Only,Feasible,61
0.95,0.9,1.0,146.70000000000002,85.0,5,6,0.927250705013793,1.0,5.0,24.424461942440914,5.701350809401191,103.09025172148915,38.951893407124665,78.66578977904824,33.250542597723474,,,,,,,,,,,,,,Escalate,No Feasible Solution,755
0.95,1.0,0.6,163.0,51.0,7,8,0.9355647253685409,1.0,9.0,25.073951068999264,35.04590095579955,74.69598382778022,78.36612788698956,49.62203275878096,43.32022693119001,0.0,0.0,1.026250782493393,1.0121739212339325,0.9499999999993048,1.026250782493393,9.0,29.124996000436,35.59182611675652,74.69598382778022,78.36612788698956,0.0,0.03842470372732554,Support Only,Feasible,52
0.95,1.0,0.6,163.0,51.0,5,6,0.9306278750005815,1.0000000000000007,5.0,21.511428123689512,2.764127469744338,74.69598382778022,78.36612788698956,53.18455570409071,75.60200041724522,,,,,,,,,,,,,,Escalate,No Feasible Solution,603
0.95,1.0,0.7,163.0,59.49999999999999,7,8,0.9361982829438072,1.0,9.0,24.78301998338266,32.32345489806971,74.69598382778022,72.12489168102786,49.91296384439757,39.80143678295815,0.0,0.0,1.0254796562738822,1.010300769555061,0.9499999999980077,1.0254796562738822,9.0,28.801945251272045,32.57411680796068,74.69598382778022,72.12489168102786,0.0,0.03578042582894314,Support Only,Feasible,44
0.95,1.0,0.7,163.0,59.49999999999999,5,6,0.9291257469341015,1.0,5.0,23.221262689992244,3.3985867741277644,74.69598382778022,72.12489168102786,51.47472113778798,68.7263049069001,,,,,,,,,,,,,,Escalate,No Feasible Solution,904
0.95,1.0,0.8,163.0,68.0,7,8,0.9366901395160285,1.0,9.0,24.55716646844901,29.986925148274707,74.69598382778022,64.17359269980139,50.13881735933121,34.18666755152668,0.0,0.0,1.0249331527479058,1.0086277666276642,0.949999998639042,1.0249331527479053,9.0,28.573341555553085,29.961664903696217,74.69598382778022,64.17359269980139,0.0,0.03356091937556993,Support Only,Feasible,66
0.95,1.0,0.8,163.0,68.0,5,6,0.927446232719013,1.0000000000000002,5.0,25.250164436863656,4.295790364761345,74.69598382778022,64.17359269980139,49.44581939091657,59.877802335040045,,,,,,,,,,,,,,Escalate,No Feasible Solution,882
0.95,1.0,0.9,163.0,76.5,7,8,0.937047515288504,1.0000000000000004,9.0,24.39306907576129,28.020292583770114,74.69598382778022,53.758720222862465,50.302914752018935,25.73842763909235,0.0,0.0,1.0246022133134625,1.0071488779879099,0.9499999996881144,1.0246022133134625,7.0,28.435046695972005,27.740494278022794,74.69598382778022,53.758720222862465,0.0,0.031751091301372325,Support Only,Feasible,59
0.95,1.0,0.9,163.0,76.5,5,6,0.9255857151630986,1.0,5.0,27.604893934698595,5.458713787519805,74.69598382778022,53.758720222862465,47.09108989308163,48.30000643534266,,,,,,,,,,,,,,Escalate,No Feasible Solution,1218
0.95,1.0,1.0,163.0,85.0,7,8,0.9372764773582638,1.0,9.0,24.28793778984432,26.410215801957257,74.69598382778022,38.951893407124665,50.408046037935904,12.541677605167408,0.0,0.0,1.024478925636152,1.005858757185588,0.9499999995433457,1.0244789256361517,9.0,28.38355377885543,25.898406182607438,74.69598382778022,38.951893407124665,0.0,0.030337682821739875,Support Only,Feasible,71
0.95,1.0,1.0,163.0,85.0,5,6,0.9235395129930827,1.0000000000000002,5.0,30.294047449862035,6.891311137945856,74.69598382778022,38.951893407124665,44.40193637791819,32.06058226917881,,,,,,,,,,,,,,Escalate,No Feasible Solution,891
1.0,0.6,0.6,97.8,51.0,6,7,0.9450640644435327,1.0055419217755763,7.0,37.57225934169523,-8.69914413184243,150.27857465387407,78.36612788698956,112.70631531217884,69.66698375514713,0.0,0.0,1.0499974085797872,1.0499277677479484,0.9818539850779942,1.0499998580178325,9.0,45.9437484259054,0.5622524227190837,150.27857465387407,78.36612788698956,0.0,0.09992517632773557,Support Only,Feasible,88
1.0,0.6,0.6,97.8,51.0,7,8,0.9314481195086202,1.0,7.0,6.405405850604353,38.438265676283535,150.27857465387407,78.36612788698956,143.87316880326972,39.927862210706024,0.0,0.0,1.0000000000000069,1.0187459699995696,0.9499999999677072,1.0187459699995696,7.0,5.389664907130623,42.04827995629144,150.27857465387407,78.36612788698956,0.0,0.01874596999957645,Support Only,Feasible,11
1.0,0.6,0.6,97.8,51.0,8,2,0.9405384685064556,1.0,9.0,0.0,18.205235556996143,150.27857465387407,78.36612788698956,150.27857465387407,60.160892329993416,0.0,0.0,1.0,1.0214336903541645,0.949999999999587,1.0214336903541645,9.0,0.0,24.082194679970428,150.27857465387407,78.36612788698956,0.0,0.021433690354164536,Support Only,Feasible,11
1.0,0.6,0.6,97.8,51.0,5,6,0.9304557835594844,1.0000000000000002,5.0,13.085729851125762,2.7334938367784645,150.27857465387407,78.36612788698956,137.1928448027483,75.6326340502111,,,,,,,,,,,,,,Escalate,No Feasible Solution,156
1.0,0.6,0.7,97.8,59.49999999999999,6,7,0.94495918377161,1.0057167500100777,7.0,37.731723643440176,-8.723838979002252,150.27857465387407,72.12489168102786,112.5468510104339,63.40105270202561,0.0,0.0,1.0499874585538036,1.0496488834806914,0.9815165406236277,1.0499999985569015,9.0,46.105473967089296,0.31248515811329014,150.27857465387407,72.12489168102786,0.0,0.099636342034495,Support Only,Feasible,67
1.0,0.6,0.7,97.8,59.49999999999999,7,8,0.9335391274999373,1.0,7.0,6.024239304633738,35.44182561704049,150.27857465387407,72.12489168102786,144.25433534924034,36.68306606398737,0.0,0.0,1.0,1.0166668426165402,0.9499999999375893,1.0166668426165404,7.0,5.126823305171655,38.63059680910109,150.27857465387407,72.12489168102786,0.0,0.016666842616540167,Support Only,Feasible,11
1.0,0.6,0.7,97.8,59.49999999999999,8,2,0.9425750697025701,1.0000000000000002,9.0,0.0,16.332770965987223,150.27857465387407,72.12489168102786,150.27857465387407,55.79212071504064,0.0,0.0,1.0,1.0168833976961744,0.9499999999896304,1.0168833976961744,9.0,0.0,20.9098959314545,150.27857465387407,72.12489168102786,0.0,0.016883397696174418,Support Only,Feasible,11
1.0,0.6,0.7,97.8,59.49999999999999,5,6,0.9303297170988047,1.0,5.0,13.222676708087363,2.920623907023,150.27857465387407,72.12489168102786,137.0558979457867,69.20426777400486,,,,,,,,,,,,,,Escalate,No Feasible Solution,316
1.0,0.6,0.8,97.8,68.0,6,7,0.9448221478284378,1.005747769934703,7.0,37.94007501578133,-8.460862807243345,150.27857465387407,64.17359269980139,112.33849963809274,55.712729892558045,0.0,0.0,1.049974839918555,1.0492935331035547,0.9810727213012278,1.0499748399185551,9.0,46.318392670246084,0.3167123276405164,150.27857465387407,64.17359269980139,0.0,0.09926837302210956,Support Only,Feasible,67
1.0,0.6,0.8,97.8,68.0,7,8,0.9354007228973341,1.0,7.0,5.708104848585577,32.84604467627172,150.27857465387407,64.17359269980139,144.5704698052885,31.327548023529673,0.0,0.0,1.000000000000014,1.014804612291298,0.949999999894462,1.014804612291298,7.0,4.914622862232903,35.653382530321295,150.27857465387407,64.17359269980139,0.0,0.014804612291311914,Support Only,Feasible,11
1.0,0.6,0.8,97.8,68.0,8,2,0.9443898739291118,1.0,9.0,0.0,14.73970268274239,150.27857465387407,64.17359269980139,150.27857465387407,49.433890017059,0.0,0.0,1.0000000000000056,1.0127943072259726,0.9499999999487816,1.0127943072259726,9.0,0.0,18.166140200744152,150.27857465387407,64.17359269980139,0.0,0.012794307225978185,Support Only,Feasible,11
1.0,0.6,0.8,97.8,68.0,5,6,0.9300264145241737,1.0,5.0,13.662829830329656,3.366342194298227,150.27857465387407,64.17359269980139,136.61574482354442,60.80725050550316,,,,,,,,,,,,,,Escalate,No Feasible Solution,389
1.0,0.6,0.9,97.8,76.5,6,7,0.9446531208913276,1.005634994475048,7.0,38.19706134358182,-7.910082583557134,150.27857465387407,53.758720222862465,112.08151331029225,45.84863763930533,0.0,0.0,1.049974561644917,1.0492836717823106,0.9805805057925123,1.0499745616449168,9.0,46.56072484611005,0.6764565454869214,150.27857465387407,53.758720222862465,0.0,0.09925823342722762,Support Only,Feasible,67
1.0,0.6,0.9,97.8,76.5,7,8,0.9370449257009035,1.0,7.0,5.4532957348483535,30.632476044776894,150.27857465387407,53.758720222862465,144.82527891902572,23.12624417808557,0.0,0.0,1.0,1.0131513236039058,0.9499999998388347,1.013151323603906,7.0,4.750574359276186,33.09857056693539,150.27857465387407,53.758720222862465,0.0,0.013151323603905807,Support Only,Feasible,11
1.0,0.6,0.9,97.8,76.5,8,2,0.9459922171793186,1.0000000000000002,9.0,0.0,13.418342115527096,150.27857465387407,53.758720222862465,150.27857465387407,40.34037810733537,0.0,0.0,1.0,1.0091597734486613,0.9499999998583148,1.0091597734486615,9.0,0.0,15.839496192835043,150.27857465387407,53.758720222862465,0.0,0.009159773448661257,Support Only,Feasible,11
1.0,0.6,0.9,97.8,76.5,5,6,0.9295488383872615,1.0,5.0,14.404377606521138,4.070635359988145,150.27857465387407,53.758720222862465,135.87419704735294,49.68808486287432,,,,,,,,,,,,,,Escalate,No Feasible Solution,773
1.0,0.6,1.0,97.8,85.0,6,7,0.9444521359935876,1.0053778715936024,7.0,38.50262951539705,-7.070360261121699,150.27857465387407,38.951893407124665,111.77594513847703,31.881533146002965,0.0,0.0,1.0499898998244541,1.049714834172305,0.9800543905606927,1.0499999983954982,9.0,46.826819892533166,1.4107955977168132,150.27857465387407,38.951893407124665,0.0,0.09970473399675917,Support Only,Feasible,62
1.0,0.6,1.0,97.8,85.0,7,8,0.9384817864867157,1.0000000000000002,7.0,5.256690044896686,28.78572963150976,150.27857465387407,38.951893407124665,145.0218846089774,10.166163775614905,0.0,0.0,1.0,1.0117000688204594,0.9499999997700154,1.0117000688204592,7.0,4.6325234314539045,30.95053011188933,150.27857465387407,38.951893407124665,0.0,0.011700068820459375,Support Only,Feasible,11
1.0,0.6,1.0,97.8,85.0,8,2,0.9473902188035568,1.0,9.0,0.0,12.362128609331371,150.27857465387407,38.951893407124665,150.27857465387407,26.589764797793293,0.0,0.0,1.0,1.0059730187287899,0.9499999997143406,1.00597301872879,9.0,0.0,13.919024553119208,150.27857465387407,38.951893407124665,0.0,0.005973018728789858,Support Only,Feasible,11
1.0,0.6,1.0,97.8,85.0,5,6,0.9288990761863133,1.0000000000000002,5.0,15.446874054414621,5.0343095006656355,150.27857465387407,38.951893407124665,134.83170059945945,33.91758390645903,,,,,,,,,,,,,,Escalate,No Feasible Solution,719
1.0,0.7,0.6,114.1,51.0,6,7,0.946579670534217,1.0057362927505122,7.0,36.37174321203298,-9.030981784602162,138.31008640008872,78.36612788698956,101.93834318805574,69.3351461023874,0.0,0.0,1.049989670229723,1.0497120491747478,0.9832885677650153,1.0499999992007987,9.0,44.510929312146516,0.17574765093505107,138.31008640008872,78.36612788698956,0.0,0.0997017194044707,Support Only,Feasible,82
1.0,0.7,0.6,114.1,51.0,7,8,0.9310803380775065,1.0000000000000002,7.0,9.83751754939479,39.014584440898744,138.31008640008872,78.36612788698956,128.47256885069393,39.351543446090815,0.0,0.0,1.0,1.0191155553915265,0.9499999999680556,1.0191155553915265,7.0,8.79321944262594,42.705736632006165,138.31008640008872,78.36612788698956,0.0,0.01911555539152654,Support Only,Feasible,11
1.0,0.7,0.6,114.1,51.0,8,2,0.9405384685064556,1.0,9.0,0.0,18.205235556996143,138.31008640008872,78.36612788698956,138.31008640008872,60.160892329993416,0.0,0.0,1.0,1.0214336903541645,0.949999999999587,1.0214336903541645,9.0,0.0,24.082194679970428,138.31008640008872,78.36612788698956,0.0,0.021433690354164536,Support Only,Feasible,11
1.0,0.7,0.6,114.1,51.0,5,6,0.9301163929339464,1.0,5.0,14.28008957570006,2.763055111175021,138.31008640008872,78.36612788698956,124.02999682438866,75.60307277581454,,,,,,,,,,,,,,Escalate,No Feasible Solution,563
1.0,0.7,0.7,114.1,59.49999999999999,6,7,0.9464673503945168,1.0059040281302407,7.0,36.54266946208793,-9.043618412390884,138.31008640008872,72.12489168102786,101.76741693800079,63.08127326863698,0.0,0.0,1.049969160690954,1.0491368649325004,0.982886338290627,1.0499691606909536,9.0,44.699153008994585,-0.13372257656639874,138.31008640008872,72.12489168102786,0.0,0.09910602562345439,Support Only,Feasible,67
1.0,0.7,0.7,114.1,59.49999999999999,7,8,0.9331691516935661,1.0,7.0,9.464373045951447,36.0219252078208,138.31008640008872,72.12489168102786,128.84571335413727,36.10296647320706,0.0,0.0,1.000000000000002,1.0170397039047403,0.9499999999396431,1.0170397039047405,7.0,8.539284631480456,39.29113622230288,138.31008640008872,72.12489168102786,0.0,0.017039703904742298,Support Only,Feasible,11
1.0,0.7,0.7,114.1,59.49999999999999,8,2,0.9425750697025701,1.0000000000000002,9.0,0.0,16.332770965987223,138.31008640008872,72.12489168102786,138.31008640008872,55.79212071504064,0.0,0.0,1.0,1.0168833976961744,0.9499999999896304,1.0168833976961744,9.0,0.0,20.9098959314545,138.31008640008872,72.12489168102786,0.0,0.016883397696174418,Support Only,Feasible,11
1.0,0.7,0.7,114.1,59.49999999999999,5,6,0.9296837085266615,1.0000000000000002,5.0,14.76015862430367,3.0460685856033365,138.31008640008872,72.12489168102786,123.54992777578505,69.07882309542453,,,,,,,,,,,,,,Escalate,No Feasible Solution,617
1.0,0.7,0.8,114.1,68.0,6,7,0.9463235723265307,1.0059283978655666,7.0,36.76146445814095,-8.769343770148758,138.31008640008872,64.17359269980139,101.54862194194777,55.40424892965263,0.0,0.0,1.0499758454472008,1.0493215136648018,0.9824911692443838,1.0499999935904711,9.0,44.89602533096482,0.01514873685009377,138.31008640008872,64.17359269980139,0.0,0.09929735911200255,Support Only,Feasible,67
1.0,0.7,0.8,114.1,68.0,7,8,0.9350281174570089,1.0,7.0,9.156758777576016,33.430597784908315,138.31008640008872,64.17359269980139,129.1533276225127,30.742994914893075,0.0,0.0,1.0000000000000029,1.015180956152277,0.9499999998990208,1.015180956152277,7.0,8.336332387304594,36.317583535426394,138.31008640008872,64.17359269980139,0.0,0.01518095615227999,Support Only,Feasible,11
1.0,0.7,0.8,114.1,68.0,8,2,0.9443898739291118,1.0,9.0,0.0,14.73970268274239,138.31008640008872,64.17359269980139,138.31008640008872,49.433890017059,0.0,0.0,1.0000000000000056,1.0127943072259726,0.9499999999487816,1.0127943072259726,9.0,0.0,18.166140200744152,138.31008640008872,64.17359269980139,0.0,0.012794307225978185,Support Only,Feasible,11
1.0,0.7,0.8,114.1,68.0,5,6,0.9290771680253203,1.0000000000000002,5.0,15.542645740538092,3.5874349364416958,138.31008640008872,64.17359269980139,122.76744065955063,60.586157763359694,,,,,,,,,,,,,,Escalate,No Feasible Solution,941
1.0,0.7,0.9,114.1,76.5,6,7,0.9461484833747996,1.0058093846252207,7.0,37.02790206617274,-8.207972773106128,138.31008640008872,53.758720222862465,101.28218433391598,45.55074744975634,0.0,0.0,1.0499769719949057,1.0493513841080246,0.9819819713999318,1.049999993030912,9.0,45.14637708953225,0.39543246269964527,138.31008640008872,53.758720222862465,0.0,0.09932835610293034,Support Only,Feasible,67
1.0,0.7,0.9,114.1,76.5,7,8,0.936669280004605,1.0,7.0,8.910950483204743,31.222119566474632,138.31008640008872,53.758720222862465,129.39913591688398,22.536600656387833,0.0,0.0,1.0000000000000033,1.013531352298691,0.9499999998450886,1.0135313522986908,7.0,8.181868193492875,33.766997024486685,138.31008640008872,53.758720222862465,0.0,0.013531352298694399,Support Only,Feasible,11
1.0,0.7,0.9,114.1,76.5,8,2,0.9459922171793186,1.0000000000000002,9.0,0.0,13.418342115527096,138.31008640008872,53.758720222862465,138.31008640008872,40.34037810733537,0.0,0.0,1.0,1.0091597734486613,0.9499999998583148,1.0091597734486615,9.0,0.0,15.839496192835043,138.31008640008872,53.758720222862465,0.0,0.009159773448661257,Support Only,Feasible,11
1.0,0.7,0.9,114.1,76.5,5,6,0.9282982998443864,1.0,5.0,16.62748175711269,4.3877511659419355,138.31008640008872,53.758720222862465,121.68260464297603,49.37096905692053,,,,,,,,,,,,,,Escalate,No Feasible Solution,969
1.0,0.7,1.0,114.1,85.0,6,7,0.9459421040017713,1.0055464109245202,7.0,37.34194826786083,-7.358323610970714,138.31008640008872,38.951893407124665,100.96813813222789,31.59356979615395,0.0,0.0,1.0499833575616357,1.049530289503763,0.981400008627124,1.0499999956895136,9.0,45.434785525728614,1.0807076356085261,138.31008640008872,38.951893407124665,0.0,0.09951364706539878,Support Only,Feasible,67
1.0,0.7,1.0,114.1,85.0,7,8,0.938102706636464,1.0000000000000002,7.0,8.723813831098056,29.38107666892204,138.31008640008872,38.951893407124665,129.58627256899067,9.570816738202623,0.0,0.0,1.0,1.0120839824380867,0.9499999997814215,1.0120839824380867,7.0,8.07373440079823,31.62373675119627,138.31008640008872,38.951893407124665,0.0,0.012083982438086727,Support Only,Feasible,11
1.0,0.7,1.0,114.1,85.0,8,2,0.9473902188035568,1.0,9.0,0.0,12.362128609331371,138.31008640008872,38.951893407124665,138.31008640008872,26.589764797793293,0.0,0.0,1.0,1.0059730187287899,0.9499999997143406,1.00597301872879,9.0,0.0,13.919024553119208,138.31008640008872,38.951893407124665,0.0,0.005973018728789858,Support Only,Feasible,11
1.0,0.7,1.0,114.1,85.0,5,6,0.9273477969077549,1.0000000000000002,5.0,18.015960455475806,5.448435560743512,138.31008640008872,38.951893407124665,120.29412594461292,33.50345784638115,,,,,,,,,,,,,,Escalate,No Feasible Solution,715
1.0,0.8,0.6,130.4,51.0,6,7,0.9474292254127199,1.0058271743040132,7.0,36.35269584876643,-9.186138271431588,123.06230129491324,78.36612788698956,86.70960544614681,69.17998961555797,0.0,0.0,1.0499858267843916,1.0496064648641434,0.9837656996850986,1.049999998519554,9.0,44.173694388445185,-0.01324565217932161,123.06230129491324,78.36612788698956,0.0,0.099592291648535,Support Only,Feasible,67
1.0,0.8,0.6,130.4,51.0,7,8,0.9305888787766472,1.0,7.0,14.399853378478454,39.784641070264016,123.06230129491324,78.36612788698956,108.66244791643479,38.581486816725544,0.0,0.0,1.0066613121596457,1.0193229737175507,0.9499999999999432,1.0193229737175507,9.0,14.687633210629357,43.07420081701878,123.06230129491324,78.36612788698956,0.0,0.025984285877196367,Support Only,Feasible,54
1.0,0.8,0.6,130.4,51.0,8,2,0.9405384685064556,1.0,9.0,0.0,18.205235556996143,123.06230129491324,78.36612788698956,123.06230129491324,60.160892329993416,0.0,0.0,1.0,1.0214336903541645,0.949999999999587,1.0214336903541645,9.0,0.0,24.082194679970428,123.06230129491324,78.36612788698956,0.0,0.021433690354164536,Support Only,Feasible,11
1.0,0.8,0.6,130.4,51.0,5,6,0.9291706241854039,1.0000000000000002,5.0,16.425434570820997,3.0112207117425385,123.06230129491324,78.36612788698956,106.63686672409224,75.35490717524702,,,,,,,,,,,,,,Escalate,No Feasible Solution,484
1.0,0.8,0.7,130.4,59.49999999999999,6,7,0.9473094317811473,1.005988161821087,7.0,36.53516131495708,-9.187277584097188,123.06230129491324,72.12489168102786,86.52713997995616,62.93761409693067,0.0,0.0,1.04997645833573,1.049343650661173,0.983380296022207,1.0499999949909857,9.0,44.358223162869834,-0.2336285915509677,123.06230129491324,72.12489168102786,0.0,0.09932010899690313,Support Only,Feasible,67
1.0,0.8,0.7,130.4,59.49999999999999,7,8,0.9326782888803604,1.0,7.0,14.032133996118986,36.791501749331914,123.06230129491324,72.12489168102786,109.03016729879425,35.33338993169595,0.0,0.0,1.0054831815808372,1.0173020928787688,0.9499999986403408,1.0173020928787686,9.0,14.196381082206315,39.75618485770103,123.06230129491324,72.12489168102786,0.0,0.022785274459605986,Support Only,Feasible,70
1.0,0.8,0.7,130.4,59.49999999999999,8,2,0.9425750697025701,1.0000000000000002,9.0,0.0,16.332770965987223,123.06230129491324,72.12489168102786,123.06230129491324,55.79212071504064,0.0,0.0,1.0,1.0168833976961744,0.9499999999896304,1.0168833976961744,9.0,0.0,20.9098959314545,123.06230129491324,72.12489168102786,0.0,0.016883397696174418,Support Only,Feasible,11
1.0,0.8,0.7,130.4,59.49999999999999,5,6,0.9284349838967677,1.0000000000000002,5.0,17.250341660261412,3.390386291216643,123.06230129491324,72.12489168102786,105.81195963465183,68.73450538981122,,,,,,,,,,,,,,Escalate,No Feasible Solution,574
1.0,0.8,0.8,130.4,68.0,6,7,0.9471586667565282,1.0060060704979905,7.0,36.764797815355436,-8.901995035607179,123.06230129491324,64.17359269980139,86.2975034795578,55.27159766419421,0.0,0.0,1.0499725219790788,1.0492313085780545,0.9829216613861469,1.0499999917982583,9.0,44.5809831890064,-0.14614973724631852,123.06230129491324,64.17359269980139,0.0,0.09920383055713322,Support Only,Feasible,67
1.0,0.8,0.8,130.4,68.0,7,8,0.9345370397035979,1.0000000000000002,7.0,13.730880814296441,34.20094714716916,123.06230129491324,64.17359269980139,109.3314204806168,29.97264555263223,0.0,0.0,1.0045499757257477,1.0154870288512832,0.9499999999710329,1.0154870288512832,9.0,13.808173781728684,36.85807533050303,123.06230129491324,64.17359269980139,0.0,0.020037004577030837,Support Only,Feasible,54
1.0,0.8,0.8,130.4,68.0,8,2,0.9443898739291118,1.0,9.0,0.0,14.73970268274239,123.06230129491324,64.17359269980139,123.06230129491324,49.433890017059,0.0,0.0,1.0000000000000056,1.0127943072259726,0.9499999999487816,1.0127943072259726,9.0,0.0,18.166140200744152,123.06230129491324,64.17359269980139,0.0,0.012794307225978185,Support Only,Feasible,11
1.0,0.8,0.8,130.4,68.0,5,6,0.9275262842979489,1.0,5.0,18.379952417772117,4.028613935834926,123.06230129491324,64.17359269980139,104.68234887714112,60.14497876396646,,,,,,,,,,,,,,Escalate,No Feasible Solution,502
1.0,0.8,0.9,130.4,76.5,6,7,0.9469770621445797,1.0058808547242204,7.0,37.0414021849282,-8.330056710398743,123.06230129491324,53.758720222862465,86.02089910998504,45.42866351246372,0.0,0.0,1.0499513256294264,1.048634096120857,0.9823053038436773,1.0499513256294264,9.0,44.87335880283611,0.0955922653454877,123.06230129491324,53.758720222862465,0.0,0.09858542175028329,Support Only,Feasible,67
1.0,0.8,0.9,130.4,76.5,7,8,0.9361772465885262,1.0,7.0,13.492317039862868,31.99438847661709,123.06230129491324,53.758720222862465,109.56998425505037,21.764331746245375,0.0,0.0,1.0038508759565952,1.0138705714801381,0.9499999999999369,1.0138705714801381,9.0,13.517885316339502,34.36397382266536,123.06230129491324,53.758720222862465,0.0,0.017721447436733317,Support Only,Feasible,47
1.0,0.8,0.9,130.4,76.5,8,2,0.9459922171793186,1.0000000000000002,9.0,0.0,13.418342115527096,123.06230129491324,53.758720222862465,123.06230129491324,40.34037810733537,0.0,0.0,1.0,1.0091597734486613,0.9499999998583148,1.0091597734486615,9.0,0.0,15.839496192835043,123.06230129491324,53.758720222862465,0.0,0.009159773448661257,Support Only,Feasible,11
1.0,0.8,0.9,130.4,76.5,5,6,0.9264446506051903,1.0000000000000004,5.0,19.815981614973836,4.927124244772841,123.06230129491324,53.758720222862465,103.2463196799394,48.831595978089624,,,,,,,,,,,,,,Escalate,No Feasible Solution,852
1.0,0.8,1.0,130.4,85.0,6,7,0.9467646264279764,1.0056119118173865,7.0,37.36495860787933,-7.470237257626977,123.06230129491324,38.951893407124665,85.69734268703391,31.481656149497688,0.0,0.0,1.049980587742972,1.0494544219314395,0.9817876218533377,1.0499999941995786,9.0,45.13962854785733,0.9450406478456657,123.06230129491324,38.951893407124665,0.0,0.09943500967441143,Support Only,Feasible,67
1.0,0.8,1.0,130.4,85.0,7,8,0.9376090303670813,1.0000000000000002,7.0,13.313267337701618,30.156331844053234,123.06230129491324,38.951893407124665,109.74903395721162,8.79556156307143,0.0,0.0,1.0033763865399572,1.0124466288286775,0.9499999999999705,1.0124466288286775,9.0,13.321121779828118,32.26006910400525,123.06230129491324,38.951893407124665,0.0,0.01582301536863473,Support Only,Feasible,76
1.0,0.8,1.0,130.4,85.0,8,2,0.9473902188035568,1.0,9.0,0.0,12.362128609331371,123.06230129491324,38.951893407124665,123.06230129491324,26.589764797793293,0.0,0.0,1.0,1.0059730187287899,0.9499999997143406,1.00597301872879,9.0,0.0,13.919024553119208,123.06230129491324,38.951893407124665,0.0,0.005973018728789858,Support Only,Feasible,11
1.0,0.8,1.0,130.4,85.0,5,6,0.9251893577056082,1.0000000000000002,5.0,21.561568046895232,6.087981862706897,123.06230129491324,38.951893407124665,101.50073324801801,32.86391154441777,,,,,,,,,,,,,,Escalate,No Feasible Solution,893
1.0,0.9,0.6,146.70000000000002,51.0,6,7,0.947631790572491,1.0058192787814726,7.0,37.48882547969606,-9.172658731885363,103.09025172148915,78.36612788698956,65.60142624179309,69.1934691551042,0.0,0.0,1.0499741905801676,1.0492880277650876,0.9832788059265898,1.0499741905801678,9.0,44.92218313899855,-0.09286146249912974,103.09025172148915,78.36612788698956,0.0,0.09926221834525517,Support Only,Feasible,77
1.0,0.9,0.6,146.70000000000002,51.0,7,8,0.9299685203892954,1.0,7.0,20.14973799820659,40.756556960333995,103.09025172148915,78.36612788698956,82.94051372328256,37.609570926655564,0.0,0.0,1.0192667534190885,1.0193788311168808,0.9499999999999776,1.019378831116881,9.0,22.797787946141028,43.17434135986905,103.09025172148915,78.36612788698956,0.0,0.038645584535969224,Support Only,Feasible,56
1.0,0.9,0.6,146.70000000000002,51.0,8,2,0.9405384685064556,1.0,9.0,0.0,18.205235556996143,103.09025172148915,78.36612788698956,103.09025172148915,60.160892329993416,0.0,0.0,1.0,1.0214336903541645,0.949999999999587,1.0214336903541645,9.0,0.0,24.082194679970428,103.09025172148915,78.36612788698956,0.0,0.021433690354164536,Support Only,Feasible,11
1.0,0.9,0.6,146.70000000000002,51.0,5,6,0.9276226109826056,1.0000000000000002,5.0,19.53184908233969,3.480108099959324,103.09025172148915,78.36612788698956,83.55840263914946,74.88601978703024,,,,,,,,,,,,,,Escalate,No Feasible Solution,654
1.0,0.9,0.7,146.70000000000002,59.49999999999999,6,7,0.9475043633780778,1.0059738034827177,7.0,37.68310195594083,-9.162760569683194,103.09025172148915,72.12489168102786,65.40714976554833,62.96213111134467,0.0,0.0,1.0499564087689799,1.0487926666553402,0.982837718209276,1.0499564087689797,9.0,45.130164120100574,-0.35813912340051957,103.09025172148915,72.12489168102786,0.0,0.0987490754243201,Support Only,Feasible,77
1.0,0.9,0.7,146.70000000000002,59.49999999999999,7,8,0.9320614386389634,1.0000000000000002,7.0,19.784715993452963,37.75849405868303,103.09025172148915,72.12489168102786,83.30553572803619,34.366397622344834,0.0,0.0,1.0181686775429002,1.01736408641495,0.9499999464798441,1.0181686775429002,9.0,22.33570612231516,39.8662037061852,103.09025172148915,72.12489168102786,0.0,0.03553276395785021,Support Only,Feasible,62
1.0,0.9,0.7,146.70000000000002,59.49999999999999,8,2,0.9425750697025701,1.0000000000000002,9.0,0.0,16.332770965987223,103.09025172148915,72.12489168102786,103.09025172148915,55.79212071504064,0.0,0.0,1.0,1.0168833976961744,0.9499999999896304,1.0168833976961744,9.0,0.0,20.9098959314545,103.09025172148915,72.12489168102786,0.0,0.016883397696174418,Support Only,Feasible,11
1.0,0.9,0.7,146.70000000000002,59.49999999999999,5,6,0.9265828063841102,1.0000000000000002,5.0,20.709095147755747,3.95728047866767,103.09025172148915,72.12489168102786,82.3811565737334,68.16761120236019,,,,,,,,,,,,,,Escalate,No Feasible Solution,729
1.0,0.9,0.8,146.70000000000002,68.0,6,7,0.9473462620490453,1.005985391510577,7.0,37.924140632288044,-8.866678944969458,103.09025172148915,64.17359269980139,65.16611108920111,55.30691375483193,0.0,0.0,1.0499474576480223,1.0485399119818628,0.9823359288551257,1.0499474576480223,9.0,45.37164733853865,-0.29176222805454444,103.09025172148915,64.17359269980139,0.0,0.09848736962988514,Support Only,Feasible,77
1.0,0.9,0.8,146.70000000000002,68.0,7,8,0.9339224877868538,1.0000000000000004,7.0,19.487584900884556,35.164883103841305,103.09025172148915,64.17359269980139,83.6026668206046,29.008709595960084,0.0,0.0,1.0173105702662435,1.0155546057677398,0.9499999999999987,1.0173105702662433,9.0,21.9753530996485,36.97747940332695,103.09025172148915,64.17359269980139,0.0,0.03286517603398331,Support Only,Feasible,44
1.0,0.9,0.8,146.70000000000002,68.0,8,2,0.9443898739291118,1.0,9.0,0.0,14.73970268274239,103.09025172148915,64.17359269980139,103.09025172148915,49.433890017059,0.0,0.0,1.0000000000000056,1.0127943072259726,0.9499999999487816,1.0127943072259726,9.0,0.0,18.166140200744152,103.09025172148915,64.17359269980139,0.0,0.012794307225978185,Support Only,Feasible,11
1.0,0.9,0.8,146.70000000000002,68.0,5,6,0.9253681440918557,1.0000000000000002,5.0,22.19656480175908,4.695212334635897,103.09025172148915,64.17359269980139,80.89368691973007,59.47838036516549,,,,,,,,,,,,,,Escalate,No Feasible Solution,952
1.0,0.9,0.9,146.70000000000002,76.5,6,7,0.9471576045610904,1.0058539704652272,7.0,38.211759184388484,-8.284133504887365,103.09025172148915,53.758720222862465,64.87849253710067,45.4745867179751,0.0,0.0,1.0499744834401168,1.0492898330513298,0.9818763327745109,1.049999991704931,9.0,45.60808867279678,0.2853812325768601,103.09025172148915,53.758720222862465,0.0,0.09926431649144662,Support Only,Feasible,72
1.0,0.9,0.9,146.70000000000002,76.5,7,8,0.9355639029134543,1.0,7.0,19.254476495425365,32.956954235913415,103.09025172148915,53.758720222862465,83.83577522606379,20.80176598694905,0.0,0.0,1.0166815082651075,1.0139435386085665,0.9499999999996188,1.0166815082651075,9.0,21.711644561623103,34.49243203962645,103.09025172148915,53.758720222862465,0.0,0.030625046873673956,Support Only,Feasible,51
1.0,0.9,0.9,146.70000000000002,76.5,8,2,0.9459922171793186,1.0000000000000002,9.0,0.0,13.418342115527096,103.09025172148915,53.758720222862465,103.09025172148915,40.34037810733537,0.0,0.0,1.0,1.0091597734486613,0.9499999998583148,1.0091597734486615,9.0,0.0,15.839496192835043,103.09025172148915,53.758720222862465,0.0,0.009159773448661257,Support Only,Feasible,11
1.0,0.9,0.9,146.70000000000002,76.5,5,6,0.9239772855264642,1.0000000000000004,5.0,23.997914660772594,5.695796001105137,103.09025172148915,53.758720222862465,79.09233706071656,48.06292422175733,,,,,,,,,,,,,,Escalate,No Feasible Solution,875
1.0,0.9,1.0,146.70000000000002,85.0,6,7,0.9469383876144324,1.0055789123780314,7.0,38.545959708347766,-7.413855011714585,103.09025172148915,38.951893407124665,64.54429201314139,31.53803839541008,0.0,0.0,1.049959616114821,1.0488726130160164,0.9811692276780836,1.049959616114821,9.0,45.94741216178875,0.851966378178723,103.09025172148915,38.951893407124665,0.0,0.09883222913083745,Support Only,Feasible,72
1.0,0.9,1.0,146.70000000000002,85.0,7,8,0.9369958974690518,1.0,7.0,19.082142791707952,31.119073872450024,103.09025172148915,38.951893407124665,84.0081089297812,7.832819534674641,0.0,0.0,1.0162723919363879,1.0125247666720392,0.9499999985158931,1.0162723919363876,7.0,21.540339626336277,32.397291433556596,103.09025172148915,38.951893407124665,0.0,0.02879715860842702,Support Only,Feasible,55
1.0,0.9,1.0,146.70000000000002,85.0,8,2,0.9473902188035568,1.0,9.0,0.0,12.362128609331371,103.09025172148915,38.951893407124665,103.09025172148915,26.589764797793293,0.0,0.0,1.0,1.0059730187287899,0.9499999997143406,1.00597301872879,9.0,0.0,13.919024553119208,103.09025172148915,38.951893407124665,0.0,0.005973018728789858,Support Only,Feasible,11
1.0,0.9,1.0,146.70000000000002,85.0,5,6,0.9224079688016416,1.0,5.0,26.11836061443941,6.961814715942545,103.09025172148915,38.951893407124665,76.97189110704974,31.99007869118212,,,,,,,,,,,,,,Escalate,No Feasible Solution,563
1.0,1.0,0.6,163.0,51.0,6,7,0.947195272862755,1.0057155439385645,7.0,39.77124122680716,-8.995558612335131,74.69598382778022,78.36612788698956,34.92474260097306,69.37056927465443,0.0,0.0,1.0499893047519655,1.0497085513416387,0.9819735073332855,1.04999999918171,9.0,46.6986645982783,0.16948600041908435,74.69598382778022,78.36612788698956,0.0,0.09969785609360415,Support Only,Feasible,77
1.0,1.0,0.6,163.0,51.0,7,8,0.9292113196195639,1.0,7.0,27.167240633275156,41.942694999977874,74.69598382778022,78.36612788698956,47.52874319450507,36.423432887011685,0.0,0.0,1.0334523989687847,1.019461083546976,0.9499999999999955,1.0334523989687847,9.0,32.16944108328343,43.320782881465945,74.69598382778022,78.36612788698956,0.0,0.05291348251576067,Support Only,Feasible,55
1.0,1.0,0.6,163.0,51.0,8,2,0.9405384685064556,1.0,9.0,0.0,18.205235556996143,74.69598382778022,78.36612788698956,74.69598382778022,60.160892329993416,0.0,0.0,1.0,1.0214336903541645,0.949999999999587,1.0214336903541645,9.0,0.0,24.082194679970428,74.69598382778022,78.36612788698956,0.0,0.021433690354164536,Support Only,Feasible,11
1.0,1.0,0.6,163.0,51.0,5,6,0.9254667715165799,1.0000000000000007,5.0,23.622009377932685,4.1751896543390785,74.69598382778022,78.36612788698956,51.07397444984754,74.19093823265048,,,,,,,,,,,,,,Escalate,No Feasible Solution,833
1.0,1.0,0.7,163.0,59.49999999999999,6,7,0.9470599282678213,1.0058638409732685,7.0,39.9777923975351,-8.9749984094546,74.69598382778022,72.12489168102786,34.71819143024513,63.14989327157326,0.0,0.0,1.0499596411904366,1.0488937989316989,0.9814656265274763,1.0499596411904368,9.0,46.93445580526017,-0.16511993296988692,74.69598382778022,72.12489168102786,0.0,0.09885344012213548,Support Only,Feasible,77
1.0,1.0,0.7,163.0,59.49999999999999,7,8,0.9313108705501781,1.0,7.0,26.80190207312431,38.93494212264184,74.69598382778022,72.12489168102786,47.894081754655915,33.18994955838602,0.0,0.0,1.0324309301460182,1.0174519057257208,0.9500000412183774,1.0324309301460184,9.0,31.734584942937815,40.021407750197056,74.69598382778022,72.12489168102786,0.0,0.04988283587173892,Support Only,Feasible,113
1.0,1.0,0.7,163.0,59.49999999999999,8,2,0.9425750697025701,1.0000000000000002,9.0,0.0,16.332770965987223,74.69598382778022,72.12489168102786,74.69598382778022,55.79212071504064,0.0,0.0,1.0,1.0168833976961744,0.9499999999896304,1.0168833976961744,9.0,0.0,20.9098959314545,74.69598382778022,72.12489168102786,0.0,0.016883397696174418,Support Only,Feasible,11
1.0,1.0,0.7,163.0,59.49999999999999,5,6,0.9241165870118616,1.0,5.0,25.16534713576496,4.753930402278655,74.69598382778022,72.12489168102786,49.530636692015264,67.3709612787492,,,,,,,,,,,,,,Escalate,No Feasible Solution,1025
1.0,1.0,0.8,163.0,68.0,6,7,0.9468940295684987,1.0058692058428182,7.0,40.23096842599726,-8.668254141574451,74.69598382778022,64.17359269980139,34.46501540178296,55.50533855822694,0.0,0.0,1.049976740209653,1.0493615672092995,0.981035273403991,1.0499999944179534,9.0,47.152257299943386,0.08677855676207002,74.69598382778022,64.17359269980139,0.0,0.09933830741895244,Support Only,Feasible,77
1.0,1.0,0.8,163.0,68.0,7,8,0.9324455655907926,1.0,9.0,26.506449632800624,36.334179159909354,74.69598382778022,64.17359269980139,48.1895341949796,27.839413539892035,0.0,0.0,1.0316441415957653,1.0156471652053196,0.9499999999999941,1.0316441415957656,9.0,31.40035003528105,37.14104092280553,74.69598382778022,64.17359269980139,0.0,0.047291306801084954,Support Only,Feasible,73
1.0,1.0,0.8,163.0,68.0,8,2,0.9443898739291118,1.0,9.0,0.0,14.73970268274239,74.69598382778022,64.17359269980139,74.69598382778022,49.433890017059,0.0,0.0,1.0000000000000056,1.0127943072259726,0.9499999999487816,1.0127943072259726,9.0,0.0,18.166140200744152,74.69598382778022,64.17359269980139,0.0,0.012794307225978185,Support Only,Feasible,11
1.0,1.0,0.8,163.0,68.0,5,6,0.9225869621653836,1.0000000000000002,5.0,27.02805411921929,5.59622538674131,74.69598382778022,64.17359269980139,47.66792970856093,58.57736731306008,,,,,,,,,,,,,,Escalate,No Feasible Solution,234
1.0,1.0,0.9,163.0,76.5,6,7,0.9466976818372027,1.0057315404468457,7.0,40.53060642959147,-8.075000728453645,74.69598382778022,53.758720222862465,34.16537739818875,45.68371949440882,0.0,0.0,1.0499524529733426,1.0486891703688659,0.9803618333843489,1.0499524529733426,9.0,47.4713209899831,0.3314924500088168,74.69598382778022,53.758720222862465,0.0,0.0986416233422085,Support Only,Feasible,77
1.0,1.0,0.9,163.0,76.5,7,8,0.9329453985309268,1.0,9.0,26.27687802297416,34.12137244870324,74.69598382778022,53.758720222862465,48.419105804806065,19.637347774159224,0.0,0.0,1.031081746818165,1.0140409937284607,0.9499999999999987,1.031081746818165,9.0,31.161788188610444,34.66416634410288,74.69598382778022,53.758720222862465,0.0,0.045122740546625684,Support Only,Feasible,58
1.0,1.0,0.9,163.0,76.5,8,2,0.9459922171793186,1.0000000000000002,9.0,0.0,13.418342115527096,74.69598382778022,53.758720222862465,74.69598382778022,40.34037810733537,0.0,0.0,1.0,1.0091597734486613,0.9499999998583148,1.0091597734486615,9.0,0.0,15.839496192835043,74.69598382778022,53.758720222862465,0.0,0.009159773448661257,Support Only,Feasible,11
1.0,1.0,0.9,163.0,76.5,5,6,0.9208749087322096,1.0000000000000002,5.0,29.216033886113536,6.704730469041564,74.69598382778022,53.758720222862465,45.47994994166669,47.0539897538209,,,,,,,,,,,,,,Escalate,No Feasible Solution,1604
1.0,1.0,1.0,163.0,85.0,6,7,0.9464708698171981,1.0054501911308242,7.0,40.87672669349476,-7.193924170720258,74.69598382778022,38.951893407124665,33.819257134285465,31.757969236404406,0.0,0.0,1.049965577872591,1.0490492127124704,0.9797353417599738,1.049965577872591,9.0,47.78338645041333,1.0941869016416135,74.69598382778022,38.951893407124665,0.0,0.09901479058506135,Support Only,Feasible,82
1.0,1.0,1.0,163.0,85.0,7,8,0.9333091134403012,1.0,9.0,26.109829646855246,32.28068301869006,74.69598382778022,38.951893407124665,48.58615418092498,6.671210388434602,0.0,0.0,1.0307347463158143,1.0126271456957363,0.9499999999983003,1.030734746315814,9.0,31.014745044241565,32.57704374769224,74.69598382778022,38.951893407124665,0.0,0.04336189201155061,Support Only,Feasible,55
1.0,1.0,1.0,163.0,85.0,8,2,0.9473902188035568,1.0,9.0,0.0,12.362128609331371,74.69598382778022,38.951893407124665,74.69598382778022,26.589764797793293,0.0,0.0,1.0,1.0059730187287899,0.9499999997143406,1.00597301872879,9.0,0.0,13.919024553119208,74.69598382778022,38.951893407124665,0.0,0.005973018728789858,Support Only,Feasible,11
1.0,1.0,1.0,163.0,85.0,5,6,0.9189763826487783,1.0,5.0,31.73698009285725,8.0830698562754,74.69598382778022,38.951893407124665,42.95900373492297,30.868823550849264,,,,,,,,,,,,,,Escalate,No Feasible Solution,971
1.05,0.6,0.6,97.8,51.0,6,7,0.9389105652318005,1.004441746164185,7.0,43.59692949649505,-6.820880668944,150.27857465387407,78.36612788698956,106.68164515737902,71.54524721804556,0.0,0.0,1.0117915917923483,1.0,0.9499999999953778,1.0117915917923483,7.0,46.1195048910557,-7.459870694884032,150.27857465387407,78.36612788698956,0.0,0.011791591792348344,Support Only,Feasible,14
1.05,0.6,0.6,97.8,51.0,7,8,0.9232903529509349,1.0,7.0,8.75679858012964,45.87986211018857,150.27857465387407,78.36612788698956,141.52177607374443,32.48626577680099,0.0,0.0,1.0,1.0266750371121054,0.9499999999965788,1.0266750371121054,7.0,7.28200442257716,50.98442836705975,150.27857465387407,78.36612788698956,0.0,0.026675037112105393,Support Only,Feasible,11
1.05,0.6,0.6,97.8,51.0,8,2,0.9294561653800741,1.0,9.0,0.0,25.867731720267415,150.27857465387407,78.36612788698956,150.27857465387407,52.498396166722145,0.0,0.0,1.0000000000000042,1.0455880467746617,0.9499999993315149,1.0455880467746617,9.0,0.0,38.69376610834253,150.27857465387407,78.36612788698956,0.0,0.04558804677466588,Support Only,Feasible,11
1.05,0.6,0.6,97.8,51.0,5,6,0.9236409727818253,1.0,5.0,16.408207171227957,4.494029733239216,150.27857465387407,78.36612788698956,133.87036748264612,73.87209815375034,,,,,,,,,,,,,,Escalate,No Feasible Solution,114
1.05,0.6,0.7,97.8,59.49999999999999,6,7,0.9388202172866084,1.0046367726320726,7.0,43.73379571738832,-6.87976442412976,150.27857465387407,72.12489168102786,106.54477893648576,65.2451272568981,0.0,0.0,1.0118879754110408,1.0,0.9499999999965028,1.0118879754110408,7.0,46.2793729695189,-7.522321790549356,150.27857465387407,72.12489168102786,0.0,0.011887975411040808,Support Only,Feasible,14
1.05,0.6,0.7,97.8,59.49999999999999,7,8,0.9255949435599561,1.0,7.0,8.298341521181811,42.57342039176038,150.27857465387407,72.12489168102786,141.98023313269226,29.551471289267482,0.0,0.0,1.000000000000008,1.0244330608819654,0.9499999999959956,1.0244330608819652,7.0,6.95827381724672,47.22628033161223,150.27857465387407,72.12489168102786,0.0,0.02443306088197339,Support Only,Feasible,11
1.05,0.6,0.7,97.8,59.49999999999999,8,2,0.931814672281795,1.0,9.0,0.0,23.772734760290433,150.27857465387407,72.12489168102786,150.27857465387407,48.35215692073743,0.0,0.0,1.0000000000000042,1.0405429915859647,0.9499999998004025,1.040542991585965,9.0,0.0,35.0565357831012,150.27857465387407,72.12489168102786,0.0,0.04054299158596897,Support Only,Feasible,11
1.05,0.6,0.7,97.8,59.49999999999999,5,6,0.9237078275478097,1.0000000000000002,5.0,16.359676281703514,4.61893968165154,150.27857465387407,72.12489168102786,133.91889837217056,67.50595199937632,,,,,,,,,,,,,,Escalate,No Feasible Solution,84
1.05,0.6,0.8,97.8,68.0,6,7,0.9386963957942437,1.0046863499354102,7.0,43.92136774431563,-6.6481410425944745,150.27857465387407,64.17359269980139,106.35720690955844,57.525451657206915,0.0,0.0,1.012019717057255,1.000000000000013,0.9499999999982206,1.0120197170572547,7.0,46.49793632416822,-7.296914512237009,150.27857465387407,64.17359269980139,0.0,0.012019717057268009,Support Only,Feasible,14
1.05,0.6,0.8,97.8,68.0,7,8,0.9276525187353557,1.0000000000000007,7.0,7.91044225436832,39.69237844763907,150.27857465387407,64.17359269980139,142.36813239950575,24.481214252162317,0.0,0.0,1.000000000000009,1.022415779118191,0.9499999999921975,1.022415779118191,7.0,6.688540702608265,43.92906931743133,150.27857465387407,64.17359269980139,0.0,0.02241577911820003,Support Only,Feasible,11
1.05,0.6,0.8,97.8,68.0,8,2,0.933930450284512,1.0,9.0,0.0,21.97309244131685,150.27857465387407,64.17359269980139,150.27857465387407,42.20050025848454,0.0,0.0,1.000000000000007,1.0359618534278634,0.9499999999534654,1.0359618534278636,9.0,0.0,31.864809855405866,150.27857465387407,64.17359269980139,0.0,0.035961853427870505,Support Only,Feasible,11
1.05,0.6,0.8,97.8,68.0,5,6,0.9235893088601644,1.0,5.0,16.620528672691222,5.005100819928913,150.27857465387407,64.17359269980139,133.65804598118285,59.16849187987248,,,,,,,,,,,,,,Escalate,No Feasible Solution,184
1.05,0.6,0.9,97.8,76.5,6,7,0.9385393148662173,1.0045905880658466,7.0,44.159318822191324,-6.126043756735967,150.27857465387407,53.758720222862465,106.11925583168275,47.6326764661265,0.0,0.0,1.0121865854952108,1.0,0.949999999999117,1.012186585495211,7.0,46.77485595776625,-6.783678966878881,150.27857465387407,53.758720222862465,0.0,0.012186585495210789,Support Only,Feasible,14
1.05,0.6,0.9,97.8,76.5,7,8,0.9294775781706635,1.0,7.0,7.588600659879404,37.214662452800994,150.27857465387407,53.758720222862465,142.68997399399467,16.54405777006147,0.0,0.0,1.0,1.0206140990081025,0.9499999999843384,1.0206140990081025,7.0,6.4698894536572595,41.07204955185273,150.27857465387407,53.758720222862465,0.0,0.020614099008102515,Support Only,Feasible,11
1.05,0.6,0.9,97.8,76.5,8,2,0.9358151276871031,1.0,9.0,0.0,20.459379586549787,150.27857465387407,53.758720222862465,150.27857465387407,33.29934063631268,0.0,0.0,1.0,1.0318378903172452,0.9499999999931401,1.0318378903172454,9.0,0.0,29.106332788418385,150.27857465387407,53.758720222862465,0.0,0.031837890317245154,Support Only,Feasible,11
1.05,0.6,0.9,97.8,76.5,5,6,0.9232893432976823,1.0,5.0,17.18797176720571,5.652130325790289,150.27857465387407,53.758720222862465,133.09060288666836,48.106589897072176,,,,,,,,,,,,,,Escalate,No Feasible Solution,465
1.05,0.6,1.0,97.8,85.0,6,7,0.9383490476588501,1.0043490145359046,7.0,44.447535087831994,-5.312470528608237,150.27857465387407,38.951893407124665,105.83103956604208,33.63942287851643,0.0,0.0,1.0123884934158842,1.0000000000000002,0.9499999999997246,1.0123884934158842,7.0,47.11004327397316,-5.981639219177957,150.27857465387407,38.951893407124665,0.0,0.012388493415884438,Support Only,Feasible,14
1.05,0.6,1.0,97.8,85.0,7,8,0.9310822047333508,1.0000000000000002,7.0,7.3290437942370374,35.12191047375766,150.27857465387407,38.951893407124665,142.94953085963704,3.829982933367006,0.0,0.0,1.0,1.0190201498375524,0.9499999999708282,1.0190201498375522,7.0,6.299804118590288,38.63731671551245,150.27857465387407,38.951893407124665,0.0,0.019020149837552403,Support Only,Feasible,11
1.05,0.6,1.0,97.8,85.0,8,2,0.9374787830033948,1.0,9.0,0.0,19.22355405348619,150.27857465387407,38.951893407124665,150.27857465387407,19.728339353638475,0.0,0.0,1.000000000000001,1.0281642821419412,0.9499999999997745,1.028164282141941,9.0,0.0,26.76939932838527,150.27857465387407,38.951893407124665,0.0,0.02816428214194233,Support Only,Feasible,11
1.05,0.6,1.0,97.8,85.0,5,6,0.9228108822371078,1.0,5.0,18.060658894048288,6.560496232169022,150.27857465387407,38.951893407124665,132.2179157598258,32.39139717495564,,,,,,,,,,,,,,Escalate,No Feasible Solution,808
1.05,0.7,0.6,114.1,51.0,6,7,0.9407003095613271,1.0047012354796006,7.0,41.99342140425705,-7.263891289788816,138.31008640008872,78.36612788698956,96.31666499583167,71.10223659720074,0.0,0.0,1.0098820478272381,1.0,0.9499999999797534,1.0098820478272381,7.0,44.04568475195771,-7.798101931238747,138.31008640008872,78.36612788698956,0.0,0.009882047827238116,Support Only,Feasible,14
1.05,0.7,0.6,114.1,51.0,7,8,0.9229433726343766,1.0000000000000004,7.0,12.141504995579822,46.42001199190183,138.31008640008872,78.36612788698956,126.1685814045089,31.94611589508773,0.0,0.0,1.004849235955952,1.0268113072332297,0.9499999999998432,1.0268113072332297,9.0,11.691701743001943,51.229768647507754,138.31008640008872,78.36612788698956,0.0,0.031660543189181656,Support Only,Feasible,57
1.05,0.7,0.6,114.1,51.0,8,2,0.9294561653800741,1.0,9.0,0.0,25.867731720267415,138.31008640008872,78.36612788698956,138.31008640008872,52.498396166722145,0.0,0.0,1.0000000000000042,1.0455880467746617,0.9499999993315149,1.0455880467746617,9.0,0.0,38.69376610834253,138.31008640008872,78.36612788698956,0.0,0.04558804677466588,Support Only,Feasible,11
1.05,0.7,0.6,114.1,51.0,5,6,0.9236564062544765,1.0,5.0,17.32869005141498,4.4462812679560955,138.31008640008872,78.36612788698956,120.98139634867374,73.91984661903346,,,,,,,,,,,,,,Escalate,No Feasible Solution,381
1.05,0.7,0.7,114.1,59.49999999999999,6,7,0.940602029591952,1.0048887382535026,7.0,42.142443548074255,-7.309999011680063,138.31008640008872,72.12489168102786,96.16764285201447,64.8148926693478,0.0,0.0,1.0099867006614758,1.0000000000000016,0.9499999999842917,1.0099867006614758,7.0,44.21851622814208,-7.848530596761435,138.31008640008872,72.12489168102786,0.0,0.009986700661477332,Support Only,Feasible,14
1.05,0.7,0.7,114.1,59.49999999999999,7,8,0.9252455648646455,1.0,7.0,11.69094730338378,43.11767656905205,138.31008640008872,72.12489168102786,126.61913909670494,29.00721511197581,0.0,0.0,1.0033041412519266,1.0246416381328114,0.9499999060588518,1.0246416381328114,9.0,11.039040404734124,47.600049262904506,138.31008640008872,72.12489168102786,0.0,0.027945779384737968,Support Only,Feasible,353
1.05,0.7,0.7,114.1,59.49999999999999,8,2,0.931814672281795,1.0,9.0,0.0,23.772734760290433,138.31008640008872,72.12489168102786,138.31008640008872,48.35215692073743,0.0,0.0,1.0000000000000042,1.0405429915859647,0.9499999998004025,1.040542991585965,9.0,0.0,35.0565357831012,138.31008640008872,72.12489168102786,0.0,0.04054299158596897,Support Only,Feasible,11
1.05,0.7,0.7,114.1,59.49999999999999,5,6,0.9234038680445955,1.0,5.0,17.630935353220195,4.669451792560096,138.31008640008872,72.12489168102786,120.67915104686853,67.45543988846777,,,,,,,,,,,,,,Escalate,No Feasible Solution,682
1.05,0.7,0.8,114.1,68.0,6,7,0.9404711252947828,1.0049313528382837,7.0,42.340931172781666,-7.066563889982888,138.31008640008872,64.17359269980139,95.96915522730706,57.1070288098185,0.0,0.0,1.010125834240848,1.0000000000000038,0.9499999999903558,1.0101258342408477,7.0,44.4483461793842,-7.611883264731425,138.31008640008872,64.17359269980139,0.0,0.010125834240851672,Support Only,Feasible,14
1.05,0.7,0.8,114.1,68.0,7,8,0.9273003425907725,1.0000000000000002,7.0,11.311423873444198,40.241349332512755,138.31008640008872,64.17359269980139,126.99866252664452,23.932243367288635,0.0,0.0,1.0020228342412951,1.0226832769568708,0.9500000000000056,1.0226832769568706,9.0,10.499396161397101,44.40666339938683,138.31008640008872,64.17359269980139,0.0,0.024706111198165903,Support Only,Feasible,69
1.05,0.7,0.8,114.1,68.0,8,2,0.933930450284512,1.0,9.0,0.0,21.97309244131685,138.31008640008872,64.17359269980139,138.31008640008872,42.20050025848454,0.0,0.0,1.000000000000007,1.0359618534278634,0.9499999999534654,1.0359618534278636,9.0,0.0,31.864809855405866,138.31008640008872,64.17359269980139,0.0,0.035961853427870505,Support Only,Feasible,11
1.05,0.7,0.8,114.1,68.0,5,6,0.9229709248848998,1.0,5.0,18.240344504263476,5.153190840507307,138.31008640008872,64.17359269980139,120.06974189582525,59.02040185929408,,,,,,,,,,,,,,Escalate,No Feasible Solution,341
1.05,0.7,0.9,114.1,76.5,6,7,0.9403077898295382,1.0048291553806066,7.0,42.588588955307586,-6.533561068732553,138.31008640008872,53.758720222862465,95.72149744478114,47.22515915412991,0.0,0.0,1.0102992384925813,1.0000000000000013,0.9499999999939118,1.0102992384925813,7.0,44.73487360766259,-7.088136693197569,138.31008640008872,53.758720222862465,0.0,0.01029923849258263,Support Only,Feasible,14
1.05,0.7,0.9,114.1,76.5,7,8,0.9291222291879461,1.0000000000000004,7.0,10.998416108740855,37.76892281152327,138.31008640008872,53.758720222862465,127.31167029134787,15.989797411339197,0.0,0.0,1.000991821966019,1.0209287062392787,0.949999995146243,1.020928706239279,7.0,10.066300244969227,41.631787671296266,138.31008640008872,53.758720222862465,0.0,0.021920528205297662,Support Only,Feasible,57
1.05,0.7,0.9,114.1,76.5,8,2,0.9358151276871031,1.0,9.0,0.0,20.459379586549787,138.31008640008872,53.758720222862465,138.31008640008872,33.29934063631268,0.0,0.0,1.0,1.0318378903172452,0.9499999999931401,1.0318378903172454,9.0,0.0,29.106332788418385,138.31008640008872,53.758720222862465,0.0,0.031837890317245154,Support Only,Feasible,11
1.05,0.7,0.9,114.1,76.5,5,6,0.9223599199425019,1.0,5.0,19.15596910081115,5.897759143185482,138.31008640008872,53.758720222862465,119.15411729927757,47.86096107967698,,,,,,,,,,,,,,Escalate,No Feasible Solution,302
1.05,0.7,1.0,114.1,85.0,6,7,0.9401120812952918,1.004581645823004,7.0,42.88532576761415,-5.709941243486234,138.31008640008872,38.951893407124665,95.42476063247457,33.24195216363843,0.0,0.0,1.0105068416371243,1.0,0.9499999999971153,1.0105068416371241,7.0,45.07803702937818,-6.276270202975958,138.31008640008872,38.951893407124665,0.0,0.010506841637124342,Support Only,Feasible,14
1.05,0.7,1.0,114.1,85.0,7,8,0.9307233234609231,1.0000000000000002,7.0,10.748137834598566,35.68201308579523,138.31008640008872,38.951893407124665,127.56194856549016,3.2698803213294383,0.0,0.0,1.004524977309837,1.019197555002629,0.9499999866937155,1.0191975550026289,7.0,10.676695815182256,38.95188998250304,138.31008640008872,38.951893407124665,0.0,0.023722532312466127,Support Only,Feasible,457
1.05,0.7,1.0,114.1,85.0,8,2,0.9374787830033948,1.0,9.0,0.0,19.22355405348619,138.31008640008872,38.951893407124665,138.31008640008872,19.728339353638475,0.0,0.0,1.000000000000001,1.0281642821419412,0.9499999999997745,1.028164282141941,9.0,0.0,26.76939932838527,138.31008640008872,38.951893407124665,0.0,0.02816428214194233,Support Only,Feasible,11
1.05,0.7,1.0,114.1,85.0,5,6,0.9215722919927121,1.0000000000000002,5.0,20.378274236066375,6.904260324705547,138.31008640008872,38.951893407124665,117.93181216402235,32.04763308241912,,,,,,,,,,,,,,Escalate,No Feasible Solution,1096
1.05,0.8,0.6,130.4,51.0,6,7,0.9417962517320488,1.0048516535496312,7.0,41.60966810716597,-7.52069103679851,123.06230129491324,78.36612788698956,81.45263318774727,70.84543685019105,0.0,0.0,1.0086984655169076,1.0000000000000062,0.9499999999833848,1.0086984655169073,7.0,43.35049702656546,-7.991985048242711,123.06230129491324,78.36612788698956,0.0,0.008698465516913778,Support Only,Feasible,13
1.05,0.8,0.6,130.4,51.0,7,8,0.922466474297611,1.0,7.0,16.668323556975125,47.16233854633715,123.06230129491324,78.36612788698956,106.39397773793812,31.203789340652406,0.0,0.0,1.0151470411742867,1.0271851770722145,0.9499999999950505,1.027185177072214,9.0,18.264182347977922,51.32756031745534,123.06230129491324,78.36612788698956,0.0,0.04233221824650113,Support Only,Feasible,75
1.05,0.8,0.6,130.4,51.0,8,2,0.9294561653800741,1.0,9.0,0.0,25.867731720267415,123.06230129491324,78.36612788698956,123.06230129491324,52.498396166722145,0.0,0.0,1.0000000000000042,1.0455880467746617,0.9499999993315149,1.0455880467746617,9.0,0.0,38.69376610834253,123.06230129491324,78.36612788698956,0.0,0.04558804677466588,Support Only,Feasible,11
1.05,0.8,0.6,130.4,51.0,5,6,0.9230423038646854,1.0,5.0,19.213874332293088,4.621408363845077,123.06230129491324,78.36612788698956,103.84842696262015,73.74471952314448,,,,,,,,,,,,,,Escalate,No Feasible Solution,995
1.05,0.8,0.7,130.4,59.49999999999999,6,7,0.9416901570526235,1.0050320670872228,7.0,41.770693746859266,-7.55473480812924,123.06230129491324,72.12489168102786,81.29160754805397,64.57015687289862,0.0,0.0,1.0088111108535351,1.0,0.9499999999824019,1.008811110853535,7.0,43.53596045005027,-8.03099030701189,123.06230129491324,72.12489168102786,0.0,0.008811110853535142,Support Only,Feasible,13
1.05,0.8,0.7,130.4,59.49999999999999,7,8,0.9247695827866186,1.0000000000000002,7.0,16.222472724915818,43.85908524144563,123.06230129491324,72.12489168102786,106.83982856999742,28.265806439582235,0.0,0.0,1.0137896409434248,1.0246585928333858,0.9499999999999925,1.0246585928333856,9.0,17.687562004511776,47.63058279515079,123.06230129491324,72.12489168102786,0.0,0.038448233776810614,Support Only,Feasible,60
1.05,0.8,0.7,130.4,59.49999999999999,8,2,0.931814672281795,1.0,9.0,0.0,23.772734760290433,123.06230129491324,72.12489168102786,123.06230129491324,48.35215692073743,0.0,0.0,1.0000000000000042,1.0405429915859647,0.9499999998004025,1.040542991585965,9.0,0.0,35.0565357831012,123.06230129491324,72.12489168102786,0.0,0.04054299158596897,Support Only,Feasible,11
1.05,0.8,0.7,130.4,59.49999999999999,5,6,0.9224768181446817,1.0,5.0,19.866143559659136,4.942402871992826,123.06230129491324,72.12489168102786,103.1961577352541,67.18248880903504,,,,,,,,,,,,,,Escalate,No Feasible Solution,443
1.05,0.8,0.8,130.4,68.0,6,7,0.9415520487420088,1.0050679822380364,7.0,41.98030504172887,-7.29990335132878,123.06230129491324,64.17359269980139,81.08199625318437,56.87368934847261,0.0,0.0,1.0089575402467124,1.0,0.9499999999823803,1.008957540246712,7.0,43.77710808366892,-7.783476596509026,123.06230129491324,64.17359269980139,0.0,0.008957540246712359,Support Only,Feasible,14
1.05,0.8,0.8,130.4,68.0,7,8,0.926824428136398,1.0000000000000004,7.0,15.848628784844394,40.983135379893625,123.06230129491324,64.17359269980139,107.21367251006885,23.190457319907765,0.0,0.0,1.0125932771807398,1.0227068054987634,0.9499999999999222,1.0227068054987634,9.0,17.18077198564866,44.44870677144314,123.06230129491324,64.17359269980139,0.0,0.03530008267950313,Support Only,Feasible,56
1.05,0.8,0.8,130.4,68.0,8,2,0.933930450284512,1.0,9.0,0.0,21.97309244131685,123.06230129491324,64.17359269980139,123.06230129491324,42.20050025848454,0.0,0.0,1.000000000000007,1.0359618534278634,0.9499999999534654,1.0359618534278636,9.0,0.0,31.864809855405866,123.06230129491324,64.17359269980139,0.0,0.035961853427870505,Support Only,Feasible,11
1.05,0.8,0.8,130.4,68.0,5,6,0.9217330771033607,1.0000000000000002,5.0,20.826576559865927,5.524273455508279,123.06230129491324,64.17359269980139,102.23572473504731,58.64931924429311,,,,,,,,,,,,,,Escalate,No Feasible Solution,827
1.05,0.8,0.9,130.4,76.5,6,7,0.9413821019629433,1.0049594441174385,7.0,42.238233656483104,-6.756118364284298,123.06230129491324,53.758720222862465,80.82406763843014,47.00260185857817,0.0,0.0,1.0091375620709822,1.0,0.9499999999896891,1.009137562070982,7.0,44.073671831359135,-7.249371115599423,123.06230129491324,53.758720222862465,0.0,0.009137562070982153,Support Only,Feasible,14
1.05,0.8,0.9,130.4,76.5,7,8,0.9286456175910195,1.0000000000000002,7.0,15.542209908871584,38.512256686809735,123.06230129491324,53.758720222862465,107.52009138604166,15.24646353605273,0.0,0.0,1.0116418858771683,1.020958476943235,0.9499999999999728,1.0209584769432347,9.0,16.77870585577206,41.68474381714567,123.06230129491324,53.758720222862465,0.0,0.03260036282040324,Support Only,Feasible,68
1.05,0.8,0.9,130.4,76.5,8,2,0.9358151276871031,1.0,9.0,0.0,20.459379586549787,123.06230129491324,53.758720222862465,123.06230129491324,33.29934063631268,0.0,0.0,1.0,1.0318378903172452,0.9499999999931401,1.0318378903172454,9.0,0.0,29.106332788418385,123.06230129491324,53.758720222862465,0.0,0.031837890317245154,Support Only,Feasible,11
1.05,0.8,0.9,130.4,76.5,5,6,0.9208119235428746,1.0000000000000002,5.0,22.09606177105259,6.367922753071589,123.06230129491324,53.758720222862465,100.96623952386065,47.390797469790876,,,,,,,,,,,,,,Escalate,No Feasible Solution,783
1.05,0.8,1.0,130.4,85.0,6,7,0.9411803610431099,1.0047059259558526,7.0,42.54440926309228,-5.922284528156801,123.06230129491324,38.951893407124665,80.51789203182096,33.02960887896786,0.0,0.0,1.0093511185900355,1.0,0.9499999999949165,1.0093511185900352,7.0,44.42561478490863,-6.427609710001477,123.06230129491324,38.951893407124665,0.0,0.009351118590035457,Support Only,Feasible,14
1.05,0.8,1.0,130.4,85.0,7,8,0.9302453136229175,1.0000000000000004,7.0,15.299380285399266,36.42797101538442,123.06230129491324,38.951893407124665,107.76292100951397,2.5239223917402427,0.0,0.0,1.0160261742827281,1.0191975859170281,0.9499999999767349,1.0191975693658435,7.0,17.563328228356326,38.951893407124665,123.06230129491324,38.951893407124665,0.0,0.03522376019975626,Support Only,Feasible,61
1.05,0.8,1.0,130.4,85.0,8,2,0.9374787830033948,1.0,9.0,0.0,19.22355405348619,123.06230129491324,38.951893407124665,123.06230129491324,19.728339353638475,0.0,0.0,1.000000000000001,1.0281642821419412,0.9499999999997745,1.028164282141941,9.0,0.0,26.76939932838527,123.06230129491324,38.951893407124665,0.0,0.02816428214194233,Support Only,Feasible,11
1.05,0.8,1.0,130.4,85.0,5,6,0.9197133088878512,1.0,5.0,23.67693545790827,7.475110221710416,123.06230129491324,38.951893407124665,99.38536583700497,31.47678318541425,,,,,,,,,,,,,,Escalate,No Feasible Solution,742
1.05,0.9,0.6,146.70000000000002,51.0,6,7,0.9422233975214335,1.004898918499905,7.0,42.41058057915785,-7.601383643831923,103.09025172148915,78.36612788698956,60.6796711423313,70.76474424315764,0.0,0.0,1.0082154179414782,1.000000000000002,0.9499999999844788,1.0082154179414782,7.0,43.98217208715255,-8.049470315205681,103.09025172148915,78.36612788698956,0.0,0.008215417941480174,Support Only,Feasible,13
1.05,0.9,0.6,146.70000000000002,51.0,7,8,0.9218543642061603,1.0000000000000002,7.0,22.394822362917154,48.115014949479004,103.09025172148915,78.36612788698956,80.695429358572,30.251112937510555,0.0,0.0,1.0273579430553959,1.026859520043727,0.9499999975585622,1.0273579430553956,9.0,26.237872274222127,51.31657170329676,103.09025172148915,78.36612788698956,0.0,0.05421746309912279,Support Only,Feasible,68
1.05,0.9,0.6,146.70000000000002,51.0,8,2,0.9294561653800741,1.0,9.0,0.0,25.867731720267415,103.09025172148915,78.36612788698956,103.09025172148915,52.498396166722145,0.0,0.0,1.0000000000000042,1.0455880467746617,0.9499999993315149,1.0455880467746617,9.0,0.0,38.69376610834253,103.09025172148915,78.36612788698956,0.0,0.04558804677466588,Support Only,Feasible,11
1.05,0.9,0.6,146.70000000000002,51.0,5,6,0.9218079496444077,1.0,5.0,22.06924142697565,5.020253859257053,103.09025172148915,78.36612788698956,81.0210102945135,73.3458740277325,,,,,,,,,,,,,,Escalate,No Feasible Solution,910
1.05,0.9,0.7,146.70000000000002,59.49999999999999,6,7,0.9421094573309279,1.0050726040311977,7.0,42.58368375056375,-7.623952145062319,103.09025172148915,72.12489168102786,60.5065679709254,64.50093953596554,0.0,0.0,1.0083358921743062,1.0,0.949999999984619,1.008335892174306,7.0,44.18016821579283,-8.077556645093281,103.09025172148915,72.12489168102786,0.0,0.008335892174306192,Support Only,Feasible,13
1.05,0.9,0.7,146.70000000000002,59.49999999999999,7,8,0.9241618444695832,1.0,7.0,21.950302706432964,44.805608308702574,103.09025172148915,72.12489168102786,81.13994901505619,27.319283372325287,0.0,0.0,1.025991073669932,1.024702798403492,0.9500000000000003,1.0259910736699325,9.0,25.652397106242063,47.70982926264537,103.09025172148915,72.12489168102786,0.0,0.05069387207342402,Support Only,Feasible,53
1.05,0.9,0.7,146.70000000000002,59.49999999999999,8,2,0.931814672281795,1.0,9.0,0.0,23.772734760290433,103.09025172148915,72.12489168102786,103.09025172148915,48.35215692073743,0.0,0.0,1.0000000000000042,1.0405429915859647,0.9499999998004025,1.040542991585965,9.0,0.0,35.0565357831012,103.09025172148915,72.12489168102786,0.0,0.04054299158596897,Support Only,Feasible,11
1.05,0.9,0.7,146.70000000000002,59.49999999999999,5,6,0.9209307059517378,1.0,5.0,23.07677888147822,5.4402861970426954,103.09025172148915,72.12489168102786,80.01347284001093,66.68460548398517,,,,,,,,,,,,,,Escalate,No Feasible Solution,1042
1.05,0.9,0.8,146.70000000000002,68.0,6,7,0.9419639045572415,1.00510202454682,7.0,42.80481071897984,-7.358041738433485,103.09025172148915,64.17359269980139,60.285441002509316,56.815550961367904,0.0,0.0,1.0084896112440267,1.0000000000000018,0.9499999999863488,1.0084896112440267,7.0,44.43286905070735,-7.819474344992415,103.09025172148915,64.17359269980139,0.0,0.008489611244028472,Support Only,Feasible,14
1.05,0.9,0.8,146.70000000000002,68.0,7,8,0.9262197379444566,1.0,7.0,21.57931453797488,41.925525870250425,103.09025172148915,64.17359269980139,81.51093718351427,22.248066829550964,0.0,0.0,1.024875903485048,1.0227569565394168,0.9499999999999459,1.0248759034850483,9.0,25.176037554091835,44.538273844352204,103.09025172148915,64.17359269980139,0.0,0.047632860024464874,Support Only,Feasible,58
1.05,0.9,0.8,146.70000000000002,68.0,8,2,0.933930450284512,1.0,9.0,0.0,21.97309244131685,103.09025172148915,64.17359269980139,103.09025172148915,42.20050025848454,0.0,0.0,1.000000000000007,1.0359618534278634,0.9499999999534654,1.0359618534278636,9.0,0.0,31.864809855405866,103.09025172148915,64.17359269980139,0.0,0.035961853427870505,Support Only,Feasible,11
1.05,0.9,0.8,146.70000000000002,68.0,5,6,0.9198746189506778,1.0000000000000002,5.0,24.396774016662263,6.122511221366622,103.09025172148915,64.17359269980139,78.69347770482689,58.05108147843477,,,,,,,,,,,,,,Escalate,No Feasible Solution,327
1.05,0.9,0.9,146.70000000000002,76.5,6,7,0.941786898532748,1.0049871963133004,7.0,43.07371687538273,-6.803524247850035,103.09025172148915,53.758720222862465,60.016534846106424,46.95519597501243,0.0,0.0,1.0086763998506756,1.0000000000000024,0.9499999999925294,1.0086763998506756,7.0,44.74003552715595,-7.275104050721893,103.09025172148915,53.758720222862465,0.0,0.00867639985067803,Support Only,Feasible,14
1.05,0.9,0.9,146.70000000000002,76.5,7,8,0.9280427996789568,1.0000000000000002,7.0,21.2771631640029,39.45231375116634,103.09025172148915,53.758720222862465,81.81308855748625,14.306406471696121,0.0,0.0,1.0240003546870409,1.0210143809472276,0.9499999999923378,1.0240003546870409,9.0,24.802856514746793,41.784189251813416,103.09025172148915,53.758720222862465,0.0,0.0450147356342685,Support Only,Feasible,48
1.05,0.9,0.9,146.70000000000002,76.5,8,2,0.9358151276871031,1.0,9.0,0.0,20.459379586549787,103.09025172148915,53.758720222862465,103.09025172148915,33.29934063631268,0.0,0.0,1.0,1.0318378903172452,0.9499999999931401,1.0318378903172454,9.0,0.0,29.106332788418385,103.09025172148915,53.758720222862465,0.0,0.031837890317245154,Support Only,Feasible,11
1.05,0.9,0.9,146.70000000000002,76.5,5,6,0.9186390089098145,1.0000000000000004,5.0,26.03206610747432,7.068508256712562,103.09025172148915,53.758720222862465,77.05818561401483,46.6902119661499,,,,,,,,,,,,,,Escalate,No Feasible Solution,571
1.05,0.9,1.0,146.70000000000002,85.0,6,7,0.9415784705780019,1.0047275662805677,7.0,43.390351544708494,-5.959258875574825,103.09025172148915,38.951893407124665,59.69990017678066,32.99263453154984,0.0,0.0,1.0088962132656212,1.000000000000004,0.949999999996734,1.0088962132656207,7.0,45.101653604429714,-6.443338860286069,103.09025172148915,38.951893407124665,0.0,0.008896213265625175,Support Only,Feasible,14
1.05,0.9,1.0,146.70000000000002,85.0,7,8,0.9296433036112003,1.0,7.0,21.039923454510685,37.367324992044324,103.09025172148915,38.951893407124665,82.05032826697847,1.5845684150803407,0.0,0.0,1.0297938423980795,1.0191975833998248,0.9499999999999873,1.0297938423980795,7.0,25.869345623593404,38.951893407124665,103.09025172148915,38.951893407124665,0.0,0.048991425797904276,Support Only,Feasible,55
1.05,0.9,1.0,146.70000000000002,85.0,8,2,0.9374787830033948,1.0,9.0,0.0,19.22355405348619,103.09025172148915,38.951893407124665,103.09025172148915,19.728339353638475,0.0,0.0,1.000000000000001,1.0281642821419412,0.9499999999997745,1.028164282141941,9.0,0.0,26.76939932838527,103.09025172148915,38.951893407124665,0.0,0.02816428214194233,Support Only,Feasible,11
1.05,0.9,1.0,146.70000000000002,85.0,5,6,0.9172222589816357,1.0,5.0,27.987050166118934,8.280751365925902,103.09025172148915,38.951893407124665,75.10320155537022,30.671142041198763,,,,,,,,,,,,,,Escalate,No Feasible Solution,348
1.05,1.0,0.6,163.0,51.0,6,7,0.941994369401142,1.004846922056476,7.0,44.38022269760961,-7.512613242907577,74.69598382778022,78.36612788698956,30.315761130170614,70.85351464408198,0.0,0.0,1.0084140788055729,1.0,0.9499999999894129,1.0084140788055729,7.0,45.90424306064298,-7.9765283028043115,74.69598382778022,78.36612788698956,0.0,0.008414078805572878,Support Only,Feasible,14
1.05,1.0,0.6,163.0,51.0,7,8,0.9210988223279474,1.0000000000000002,7.0,29.401948199326853,49.290744070098086,74.69598382778022,78.36612788698956,45.29403562845337,29.075383816891474,0.0,0.0,1.0410689002599494,1.0269242550983728,0.949999999996701,1.0410689002599494,9.0,35.443168810610416,51.43306955073619,74.69598382778022,78.36612788698956,0.0,0.06799315535832218,Support Only,Feasible,42
1.05,1.0,0.6,163.0,51.0,8,2,0.9294561653800741,1.0,9.0,0.0,25.867731720267415,74.69598382778022,78.36612788698956,74.69598382778022,52.498396166722145,0.0,0.0,1.0000000000000042,1.0455880467746617,0.9499999993315149,1.0455880467746617,9.0,0.0,38.69376610834253,74.69598382778022,78.36612788698956,0.0,0.04558804677466588,Support Only,Feasible,11
1.05,1.0,0.6,163.0,51.0,5,6,0.9199522523126784,1.0,5.0,25.913190060108377,5.647117202992675,74.69598382778022,78.36612788698956,48.78279376767185,72.71901068399688,,,,,,,,,,,,,,Escalate,No Feasible Solution,1003
1.05,1.0,0.7,163.0,59.49999999999999,6,7,0.9418724161608164,1.0050141816481857,7.0,44.56568757100892,-7.524195197049451,74.69598382778022,72.12489168102786,30.130296256771302,64.60069648397841,0.0,0.0,1.0085423158907423,1.0,0.9499999999929948,1.0085423158907423,7.0,46.11487586130022,-7.9941222402265595,74.69598382778022,72.12489168102786,0.0,0.00854231589074228,Support Only,Feasible,14
1.05,1.0,0.7,163.0,59.49999999999999,7,8,0.9234143835661697,1.0,7.0,28.95500311604104,45.96956621339034,74.69598382778022,72.12489168102786,45.740980711739184,26.155325467637525,0.0,0.0,1.0397848572992268,1.0247731366344608,0.9499999999999974,1.0397848572992263,9.0,34.887381705634795,47.8359590562595,74.69598382778022,72.12489168102786,0.0,0.06455799393368755,Support Only,Feasible,67
1.05,1.0,0.7,163.0,59.49999999999999,8,2,0.931814672281795,1.0,9.0,0.0,23.772734760290433,74.69598382778022,72.12489168102786,74.69598382778022,48.35215692073743,0.0,0.0,1.0000000000000042,1.0405429915859647,0.9499999998004025,1.040542991585965,9.0,0.0,35.0565357831012,74.69598382778022,72.12489168102786,0.0,0.04054299158596897,Support Only,Feasible,11
1.05,1.0,0.7,163.0,59.49999999999999,5,6,0.9187592113487486,1.0,5.0,27.287545320600117,6.169128439548047,74.69598382778022,72.12489168102786,47.40843850718011,65.95576324147981,,,,,,,,,,,,,,Escalate,No Feasible Solution,831
1.05,1.0,0.8,163.0,68.0,6,7,0.9417190590646727,1.0050372627868265,7.0,44.79890716732859,-7.247439828715798,74.69598382778022,64.17359269980139,29.89707666045163,56.92615287108559,0.0,0.0,1.0087033996097547,1.0,0.9499999999961745,1.0087033996097547,7.0,46.37953508489046,-7.725704766521346,74.69598382778022,64.17359269980139,0.0,0.008703399609754747,Support Only,Feasible,14
1.05,1.0,0.8,163.0,68.0,7,8,0.9254785160233052,1.0000000000000002,7.0,28.583757509285874,43.0805247186028,74.69598382778022,64.17359269980139,46.11222631849435,21.093067981198587,0.0,0.0,1.0387470344151006,1.0228327216150248,0.949999999999874,1.0387470344151004,9.0,34.439318100271436,44.673635644404754,74.69598382778022,64.17359269980139,0.0,0.06157975603012544,Support Only,Feasible,90
1.05,1.0,0.8,163.0,68.0,8,2,0.933930450284512,1.0,9.0,0.0,21.97309244131685,74.69598382778022,64.17359269980139,74.69598382778022,42.20050025848454,0.0,0.0,1.000000000000007,1.0359618534278634,0.9499999999534654,1.0359618534278636,9.0,0.0,31.864809855405866,74.69598382778022,64.17359269980139,0.0,0.035961853427870505,Support Only,Feasible,11
1.05,1.0,0.8,163.0,68.0,5,6,0.9173838824938527,1.0,5.0,28.982256937534643,6.955744050586716,74.69598382778022,64.17359269980139,45.71372689024558,57.21784864921467,,,,,,,,,,,,,,Escalate,No Feasible Solution,1028
1.05,1.0,0.9,163.0,76.5,6,7,0.9415344431709487,1.0049161545746295,7.0,45.079658259315295,-6.682171813140343,74.69598382778022,53.758720222862465,29.61632556846493,47.07654840972212,0.0,0.0,1.0088971693618234,1.0,0.9499999999985399,1.0088971693618234,7.0,46.698007783439806,-7.171112313945194,74.69598382778022,53.758720222862465,0.0,0.008897169361823387,Support Only,Feasible,14
1.05,1.0,0.9,163.0,76.5,7,8,0.9273061931235757,1.0000000000000002,7.0,28.28334557585862,40.60083727092071,74.69598382778022,53.758720222862465,46.41263825192161,13.157882951941758,0.0,0.0,1.0379436926911882,1.0210953781567544,0.9499999999932349,1.037943692691188,9.0,34.09319357370168,41.92844071037261,74.69598382778022,53.758720222862465,0.0,0.05903907084794269,Support Only,Feasible,141
1.05,1.0,0.9,163.0,76.5,8,2,0.9358151276871031,1.0,9.0,0.0,20.459379586549787,74.69598382778022,53.758720222862465,74.69598382778022,33.29934063631268,0.0,0.0,1.0,1.0318378903172452,0.9499999999931401,1.0318378903172454,9.0,0.0,29.106332788418385,74.69598382778022,53.758720222862465,0.0,0.031837890317245154,Support Only,Feasible,11
1.05,1.0,0.9,163.0,76.5,5,6,0.9158239284238407,1.0000000000000002,5.0,31.002370235247014,8.009296904133684,74.69598382778022,53.758720222862465,43.69361359253321,45.74942331872878,,,,,,,,,,,,,,Escalate,No Feasible Solution,1257
1.05,1.0,1.0,163.0,85.0,6,7,0.9413185871086696,1.0046502777451003,7.0,45.40790935720344,-5.827204786996447,74.69598382778022,38.951893407124665,29.288074470576788,33.12468862012822,0.0,0.0,1.0091235927185203,1.0000000000000018,0.9499999999997093,1.0091235927185203,7.0,47.07030174453834,-6.32919549760868,74.69598382778022,38.951893407124665,0.0,0.009123592718522033,Support Only,Feasible,14
1.05,1.0,1.0,163.0,85.0,7,8,0.928909858357387,1.0,7.0,28.04970556216314,38.511602269250595,74.69598382778022,38.951893407124665,46.646278265617084,0.4402911378740697,0.0,0.0,1.0456339399025385,1.019197583440665,0.9500000007338864,1.0456339399025387,7.0,35.52628956836044,38.951893407124665,74.69598382778022,38.951893407124665,0.0,0.06483152334320352,Support Only,Feasible,51
1.05,1.0,1.0,163.0,85.0,8,2,0.9374787830033948,1.0,9.0,0.0,19.22355405348619,74.69598382778022,38.951893407124665,74.69598382778022,19.728339353638475,0.0,0.0,1.000000000000001,1.0281642821419412,0.9499999999997745,1.028164282141941,9.0,0.0,26.76939932838527,74.69598382778022,38.951893407124665,0.0,0.02816428214194233,Support Only,Feasible,11
1.05,1.0,1.0,163.0,85.0,5,6,0.914075959044407,1.0000000000000007,5.0,33.35468732878286,9.333082418311555,74.69598382778022,38.951893407124665,41.341296498997366,29.61881098881311,,,,,,,,,,,,,,Escalate,No Feasible Solution,1253
1.1,0.6,0.6,97.8,51.0,3,6,0.9460176071499469,1.0,9.0,26.35145394052367,0.0,150.27857465387407,78.36612788698956,123.9271207133504,78.36612788698956,0.0,0.0,1.0079114315187996,1.0,0.9499999998853521,1.0079114315187994,9.0,28.43677229746754,0.0,150.27857465387407,78.36612788698956,0.0,0.007911431518799583,Support Only,Feasible,11
1.1,0.6,0.6,97.8,51.0,6,7,0.9324612178008681,1.003272485102599,7.0,49.985198250622005,-4.8246697855589105,150.27857465387407,78.36612788698956,100.29337640325207,73.54145810143065,0.0,0.0,1.0206329360328643,1.0000000000000042,0.9499999999705194,1.020632936032864,9.0,54.424716405289615,-5.962600444426116,150.27857465387407,78.36612788698956,0.0,0.020632936032868532,Support Only,Feasible,11
1.1,0.6,0.6,97.8,51.0,7,8,0.914683612231744,1.0000000000000004,7.0,11.259941942232075,53.82396068657694,150.27857465387407,78.36612788698956,139.018632711642,24.54216720041262,0.0,0.0,1.0063947954561954,1.0345532978544516,0.9499999999998668,1.0345532978544518,9.0,10.753421718957867,59.92073771469056,150.27857465387407,78.36612788698956,0.0,0.04094809331064697,Support Only,Feasible,73
1.1,0.6,0.6,97.8,51.0,8,2,0.9175200386197148,1.0,9.0,0.0,34.07232302427819,150.27857465387407,78.36612788698956,150.27857465387407,44.29380486271137,,,,,,,,,,,,,,Escalate,No Feasible Solution,782
1.1,0.6,0.6,97.8,51.0,5,6,0.9163716455175498,1.0,5.0,19.957444269245855,6.33009933271903,150.27857465387407,78.36612788698956,130.32113038462822,72.03602855427053,,,,,,,,,,,,,,Escalate,No Feasible Solution,342
1.1,0.6,0.7,97.8,59.49999999999999,3,6,0.9460176071499469,1.0,9.0,26.35145394052367,0.0,150.27857465387407,72.12489168102786,123.9271207133504,72.12489168102786,0.0,0.0,1.0079114315187996,1.0,0.9499999998853521,1.0079114315187994,9.0,28.43677229746754,0.0,150.27857465387407,72.12489168102786,0.0,0.007911431518799583,Support Only,Feasible,11
1.1,0.6,0.7,97.8,59.49999999999999,6,7,0.9323865638820457,1.0034886825761204,7.0,50.09785270121705,-4.919384018537571,150.27857465387407,72.12489168102786,100.18072195265702,67.20550766249029,0.0,0.0,1.0211696964977566,1.0,0.9499999999708634,1.0211696964977566,9.0,54.659759520543815,-6.0834617030745335,150.27857465387407,72.12489168102786,0.0,0.021169696497756574,Support Only,Feasible,11
1.1,0.6,0.7,97.8,59.49999999999999,7,8,0.9172279455635672,1.0,7.0,10.715600315042593,50.17336193604194,150.27857465387407,72.12489168102786,139.56297433883148,21.95152974498592,0.0,0.0,1.0044480512095708,1.0322261205756131,0.9500000885100498,1.0322261205756134,9.0,9.915792429872283,55.956299924507846,150.27857465387407,72.12489168102786,0.0,0.03667417178518395,Support Only,Feasible,142
1.1,0.6,0.7,97.8,59.49999999999999,8,2,0.9202474502209731,1.0,9.0,0.0,31.723550653634916,150.27857465387407,72.12489168102786,150.27857465387407,40.401341027392945,,,,,,,,,,,,,,Escalate,No Feasible Solution,239
1.1,0.6,0.7,97.8,59.49999999999999,5,6,0.9166463898211694,1.0,5.0,19.71449287104798,6.389850290693175,150.27857465387407,72.12489168102786,130.5640817828261,65.73504139033469,,,,,,,,,,,,,,Escalate,No Feasible Solution,137
1.1,0.6,0.8,97.8,68.0,3,6,0.9460176071499469,1.0,9.0,26.35145394052367,0.0,150.27857465387407,64.17359269980139,123.9271207133504,64.17359269980139,0.0,0.0,1.0079114315187996,1.0,0.9499999998853521,1.0079114315187994,9.0,28.43677229746754,0.0,150.27857465387407,64.17359269980139,0.0,0.007911431518799583,Support Only,Feasible,11
1.1,0.6,0.8,97.8,68.0,6,7,0.9322769229651096,1.003557621805886,7.0,50.26330118497066,-4.7204653231874545,150.27857465387407,64.17359269980139,100.01527346890342,59.453127376613935,0.0,0.0,1.0219528044459527,1.0000000000000044,0.9499999999711942,1.0219528044459525,9.0,55.003152445323764,-5.925450179306118,150.27857465387407,64.17359269980139,0.0,0.021952804445957153,Support Only,Feasible,11
1.1,0.6,0.8,97.8,68.0,7,8,0.9195038997757227,1.0000000000000004,7.0,10.248565030491847,46.97802771779786,150.27857465387407,64.17359269980139,140.03000962338223,17.195564982003532,0.0,0.0,1.0027858061154222,1.0301173844220235,0.9499999999998827,1.0301173844220235,9.0,9.203385371919865,52.44747576799874,150.27857465387407,64.17359269980139,0.0,0.032903190537445726,Support Only,Feasible,52
1.1,0.6,0.8,97.8,68.0,8,2,0.922705815271471,1.0,9.0,0.0,29.689836646672617,150.27857465387407,64.17359269980139,150.27857465387407,34.48375605312877,,,,,,,,,,,,,,Escalate,No Feasible Solution,290
1.1,0.6,0.8,97.8,68.0,5,6,0.9167259977614721,1.0000000000000004,5.0,19.788257227068925,6.713908118515917,150.27857465387407,64.17359269980139,130.49031742680515,57.45968458128547,,,,,,,,,,,,,,Escalate,No Feasible Solution,43
1.1,0.6,0.9,97.8,76.5,3,6,0.9460176071499469,1.0,9.0,26.35145394052367,0.0,150.27857465387407,53.758720222862465,123.9271207133504,53.758720222862465,0.0,0.0,1.0079114315187996,1.0,0.9499999998853521,1.0079114315187994,9.0,28.43677229746754,0.0,150.27857465387407,53.758720222862465,0.0,0.007911431518799583,Support Only,Feasible,11
1.1,0.6,0.9,97.8,76.5,6,7,0.9321325672304067,1.0034795194780506,7.0,50.48113055528472,-4.228129567662286,150.27857465387407,53.758720222862465,99.79744409858935,49.53059065520018,0.0,0.0,1.0229803380201836,1.0,0.9499999999706343,1.0229803380201832,9.0,55.45458311720682,-5.488737699813903,150.27857465387407,53.758720222862465,0.0,0.02298033802018362,Support Only,Feasible,11
1.1,0.6,0.9,97.8,76.5,7,8,0.9215291527703862,1.0000000000000002,7.0,9.85331578591095,44.21128307266339,150.27857465387407,53.758720222862465,140.42525886796312,9.547437150199073,0.0,0.0,1.0012076590776133,1.0288970264786816,0.9499999999999982,1.0288970264786814,9.0,8.529316313726639,49.518322233574665,150.27857465387407,53.758720222862465,0.0,0.030104685556294974,Support Only,Feasible,71
1.1,0.6,0.9,97.8,76.5,8,2,0.9249098552296725,1.0000000000000002,9.0,0.0,27.959454501152862,150.27857465387407,53.758720222862465,150.27857465387407,25.799265721709602,,,,,,,,,,,,,,Escalate,No Feasible Solution,171
1.1,0.6,0.9,97.8,76.5,5,6,0.9166155440097417,1.0,5.0,20.174836398541743,7.301477481570174,150.27857465387407,53.758720222862465,130.10373825533233,46.45724274129229,,,,,,,,,,,,,,Escalate,No Feasible Solution,178
1.1,0.6,1.0,97.8,85.0,3,6,0.9460176071499469,1.0,9.0,26.35145394052367,0.0,150.27857465387407,38.951893407124665,123.9271207133504,38.951893407124665,0.0,0.0,1.0079114315187996,1.0,0.9499999998853521,1.0079114315187994,9.0,28.43677229746754,0.0,150.27857465387407,38.951893407124665,0.0,0.007911431518799583,Support Only,Feasible,11
1.1,0.6,1.0,97.8,85.0,6,7,0.9319536163059765,1.003253989846594,7.0,50.75115711631443,-3.441522895499716,150.27857465387407,38.951893407124665,99.52741753755964,35.51037051162495,0.0,0.0,1.0242512979540033,1.0,0.9499999999709224,1.0242512979540033,9.0,56.01430484800056,-4.772585524646971,150.27857465387407,38.951893407124665,0.0,0.02425129795400327,Support Only,Feasible,11
1.1,0.6,1.0,97.8,85.0,7,8,0.9060480363008465,1.0,7.0,10.467433994323613,38.951893407124665,150.27857465387407,38.951893407124665,139.81114065955046,0.0,0.0,2.4493199552334954,1.0499999999865743,1.0499246705033856,0.9499999996587422,1.0499999999865741,7.0,20.199686049154963,43.90484283250073,150.2785746538748,43.90484283250073,2.4493199552334954,0.0999246704899599,Headroom + Support,Feasible,101
1.1,0.6,1.0,97.8,85.0,8,2,0.9268722577244337,1.0,9.0,0.0,26.52242376303412,150.27857465387407,38.951893407124665,150.27857465387407,12.429469644090545,,,,,,,,,,,,,,Escalate,No Feasible Solution,1986
1.1,0.6,1.0,97.8,85.0,5,6,0.9163189954998202,1.0000000000000002,5.0,20.871880729722136,8.152653946773064,150.27857465387407,38.951893407124665,129.40669392415194,30.7992394603516,,,,,,,,,,,,,,Escalate,No Feasible Solution,432
1.1,0.7,0.6,114.1,51.0,3,6,0.9481063341813174,1.0000000000000002,9.0,25.05447289599536,0.0,138.31008640008872,78.36612788698956,113.25561350409336,78.36612788698956,0.0,0.0,1.0037627540233063,1.0,0.9499999997155752,1.003762754023306,9.0,26.018704890758897,0.0,138.31008640008872,78.36612788698956,0.0,0.0037627540233062806,Support Only,Feasible,11
1.1,0.7,0.6,114.1,51.0,6,7,0.9345485941206154,1.0036024588640196,7.0,47.94713564458232,-5.388014858571665,138.31008640008872,78.36612788698956,90.3629507555064,72.9781130284179,0.0,0.0,1.0162943025158688,1.0,0.9499999999999691,1.0162943025158688,7.0,51.345327998793266,-6.282578493963783,138.31008640008872,78.36612788698956,0.0,0.01629430251586883,Support Only,Feasible,14
1.1,0.7,0.6,114.1,51.0,7,8,0.9143591656779838,1.0000000000000002,7.0,14.595860414122683,54.32544929699701,138.31008640008872,78.36612788698956,123.71422598596604,24.040678589992552,0.0,0.0,1.0144055013916475,1.0345134215013496,0.9499999931527042,1.0345134215013496,7.0,15.777468387286604,59.84812669500765,138.31008640008872,78.36612788698956,0.0,0.04891892289299715,Support Only,Feasible,85
1.1,0.7,0.6,114.1,51.0,8,2,0.9175200386197148,1.0,9.0,0.0,34.07232302427819,138.31008640008872,78.36612788698956,138.31008640008872,44.29380486271137,,,,,,,,,,,,,,Escalate,No Feasible Solution,699
1.1,0.7,0.6,114.1,51.0,5,6,0.9167682526551055,1.0,5.0,20.590124475480764,6.200785511649272,138.31008640008872,78.36612788698956,117.71996192460796,72.16534237534029,,,,,,,,,,,,,,Escalate,No Feasible Solution,27
1.1,0.7,0.7,114.1,59.49999999999999,3,6,0.9481063341813174,1.0000000000000002,9.0,25.05447289599536,0.0,138.31008640008872,72.12489168102786,113.25561350409336,72.12489168102786,0.0,0.0,1.0037627540233063,1.0,0.9499999997155752,1.003762754023306,9.0,26.018704890758897,0.0,138.31008640008872,72.12489168102786,0.0,0.0037627540233062806,Support Only,Feasible,11
1.1,0.7,0.7,114.1,59.49999999999999,6,7,0.9344653349850701,1.0038105931513706,7.0,48.07290218956743,-5.469051263143882,138.31008640008872,72.12489168102786,90.23718421052129,66.65584041788398,0.0,0.0,1.016382623428813,1.0,0.9499999999999897,1.016382623428813,7.0,51.49271215288678,-6.365963015145766,138.31008640008872,72.12489168102786,0.0,0.016382623428812915,Support Only,Feasible,14
1.1,0.7,0.7,114.1,59.49999999999999,7,8,0.9169007361064725,1.0,7.0,14.059401049261993,50.67952674583586,138.31008640008872,72.12489168102786,124.25068535082673,21.445364935192003,0.0,0.0,1.0125614499324733,1.032196522896852,0.9499999991286017,1.032196522896852,9.0,14.982499561504255,55.89933511026976,138.31008640008872,72.12489168102786,0.0,0.044757972829325254,Support Only,Feasible,195
1.1,0.7,0.7,114.1,59.49999999999999,8,2,0.9202474502209731,1.0,9.0,0.0,31.723550653634916,138.31008640008872,72.12489168102786,138.31008640008872,40.401341027392945,,,,,,,,,,,,,,Escalate,No Feasible Solution,134
1.1,0.7,0.7,114.1,59.49999999999999,5,6,0.9167080992465452,1.0000000000000002,5.0,20.70738409383111,6.361703243754448,138.31008640008872,72.12489168102786,117.60270230625761,65.76318843727341,,,,,,,,,,,,,,Escalate,No Feasible Solution,257
1.1,0.7,0.8,114.1,68.0,3,6,0.9481063341813174,1.0000000000000002,9.0,25.05447289599536,0.0,138.31008640008872,64.17359269980139,113.25561350409336,64.17359269980139,0.0,0.0,1.0037627540233063,1.0,0.9499999997155752,1.003762754023306,9.0,26.018704890758897,0.0,138.31008640008872,64.17359269980139,0.0,0.0037627540233062806,Support Only,Feasible,11
1.1,0.7,0.8,114.1,68.0,6,7,0.9343481198284338,1.0038721658999072,7.0,48.24995833768355,-5.257653495171311,138.31008640008872,64.17359269980139,90.06012806240517,58.91593920463008,0.0,0.0,1.0165063891980983,1.0,0.9499999746966833,1.0165063891980985,7.0,51.69932539390854,-6.159907524838182,138.31008640008872,64.17359269980139,0.0,0.016506389198098326,Support Only,Feasible,11
1.1,0.7,0.8,114.1,68.0,7,8,0.9191735841584241,1.0000000000000002,7.0,13.600693894254675,47.48938304503281,138.31008640008872,64.17359269980139,124.70939250583405,16.68420965476858,0.0,0.0,1.0109967013947516,1.030093414390376,0.9499999999999329,1.030093414390376,9.0,14.310392624349618,52.40420366527752,138.31008640008872,64.17359269980139,0.0,0.04109011578512756,Support Only,Feasible,65
1.1,0.7,0.8,114.1,68.0,8,2,0.922705815271471,1.0,9.0,0.0,29.689836646672617,138.31008640008872,64.17359269980139,138.31008640008872,34.48375605312877,,,,,,,,,,,,,,Escalate,No Feasible Solution,472
1.1,0.7,0.8,114.1,68.0,5,6,0.9164596602411068,1.0,5.0,21.13752149229427,6.785739777569447,138.31008640008872,64.17359269980139,117.17256490779445,57.38785292223194,,,,,,,,,,,,,,Escalate,No Feasible Solution,596
1.1,0.7,0.9,114.1,76.5,3,6,0.9481063341813174,1.0000000000000002,9.0,25.05447289599536,0.0,138.31008640008872,53.758720222862465,113.25561350409336,53.758720222862465,0.0,0.0,1.0037627540233063,1.0,0.9499999997155752,1.003762754023306,9.0,26.018704890758897,0.0,138.31008640008872,53.758720222862465,0.0,0.0037627540233062806,Support Only,Feasible,11
1.1,0.7,0.9,114.1,76.5,6,7,0.9341971947971434,1.0037873551853456,7.0,48.47792980451999,-4.75397129347553,138.31008640008872,53.758720222862465,89.83215659556873,49.004748929386935,0.0,0.0,1.0171952138401161,1.000000000000009,0.9499999999350703,1.0171952138401161,9.0,52.078426246199456,-5.69342386046705,138.31008640008872,53.758720222862465,0.0,0.017195213840125234,Support Only,Feasible,11
1.1,0.7,0.9,114.1,76.5,7,8,0.9211954069514833,1.0,7.0,13.21420061563768,44.72831716561586,138.31008640008872,53.758720222862465,125.09588578445104,9.030403057246602,0.0,0.0,1.0096948039366285,1.0282019125493058,0.9499999999995146,1.0282019125493058,9.0,13.752906760035756,49.34391610340471,138.31008640008872,53.758720222862465,0.0,0.03789671648593429,Support Only,Feasible,137
1.1,0.7,0.9,114.1,76.5,8,2,0.9249098552296725,1.0000000000000002,9.0,0.0,27.959454501152862,138.31008640008872,53.758720222862465,138.31008640008872,25.799265721709602,,,,,,,,,,,,,,Escalate,No Feasible Solution,286
1.1,0.7,0.9,114.1,76.5,5,6,0.9160262260649237,1.0000000000000002,5.0,21.878619437878825,7.4727883609099095,138.31008640008872,53.758720222862465,116.4314669622099,46.285931861952555,,,,,,,,,,,,,,Escalate,No Feasible Solution,358
1.1,0.7,1.0,114.1,85.0,3,6,0.9481063341813174,1.0000000000000002,9.0,25.05447289599536,0.0,138.31008640008872,38.951893407124665,113.25561350409336,38.951893407124665,0.0,0.0,1.0037627540233063,1.0,0.9499999997155752,1.003762754023306,9.0,26.018704890758897,0.0,138.31008640008872,38.951893407124665,0.0,0.0037627540233062806,Support Only,Feasible,11
1.1,0.7,1.0,114.1,85.0,6,7,0.9340126609417205,1.003555744680985,7.0,48.75666077958235,-3.9570985254018183,138.31008640008872,38.951893407124665,89.55342562050637,34.99479488172285,0.0,0.0,1.0185143502463978,1.0,0.9499999999414678,1.0185143502463982,9.0,52.645036741339425,-4.969243110295643,138.31008640008872,38.951893407124665,0.0,0.018514350246397804,Support Only,Feasible,11
1.1,0.7,1.0,114.1,85.0,7,8,0.9025008134993718,1.0,7.0,14.020682671428261,38.951893407124665,138.31008640008872,38.951893407124665,124.28940372866046,0.0,0.0,2.782495967099466,1.0499999999765126,1.0499500998588447,0.9499999999262302,1.049999999976513,7.0,23.061219160780695,44.52563341042984,138.31008640008872,44.52563341042984,2.782495967099466,0.0999500998353573,Headroom + Support,Feasible,111
1.1,0.7,1.0,114.1,85.0,8,2,0.9268722577244337,1.0,9.0,0.0,26.52242376303412,138.31008640008872,38.951893407124665,138.31008640008872,12.429469644090545,,,,,,,,,,,,,,Escalate,No Feasible Solution,2128
1.1,0.7,1.0,114.1,85.0,5,6,0.9154100902674985,1.0000000000000002,5.0,22.930243798595768,8.423613448021236,138.31008640008872,38.951893407124665,115.37984260149295,30.52827995910343,,,,,,,,,,,,,,Escalate,No Feasible Solution,374
1.1,0.8,0.6,130.4,51.0,3,6,0.9494528445010251,1.0,9.0,24.720771493201667,0.0,123.06230129491324,78.36612788698956,98.34152980171157,78.36612788698956,0.0,0.0,1.0010846540986298,1.0,0.949999999489296,1.0010846540986302,9.0,24.989941588727064,0.0,123.06230129491324,78.36612788698956,0.0,0.0010846540986297892,Support Only,Feasible,11
1.1,0.8,0.6,130.4,51.0,6,7,0.935909398297947,1.0038166874087862,7.0,47.174105203466056,-5.75375474536969,123.06230129491324,78.36612788698956,75.88819609144718,72.61237314161987,0.0,0.0,1.0148340479307836,1.0,0.9499999999994841,1.0148340479307834,7.0,50.15893575210019,-6.568240336840617,123.06230129491324,78.36612788698956,0.0,0.014834047930783578,Support Only,Feasible,14
1.1,0.8,0.6,130.4,51.0,7,8,0.9138974888676605,1.0000000000000002,7.0,19.08717408531551,55.03898116699288,123.06230129491324,78.36612788698956,103.97512720959773,23.327146719996676,0.0,0.0,1.0242804824422458,1.03450350393141,0.9499999865998935,1.0345035039314103,7.0,22.18863550163705,59.830069504637024,123.06230129491324,78.36612788698956,0.0,0.058783986373655894,Support Only,Feasible,70
1.1,0.8,0.6,130.4,51.0,8,2,0.9175200386197148,1.0,9.0,0.0,34.07232302427819,123.06230129491324,78.36612788698956,123.06230129491324,44.29380486271137,,,,,,,,,,,,,,Escalate,No Feasible Solution,441
1.1,0.8,0.6,130.4,51.0,5,6,0.9165072112643853,1.0,5.0,22.20441061251016,6.299544554699153,123.06230129491324,78.36612788698956,100.85789068240308,72.0665833322904,,,,,,,,,,,,,,Escalate,No Feasible Solution,293
1.1,0.8,0.7,130.4,59.49999999999999,3,6,0.9494528445010251,1.0,9.0,24.720771493201667,0.0,123.06230129491324,72.12489168102786,98.34152980171157,72.12489168102786,0.0,0.0,1.0010846540986298,1.0,0.949999999489296,1.0010846540986302,9.0,24.989941588727064,0.0,123.06230129491324,72.12489168102786,0.0,0.0010846540986297892,Support Only,Feasible,11
1.1,0.8,0.7,130.4,59.49999999999999,6,7,0.9358178396549797,1.0040173014415197,7.0,47.312548556586265,-5.822008726728924,123.06230129491324,72.12489168102786,75.74975273832698,66.30288295429894,0.0,0.0,1.0149308337787926,1.0000000000000113,0.949999999999725,1.0149308337787928,7.0,50.319873973865654,-6.639606325508183,123.06230129491324,72.12489168102786,0.0,0.014930833778803887,Support Only,Feasible,14
1.1,0.8,0.7,130.4,59.49999999999999,7,8,0.9164402621803415,1.0000000000000002,7.0,18.554705804581502,51.39177104223225,123.06230129491324,72.12489168102786,104.50759549033174,20.73312063879561,0.0,0.0,1.0225357199909977,1.0321918997873787,0.9499999720850286,1.0321918997873787,9.0,21.43296237892899,55.89442806313477,123.06230129491324,72.12489168102786,0.0,0.05472761977837637,Support Only,Feasible,80
1.1,0.8,0.7,130.4,59.49999999999999,8,2,0.9202474502209731,1.0,9.0,0.0,31.723550653634916,123.06230129491324,72.12489168102786,123.06230129491324,40.401341027392945,,,,,,,,,,,,,,Escalate,No Feasible Solution,232
1.1,0.8,0.7,130.4,59.49999999999999,5,6,0.9161218804790404,1.0,5.0,22.678360866033742,6.560397879421089,123.06230129491324,72.12489168102786,100.3839404288795,65.56449380160677,,,,,,,,,,,,,,Escalate,No Feasible Solution,411
1.1,0.8,0.8,130.4,68.0,3,6,0.9494528445010251,1.0,9.0,24.720771493201667,0.0,123.06230129491324,64.17359269980139,98.34152980171157,64.17359269980139,0.0,0.0,1.0010846540986298,1.0,0.949999999489296,1.0010846540986302,9.0,24.989941588727064,0.0,123.06230129491324,64.17359269980139,0.0,0.0010846540986297892,Support Only,Feasible,11
1.1,0.8,0.8,130.4,68.0,6,7,0.9356930818503404,1.0040718602651908,7.0,47.50118870496972,-5.598697595875279,123.06230129491324,64.17359269980139,75.56111258994352,58.57489510392611,0.0,0.0,1.0150622760853896,1.0000000000000093,0.949999999999885,1.0150622760853896,7.0,50.53848808131248,-6.422253618749387,123.06230129491324,64.17359269980139,0.0,0.015062276085398896,Support Only,Feasible,14
1.1,0.8,0.8,130.4,68.0,7,8,0.9187134223835752,1.0000000000000002,7.0,18.10100698075034,48.201682105061664,123.06230129491324,64.17359269980139,104.9612943141629,15.971910594739725,0.0,0.0,1.0210626220019388,1.0300979972135818,0.9499999458545063,1.030097997213582,9.0,20.79715560174681,52.41253378684186,123.06230129491324,64.17359269980139,0.0,0.05116061921552051,Support Only,Feasible,62
1.1,0.8,0.8,130.4,68.0,8,2,0.922705815271471,1.0,9.0,0.0,29.689836646672617,123.06230129491324,64.17359269980139,123.06230129491324,34.48375605312877,,,,,,,,,,,,,,Escalate,No Feasible Solution,742
1.1,0.8,0.8,130.4,68.0,5,6,0.9155519746090405,1.0,5.0,23.464777432843263,7.0842361994155425,123.06230129491324,64.17359269980139,99.59752386206998,57.08935650038585,,,,,,,,,,,,,,Escalate,No Feasible Solution,638
1.1,0.8,0.9,130.4,76.5,3,6,0.9494528445010251,1.0,9.0,24.720771493201667,0.0,123.06230129491324,53.758720222862465,98.34152980171157,53.758720222862465,0.0,0.0,1.0010846540986298,1.0,0.949999999489296,1.0010846540986302,9.0,24.989941588727064,0.0,123.06230129491324,53.758720222862465,0.0,0.0010846540986297892,Support Only,Feasible,11
1.1,0.8,0.9,130.4,76.5,6,7,0.9355353492529845,1.0039805072337555,7.0,47.739683856412555,-5.083911431720345,123.06230129491324,53.758720222862465,75.32261743850069,48.67480879114212,0.0,0.0,1.015228136319701,1.0000000000000582,0.9500000000000022,1.015228136319701,7.0,50.81442504698491,-5.9162653567370995,123.06230129491324,53.758720222862465,0.0,0.015228136319759278,Support Only,Feasible,14
1.1,0.8,0.9,130.4,76.5,7,8,0.9207347658980276,1.0000000000000004,7.0,17.7204632474524,45.44186709183451,123.06230129491324,53.758720222862465,105.34183804746084,8.316853131027955,0.0,0.0,1.019847076264483,1.02821321652844,0.9499999887987608,1.02821321652844,9.0,20.274002007317634,49.36427675587704,123.06230129491324,53.758720222862465,0.0,0.04806029279292301,Support Only,Feasible,62
1.1,0.8,0.9,130.4,76.5,8,2,0.9249098552296725,1.0000000000000002,9.0,0.0,27.959454501152862,123.06230129491324,53.758720222862465,123.06230129491324,25.799265721709602,,,,,,,,,,,,,,Escalate,No Feasible Solution,355
1.1,0.8,0.9,130.4,76.5,5,6,0.9147991488409861,1.0000000000000002,5.0,24.563661563315733,7.871622021894531,123.06230129491324,53.758720222862465,98.4986397315975,45.887098200967934,,,,,,,,,,,,,,Escalate,No Feasible Solution,489
1.1,0.8,1.0,130.4,85.0,3,6,0.9494528445010251,1.0,9.0,24.720771493201667,0.0,123.06230129491324,38.951893407124665,98.34152980171157,38.951893407124665,0.0,0.0,1.0010846540986298,1.0,0.949999999489296,1.0010846540986302,9.0,24.989941588727064,0.0,123.06230129491324,38.951893407124665,0.0,0.0010846540986297892,Support Only,Feasible,11
1.1,0.8,1.0,130.4,85.0,6,7,0.9353447265636421,1.0037427970759305,7.0,48.02790274734288,-4.276694393799922,123.06230129491324,38.951893407124665,75.03439854757036,34.67519901332474,0.0,0.0,1.015428314696581,1.0,0.9499999980982343,1.015428314696581,7.0,51.14757667589775,-5.120710062480221,123.06230129491324,38.951893407124665,0.0,0.015428314696581014,Support Only,Feasible,11
1.1,0.8,1.0,130.4,85.0,7,8,0.897583350986311,1.0,7.0,18.79492204718626,38.951893407124665,123.06230129491324,38.951893407124665,104.26737924772698,0.0,0.0,3.2576176654232123,1.05,1.0499940207639515,0.9499999999967568,1.0500000000000003,7.0,26.975859101550625,45.39199191782479,123.06230129491324,45.39199191782479,3.2576176654232123,0.09999402076395159,Headroom + Support,Feasible,116
1.1,0.8,1.0,130.4,85.0,8,2,0.9268722577244337,1.0,9.0,0.0,26.52242376303412,123.06230129491324,38.951893407124665,123.06230129491324,12.429469644090545,,,,,,,,,,,,,,Escalate,No Feasible Solution,1869
1.1,0.8,1.0,130.4,85.0,5,6,0.9138641050606425,1.0,5.0,25.976502315647124,8.923993189601191,123.06230129491324,38.951893407124665,97.08579897926612,30.027900217523474,,,,,,,,,,,,,,Escalate,No Feasible Solution,882
1.1,0.9,0.6,146.70000000000002,51.0,6,7,0.9365757408338753,1.0039225476927771,7.0,47.62059045625662,-5.934483802034265,103.09025172148915,78.36612788698956,55.46966126523253,72.4316440849553,0.0,0.0,1.0140870106645754,1.0000000000000147,0.9499999999993325,1.0140870106645754,7.0,50.332972210264074,-6.711613942468546,103.09025172148915,78.36612788698956,0.0,0.01408701066459006,Support Only,Feasible,14
1.1,0.9,0.6,146.70000000000002,51.0,7,8,0.9132932012429935,1.0000000000000002,7.0,24.79176138206458,55.97279681082081,103.09025172148915,78.36612788698956,78.29849033942457,22.39333107616875,0.0,0.0,1.0358923696984617,1.0345222890962533,0.9499999951487561,1.0358923696984617,7.0,29.933217941813325,59.864278679253644,103.09025172148915,78.36612788698956,0.0,0.07041465879471498,Support Only,Feasible,71
1.1,0.9,0.6,146.70000000000002,51.0,8,2,0.9175200386197148,1.0,9.0,0.0,34.07232302427819,103.09025172148915,78.36612788698956,103.09025172148915,44.29380486271137,,,,,,,,,,,,,,Escalate,No Feasible Solution,779
1.1,0.9,0.6,146.70000000000002,51.0,5,6,0.9156038170413793,1.0,5.0,24.800673272464437,6.6257949742273325,103.09025172148915,78.36612788698956,78.28957844902472,71.74033291276223,,,,,,,,,,,,,,Escalate,No Feasible Solution,708
1.1,0.9,0.7,146.70000000000002,59.49999999999999,6,7,0.9364760070178966,1.0041160928824187,7.0,47.77155004809097,-5.990696542646887,103.09025172148915,72.12489168102786,55.31870167339818,66.13419513838097,0.0,0.0,1.0141919729241442,1.0000000000000142,0.9499999999996818,1.0141919729241442,7.0,50.50710847107317,-6.77157898897083,103.09025172148915,72.12489168102786,0.0,0.014191972924158414,Support Only,Feasible,14
1.1,0.9,0.7,146.70000000000002,59.49999999999999,7,8,0.9158413072316128,1.0000000000000002,7.0,24.259151722304978,52.31809153360737,103.09025172148915,72.12489168102786,78.83109999918418,19.80680014742049,0.0,0.0,1.0342418164480889,1.0322174489076708,0.9499999769687333,1.034241816448089,9.0,29.213204375189804,55.9407857794786,103.09025172148915,72.12489168102786,0.0,0.06645926535575963,Support Only,Feasible,80
1.1,0.9,0.7,146.70000000000002,59.49999999999999,8,2,0.9202474502209731,1.0,9.0,0.0,31.723550653634916,103.09025172148915,72.12489168102786,103.09025172148915,40.401341027392945,,,,,,,,,,,,,,Escalate,No Feasible Solution,209
1.1,0.9,0.7,146.70000000000002,59.49999999999999,5,6,0.9148972401981424,1.0,5.0,25.634107154837267,6.987097944293822,103.09025172148915,72.12489168102786,77.45614456665189,65.13779373673404,,,,,,,,,,,,,,Escalate,No Feasible Solution,820
1.1,0.9,0.8,146.70000000000002,68.0,6,7,0.9363435953314957,1.0041639180911663,7.0,47.97196858224018,-5.755916710355571,103.09025172148915,64.17359269980139,55.11828313924897,58.41767598944582,0.0,0.0,1.0143309507691078,1.0000000000000084,0.9499999999998902,1.0143309507691078,7.0,50.737732311403306,-6.543321882158594,103.09025172148915,64.17359269980139,0.0,0.01433095076911628,Support Only,Feasible,14
1.1,0.9,0.8,146.70000000000002,68.0,7,8,0.9181183323618061,1.0,7.0,23.806962092102438,49.1227221842326,103.09025172148915,64.17359269980139,79.28328962938672,15.05087051556879,0.0,0.0,1.0328567748181516,1.030130066571638,0.9499999954755212,1.0328567748181514,9.0,28.610973858642723,52.47035664712851,103.09025172148915,64.17359269980139,0.0,0.0629868413897896,Support Only,Feasible,60
1.1,0.9,0.8,146.70000000000002,68.0,8,2,0.922705815271471,1.0,9.0,0.0,29.689836646672617,103.09025172148915,64.17359269980139,103.09025172148915,34.48375605312877,,,,,,,,,,,,,,Escalate,No Feasible Solution,252
1.1,0.9,0.8,146.70000000000002,68.0,5,6,0.9140068526493513,1.0000000000000002,5.0,26.782997725966652,7.612296337594955,103.09025172148915,64.17359269980139,76.3072539955225,56.561296362206434,,,,,,,,,,,,,,Escalate,No Feasible Solution,889
1.1,0.9,0.9,146.70000000000002,76.5,6,7,0.9361787115234614,1.0040661349983546,7.0,48.221532027727164,-5.230179767391334,103.09025172148915,53.758720222862465,54.86871969376199,48.52854045547113,0.0,0.0,1.0145037246074495,1.000000000000011,0.949999999999991,1.0145037246074493,7.0,51.02452473355311,-6.026875298119542,103.09025172148915,53.758720222862465,0.0,0.014503724607460633,Support Only,Feasible,14
1.1,0.9,0.9,146.70000000000002,76.5,7,8,0.9201422572307332,1.0,7.0,23.429437916293494,46.359567962441716,103.09025172148915,53.758720222862465,79.66081380519566,7.399152260420749,0.0,0.0,1.0317233396967573,1.02825143196894,0.9499999999993415,1.0317233396967571,9.0,28.119492544426407,49.43296952440103,103.09025172148915,53.758720222862465,0.0,0.05997477166569731,Support Only,Feasible,52
1.1,0.9,0.9,146.70000000000002,76.5,8,2,0.9249098552296725,1.0000000000000002,9.0,0.0,27.959454501152862,103.09025172148915,53.758720222862465,103.09025172148915,25.799265721709602,,,,,,,,,,,,,,Escalate,No Feasible Solution,527
1.1,0.9,0.9,146.70000000000002,76.5,5,6,0.9129327036967412,1.0000000000000002,5.0,28.24932912419888,8.502641583479992,103.09025172148915,53.758720222862465,74.84092259729027,45.25607863938247,,,,,,,,,,,,,,Escalate,No Feasible Solution,426
1.1,0.9,1.0,146.70000000000002,85.0,6,7,0.9359814254453662,1.0038222704620394,7.0,48.52013141943132,-4.412481789250755,103.09025172148915,38.951893407124665,54.57012030205783,34.53941161787391,0.0,0.0,1.0147102095027063,1.0,0.9499999981082041,1.0147102095027063,7.0,51.367403865777476,-5.221262838041639,103.09025172148915,38.951893407124665,0.0,0.014710209502706295,Support Only,Feasible,11
1.1,0.9,1.0,146.70000000000002,85.0,7,8,0.8911793126650762,1.0000000000000004,7.0,24.86062685297182,38.951893407124665,103.09025172148915,38.951893407124665,78.22962486851733,0.0,0.0,3.8926941620077993,1.0499999999993601,1.05,0.9499999999510914,1.0499999999993601,7.0,31.984989892049725,46.517254214994225,103.09025172149074,46.517254214994225,3.8926941620077993,0.09999999999936016,Headroom + Support,Feasible,116
1.1,0.9,1.0,146.70000000000002,85.0,8,2,0.9268722577244337,1.0,9.0,0.0,26.52242376303412,103.09025172148915,38.951893407124665,103.09025172148915,12.429469644090545,,,,,,,,,,,,,,Escalate,No Feasible Solution,2117
1.1,0.9,1.0,146.70000000000002,85.0,5,6,0.9116738694475961,1.0000000000000007,5.0,30.036653256077045,9.660289155002808,103.09025172148915,38.951893407124665,73.05359846541211,29.291604252121857,,,,,,,,,,,,,,Escalate,No Feasible Solution,699
1.1,1.0,0.6,163.0,51.0,6,7,0.9365657451476035,1.0039250588831807,7.0,49.26251513148907,-5.938771009983341,74.69598382778022,78.36612788698956,25.433468696291158,72.42735687700622,0.0,0.0,1.0140309714025244,1.0,0.9499999999998282,1.0140309714025242,7.0,51.823306689928316,-6.719868162500518,74.69598382778022,78.36612788698956,0.0,0.014030971402524406,Support Only,Feasible,14
1.1,1.0,0.6,163.0,51.0,7,8,0.9125377427713155,1.0000000000000004,7.0,31.791615718747295,57.140020331028424,74.69598382778022,78.36612788698956,42.90436810903293,21.226107555961136,0.0,0.0,1.0491173653648076,1.0345686175588025,0.9499999475077873,1.0491173653648076,9.0,38.962702874529896,59.9487196590902,74.69598382778022,78.36612788698956,0.0,0.08368598292361007,Support Only,Feasible,100
1.1,1.0,0.6,163.0,51.0,8,2,0.9175200386197148,1.0,9.0,0.0,34.07232302427819,74.69598382778022,78.36612788698956,74.69598382778022,44.29380486271137,,,,,,,,,,,,,,Escalate,No Feasible Solution,210
1.1,1.0,0.6,163.0,51.0,5,6,0.9140620636568461,1.0,5.0,28.39271622447869,7.18256782620881,74.69598382778022,78.36612788698956,46.303267603301535,71.18356006078075,,,,,,,,,,,,,,Escalate,No Feasible Solution,974
1.1,1.0,0.7,163.0,59.49999999999999,6,7,0.9364578030972378,1.0041119146960937,7.0,49.42607001973866,-5.983562229399098,74.69598382778022,72.12489168102786,25.269913808041565,66.14132945162876,0.0,0.0,1.0141439360411049,1.0,0.9499999999999656,1.014143936041105,7.0,52.01052227431698,-6.768956828769916,74.69598382778022,72.12489168102786,0.0,0.014143936041104865,Support Only,Feasible,14
1.1,1.0,0.7,163.0,59.49999999999999,7,8,0.9150956159480389,1.0,7.0,31.254241714787682,53.471156761079556,74.69598382778022,72.12489168102786,43.44174211299254,18.653734919948306,0.0,0.0,1.0475567120854483,1.0322699574636505,0.9499999990466224,1.0475567103941783,9.0,38.275396829406375,56.03599895458635,74.69598382778022,72.12489168102786,0.0,0.07982666954909878,Support Only,Feasible,44
1.1,1.0,0.7,163.0,59.49999999999999,8,2,0.9202474502209731,1.0,9.0,0.0,31.723550653634916,74.69598382778022,72.12489168102786,74.69598382778022,40.401341027392945,,,,,,,,,,,,,,Escalate,No Feasible Solution,570
1.1,1.0,0.7,163.0,59.49999999999999,5,6,0.9130326102146656,1.0000000000000002,5.0,29.594869147432192,7.6466060104598625,74.69598382778022,72.12489168102786,45.10111468034803,64.478285670568,,,,,,,,,,,,,,Escalate,No Feasible Solution,887
1.1,1.0,0.8,163.0,68.0,6,7,0.9363174929858954,1.0041532275945249,7.0,49.63866586191588,-5.737659160927919,74.69598382778022,64.17359269980139,25.057317965864343,58.43593353887347,0.0,0.0,1.014290429046543,1.0,0.9499999999999915,1.0142904290465429,7.0,52.253365335782476,-6.530113664678261,74.69598382778022,64.17359269980139,0.0,0.014290429046543096,Support Only,Feasible,12
1.1,1.0,0.8,163.0,68.0,7,8,0.9173803111457461,1.0,7.0,30.799675686156633,50.26479506554935,74.69598382778022,64.17359269980139,43.89630814162359,13.90879763425204,0.0,0.0,1.0462554371057853,1.0301884489300226,0.9499999999267066,1.0462554371057853,9.0,37.704115080003646,52.57579461012794,74.69598382778022,64.17359269980139,0.0,0.07644388603580787,Support Only,Feasible,34
1.1,1.0,0.8,163.0,68.0,8,2,0.922705815271471,1.0,9.0,0.0,29.689836646672617,74.69598382778022,64.17359269980139,74.69598382778022,34.48375605312877,,,,,,,,,,,,,,Escalate,No Feasible Solution,351
1.1,1.0,0.8,163.0,68.0,5,6,0.911817136100038,1.0000000000000002,5.0,31.11909307247899,8.376554727677572,74.69598382778022,64.17359269980139,43.576890755301235,55.79703797212382,,,,,,,,,,,,,,Escalate,No Feasible Solution,699
1.1,1.0,0.9,163.0,76.5,6,7,0.9361450042910291,1.0040490799902475,7.0,49.9000128638053,-5.2010466060601885,74.69598382778022,53.758720222862465,24.795970963974924,48.557673616802276,0.0,0.0,1.0148052964832515,1.0,0.9499999998838229,1.0148052964832512,9.0,52.614602697853854,-6.02185250999468,74.69598382778022,53.758720222862465,0.0,0.014805296483251462,Support Only,Feasible,11
1.1,1.0,0.9,163.0,76.5,7,8,0.9194100868284256,1.0000000000000002,7.0,30.421947504527594,47.49340042196083,74.69598382778022,53.758720222862465,44.27403632325263,6.265319800901636,0.0,0.0,1.0452002323014953,1.0283154644014096,0.949999999999266,1.0452002323014953,9.0,37.24204645413043,49.54817214253558,74.69598382778022,53.758720222862465,0.0,0.07351569670290492,Support Only,Feasible,43
1.1,1.0,0.9,163.0,76.5,8,2,0.9249098552296725,1.0000000000000002,9.0,0.0,27.959454501152862,74.69598382778022,53.758720222862465,74.69598382778022,25.799265721709602,,,,,,,,,,,,,,Escalate,No Feasible Solution,364
1.1,1.0,0.9,163.0,76.5,5,6,0.9104139950444285,1.0,5.0,32.969560933390895,9.374416302961777,74.69598382778022,53.758720222862465,41.72642289438933,44.38430391990069,,,,,,,,,,,,,,Escalate,No Feasible Solution,968
1.1,1.0,1.0,163.0,85.0,6,7,0.9359403929389601,1.0037989714876503,7.0,50.210022976408666,-4.3726734082894865,74.69598382778022,38.951893407124665,24.48596085137156,34.57921999883518,0.0,0.0,1.016248696064556,1.0000000000000024,0.9499999999058837,1.016248696064556,9.0,53.20083459666512,-5.274198840276853,74.69598382778022,38.951893407124665,0.0,0.016248696064558477,Support Only,Feasible,11
1.1,1.0,1.0,163.0,85.0,7,8,0.8831066188393755,1.0,7.0,32.31937999473213,38.951893407124665,74.69598382778022,38.951893407124665,42.376603833048094,0.0,0.0,4.715009798956868,1.05,1.0314417306185077,0.9499999999989157,1.0500000000000003,7.0,38.147254712116066,47.92254530404672,74.69598382778022,47.92254530404672,4.715009798956868,0.08144173061850779,Headroom + Support,Feasible,120
1.1,1.0,1.0,163.0,85.0,8,2,0.9268722577244337,1.0,9.0,0.0,26.52242376303412,74.69598382778022,38.951893407124665,74.69598382778022,12.429469644090545,,,,,,,,,,,,,,Escalate,No Feasible Solution,1923
1.1,1.0,1.0,163.0,85.0,5,6,0.9088204770692573,1.0,5.0,35.1521837868263,10.643154966745364,74.69598382778022,38.951893407124665,39.543800040953926,28.3087384403793,,,,,,,,,,,,,,Escalate,No Feasible Solution,357
1.15,0.6,0.6,97.8,51.0,3,6,0.9377449599538137,1.0,9.0,33.56906588318802,0.0,150.27857465387407,78.36612788698956,116.70950877068606,78.36612788698956,0.0,0.0,1.0240248859927172,1.0,0.9499999999999958,1.0240248859927172,9.0,40.02202338951972,0.0,150.27857465387407,78.36612788698956,0.0,0.024024885992717238,Support Only,Feasible,11
1.15,0.6,0.6,97.8,51.0,6,7,0.9256873139505998,1.0020278112017713,7.0,56.7722122120405,-2.699708710829455,150.27857465387407,78.36612788698956,93.50636244183357,75.6664191761601,0.0,0.0,1.0368830573059027,1.0,0.9499999999591704,1.036883057305903,9.0,64.82026334967074,-4.771757857732908,150.27857465387407,78.36612788698956,0.0,0.03688305730590269,Support Only,Feasible,11
1.15,0.6,0.6,97.8,51.0,7,8,0.9055720762139897,1.0,7.0,13.93155417227959,62.33262990273995,150.27857465387407,78.36612788698956,136.34702048159448,16.033497984249607,0.0,0.0,1.0499999999997454,1.04102822249235,0.9499999999830858,1.0499999999997456,7.0,23.523738118051,66.36320743971986,150.27857465387407,78.36612788698956,0.0,0.0910282224920953,Support Only,Feasible,117
1.15,0.6,0.6,97.8,51.0,8,2,0.9045899187587103,1.0,9.0,0.0,42.9068494407266,150.27857465387407,78.36612788698956,150.27857465387407,35.45927844626296,,,,,,,,,,,,,,Escalate,No Feasible Solution,432
1.15,0.6,0.6,97.8,51.0,5,6,0.9086050249237734,1.0,5.0,23.75102421482481,8.247308287785344,150.27857465387407,78.36612788698956,126.52755043904926,70.11881959920422,,,,,,,,,,,,,,Escalate,No Feasible Solution,37
1.15,0.6,0.7,97.8,59.49999999999999,3,6,0.9377449599538137,1.0,9.0,33.56906588318802,0.0,150.27857465387407,72.12489168102786,116.70950877068606,72.12489168102786,0.0,0.0,1.0240248859927172,1.0,0.9499999999999958,1.0240248859927172,9.0,40.02202338951972,0.0,150.27857465387407,72.12489168102786,0.0,0.024024885992717238,Support Only,Feasible,11
1.15,0.6,0.7,97.8,59.49999999999999,6,7,0.9256297897068353,1.0022663217087542,7.0,56.8586615117772,-2.832182146305314,150.27857465387407,72.12489168102786,93.41991314209687,69.29270953472255,0.0,0.0,1.0372980382583221,1.0,0.9499999999524461,1.0372980382583223,9.0,65.00791260189587,-4.920674631369295,150.27857465387407,72.12489168102786,0.0,0.03729803825832212,Support Only,Feasible,11
1.15,0.6,0.7,97.8,59.49999999999999,7,8,0.908388677724944,1.0,7.0,13.29066104885132,58.29563215611688,150.27857465387407,72.12489168102786,136.98791360502275,13.82925952491098,0.0,0.0,1.0131991792553503,1.04541176496634,0.9499999999770451,1.0454117649663401,9.0,13.708175699552925,65.90328208228777,150.27857465387407,72.12489168102786,0.0,0.05861094422169022,Support Only,Feasible,101
1.15,0.6,0.7,97.8,59.49999999999999,8,2,0.9077474136336323,1.0,9.0,0.0,40.263891548711115,150.27857465387407,72.12489168102786,150.27857465387407,31.861000132316747,,,,,,,,,,,,,,Escalate,No Feasible Solution,305
1.15,0.6,0.7,97.8,59.49999999999999,5,6,0.9091057945141794,1.0000000000000002,5.0,23.302999153440595,8.238431328263118,150.27857465387407,72.12489168102786,126.97557550043348,63.88646035276474,,,,,,,,,,,,,,Escalate,No Feasible Solution,26
1.15,0.6,0.8,97.8,68.0,3,6,0.9377449599538137,1.0,9.0,33.56906588318802,0.0,150.27857465387407,64.17359269980139,116.70950877068606,64.17359269980139,0.0,0.0,1.0240248859927172,1.0,0.9499999999999958,1.0240248859927172,9.0,40.02202338951972,0.0,150.27857465387407,64.17359269980139,0.0,0.024024885992717238,Support Only,Feasible,11
1.15,0.6,0.8,97.8,68.0,6,7,0.9255355289335038,1.0023555712147594,7.0,57.00031801065063,-2.6675635420665103,150.27857465387407,64.17359269980139,93.27825664322344,61.50602915773488,0.0,0.0,1.037964342718533,1.0000000000000018,0.9499999999433909,1.0379643427185328,9.0,65.30954000137379,-4.788954493604081,150.27857465387407,64.17359269980139,0.0,0.03796434271853477,Support Only,Feasible,11
1.15,0.6,0.8,97.8,68.0,7,8,0.910910569503064,1.0,7.0,12.735437162591467,54.75048075644693,150.27857465387407,64.17359269980139,137.5431374912826,9.423111943354456,0.0,0.0,1.012748730818114,1.037725560270253,0.9499999999999321,1.037725560270253,9.0,13.511266542620604,60.87788004367427,150.27857465387407,64.17359269980139,0.0,0.050474291088367096,Support Only,Feasible,80
1.15,0.6,0.8,97.8,68.0,8,2,0.9106019750340271,1.0000000000000007,9.0,0.0,37.96089548620006,150.27857465387407,64.17359269980139,150.27857465387407,26.21269721360133,,,,,,,,,,,,,,Escalate,No Feasible Solution,418
1.15,0.6,0.8,97.8,68.0,5,6,0.9093996570851477,1.0,5.0,23.1803968463293,8.497379484355434,150.27857465387407,64.17359269980139,127.09817780754477,55.676213215445955,,,,,,,,,,,,,,Escalate,No Feasible Solution,22
1.15,0.6,0.9,97.8,76.5,3,6,0.9377449599538137,1.0,9.0,33.56906588318802,0.0,150.27857465387407,53.758720222862465,116.70950877068606,53.758720222862465,0.0,0.0,1.0240248859927172,1.0,0.9499999999999958,1.0240248859927172,9.0,40.02202338951972,0.0,150.27857465387407,53.758720222862465,0.0,0.024024885992717238,Support Only,Feasible,11
1.15,0.6,0.9,97.8,76.5,6,7,0.9254048725134973,1.0022958948995886,7.0,57.196667042403135,-2.206271472344625,150.27857465387407,53.758720222862465,93.08190761147094,51.55244875051784,0.0,0.0,1.0388797311204132,1.0,0.9499999999288992,1.0388797311204132,9.0,65.72459313330992,-4.37689895746113,150.27857465387407,53.758720222862465,0.0,0.03887973112041321,Support Only,Feasible,11
1.15,0.6,0.9,97.8,76.5,7,8,0.9131595958059383,1.0,7.0,12.25902071806945,51.66453281408117,150.27857465387407,53.758720222862465,138.01955393580462,2.094187408781295,0.0,0.8123824522491759,1.049999999995987,1.0499215521201013,0.9499999999481649,1.049999999995987,7.0,22.354014309814914,54.896580494101855,150.27857465390554,54.896580494101855,0.8123824522491759,0.09992155211608833,Headroom + Support,Feasible,96
1.15,0.6,0.9,97.8,76.5,8,2,0.9131726408121663,1.0,9.0,0.0,35.98298269511507,150.27857465387407,53.758720222862465,150.27857465387407,17.775737527747395,,,,,,,,,,,,,,Escalate,No Feasible Solution,856
1.15,0.6,0.9,97.8,76.5,5,6,0.9094930814240756,1.0000000000000002,5.0,23.378041563168523,9.022889398057977,150.27857465387407,53.758720222862465,126.90053309070555,44.73583082480449,,,,,,,,,,,,,,Escalate,No Feasible Solution,61
1.15,0.6,1.0,97.8,85.0,3,6,0.9377449599538137,1.0,9.0,33.56906588318802,0.0,150.27857465387407,38.951893407124665,116.70950877068606,38.951893407124665,0.0,0.0,1.0240248859927172,1.0,0.9499999999999958,1.0240248859927172,9.0,40.02202338951972,0.0,150.27857465387407,38.951893407124665,0.0,0.024024885992717238,Support Only,Feasible,11
1.15,0.6,1.0,97.8,85.0,6,7,0.9252379947763157,1.0020870026356137,7.0,57.44744334271232,-1.447615302032922,150.27857465387407,38.951893407124665,92.83113131116176,37.50427810509174,0.0,0.0,1.040042927346107,1.0000000000000007,0.9499999999062502,1.0400429273461067,9.0,66.25312308911606,-3.6838811708142956,150.27857465387407,38.951893407124665,0.0,0.04004292734610759,Support Only,Feasible,11
1.15,0.6,1.0,97.8,85.0,7,8,0.8442378159897497,1.0,7.0,15.733267799156408,38.951893407124665,150.27857465387407,38.951893407124665,134.54530685471767,0.0,0.0,9.312382461466244,1.05,1.0499585364307016,0.949999999997826,1.0500000000000003,7.0,22.354014308330107,54.8965805068097,150.27857465387407,54.8965805068097,9.312382461466244,0.09995853643070163,Headroom + Support,Feasible,121
1.15,0.6,1.0,97.8,85.0,8,2,0.9154756827411589,1.0,9.0,0.0,34.31755831782197,150.27857465387407,38.951893407124665,150.27857465387407,4.634335089302695,,,,,,,,,,,,,,Escalate,No Feasible Solution,1515
1.15,0.6,1.0,97.8,85.0,5,6,0.9093912518458509,1.0000000000000004,5.0,23.8924469107194,9.814639732854388,150.27857465387407,38.951893407124665,126.38612774315467,29.137253674270276,,,,,,,,,,,,,,Escalate,No Feasible Solution,174
1.15,0.7,0.6,114.1,51.0,3,6,0.9403108760383441,1.0,9.0,31.91256739184655,0.0,138.31008640008872,78.36612788698956,106.39751900824217,78.36612788698956,0.0,0.0,1.0190242949862842,1.000000000000006,0.949999999997336,1.0190242949862842,9.0,36.88387374941499,0.0,138.31008640008872,78.36612788698956,0.0,0.019024294986290213,Support Only,Feasible,11
1.15,0.7,0.6,114.1,51.0,6,7,0.9281005440303427,1.002434739082411,7.0,54.26169897696332,-3.3944338330532133,138.31008640008872,78.36612788698956,84.0483874231254,74.97169405393635,0.0,0.0,1.0295921578630853,1.0000000000000009,0.9499999999866026,1.0295921578630853,9.0,60.51000148893331,-5.0457067518419905,138.31008640008872,78.36612788698956,0.0,0.02959215786308622,Support Only,Feasible,11
1.15,0.7,0.6,114.1,51.0,7,8,0.9052724148896736,1.0000000000000002,7.0,17.21690912648782,62.7922450537031,138.31008640008872,78.36612788698956,121.0931772736009,15.573882833286461,0.0,0.0,1.0244527168270097,1.0424064210810584,0.9499999997450417,1.0424064210810584,9.0,20.163795558082967,68.90053751855031,138.31008640008872,78.36612788698956,0.0,0.06685913790806808,Support Only,Feasible,83
1.15,0.7,0.6,114.1,51.0,8,2,0.9045899187587103,1.0,9.0,0.0,42.9068494407266,138.31008640008872,78.36612788698956,138.31008640008872,35.45927844626296,,,,,,,,,,,,,,Escalate,No Feasible Solution,552
1.15,0.7,0.6,114.1,51.0,5,6,0.909414734526828,1.0,5.0,24.079142080595773,8.031330399002798,138.31008640008872,78.36612788698956,114.23094431949295,70.33479748798676,,,,,,,,,,,,,,Escalate,No Feasible Solution,72
1.15,0.7,0.7,114.1,59.49999999999999,3,6,0.9403108760383441,1.0,9.0,31.91256739184655,0.0,138.31008640008872,72.12489168102786,106.39751900824217,72.12489168102786,0.0,0.0,1.0190242949862842,1.000000000000006,0.949999999997336,1.0190242949862842,9.0,36.88387374941499,0.0,138.31008640008872,72.12489168102786,0.0,0.019024294986290213,Support Only,Feasible,11
1.15,0.7,0.7,114.1,59.49999999999999,6,7,0.9280335081850182,1.0026645121629971,7.0,54.362552485723256,-3.5120994253667703,138.31008640008872,72.12489168102786,83.94753391436547,68.61279225566109,0.0,0.0,1.030073529919277,1.0000000000000018,0.9499999999851073,1.0300735299192771,9.0,60.7218466118494,-5.184916728709595,138.31008640008872,72.12489168102786,0.0,0.030073529919278696,Support Only,Feasible,11
1.15,0.7,0.7,114.1,59.49999999999999,7,8,0.9080856636388924,1.0000000000000002,7.0,16.58402078042093,58.76082992575195,138.31008640008872,72.12489168102786,121.72606561966779,13.364061755275912,0.0,0.0,1.0222919753118505,1.0399309088108826,0.9499999999998918,1.0399309088108828,9.0,19.212637548975863,64.61067551304103,138.31008640008872,72.12489168102786,0.0,0.062222884122733024,Support Only,Feasible,224
1.15,0.7,0.7,114.1,59.49999999999999,8,2,0.9077474136336323,1.0,9.0,0.0,40.263891548711115,138.31008640008872,72.12489168102786,138.31008640008872,31.861000132316747,,,,,,,,,,,,,,Escalate,No Feasible Solution,133
1.15,0.7,0.7,114.1,59.49999999999999,5,6,0.9095617386003347,1.0,5.0,24.002887662248753,8.127158514571263,138.31008640008872,72.12489168102786,114.30719873783997,63.9977331664566,,,,,,,,,,,,,,Escalate,No Feasible Solution,266
1.15,0.7,0.8,114.1,68.0,3,6,0.9403108760383441,1.0,9.0,31.91256739184655,0.0,138.31008640008872,64.17359269980139,106.39751900824217,64.17359269980139,0.0,0.0,1.0190242949862842,1.000000000000006,0.949999999997336,1.0190242949862842,9.0,36.88387374941499,0.0,138.31008640008872,64.17359269980139,0.0,0.019024294986290213,Support Only,Feasible,11
1.15,0.7,0.8,114.1,68.0,6,7,0.9279309877744237,1.0027458788291268,7.0,54.51678953814863,-3.3341442295820656,138.31008640008872,64.17359269980139,83.79329686194009,60.839448470219324,0.0,0.0,1.0308009164699876,1.0000000000000004,0.9499999999819808,1.0308009164699874,9.0,61.0423691791311,-5.044030699752668,138.31008640008872,64.17359269980139,0.0,0.03080091646998806,Support Only,Feasible,11
1.15,0.7,0.8,114.1,68.0,7,8,0.9106039472055565,1.0000000000000002,7.0,16.037202282999203,55.221633672309764,138.31008640008872,64.17359269980139,122.27288411708952,8.951959027491625,0.0,0.0,1.0204265421028786,1.0376807430974673,0.9499999875226572,1.0376807430974673,9.0,18.394934902991537,60.79606841615605,138.31008640008872,64.17359269980139,0.0,0.058107285200345915,Support Only,Feasible,126
1.15,0.7,0.8,114.1,68.0,8,2,0.9106019750340271,1.0000000000000007,9.0,0.0,37.96089548620006,138.31008640008872,64.17359269980139,138.31008640008872,26.21269721360133,,,,,,,,,,,,,,Escalate,No Feasible Solution,529
1.15,0.7,0.8,114.1,68.0,5,6,0.9095109629443172,1.0,5.0,24.246351405418466,8.489041788083554,138.31008640008872,64.17359269980139,114.06373499467026,55.684550911717835,,,,,,,,,,,,,,Escalate,No Feasible Solution,428
1.15,0.7,0.9,114.1,76.5,3,6,0.9403108760383441,1.0,9.0,31.91256739184655,0.0,138.31008640008872,53.758720222862465,106.39751900824217,53.758720222862465,0.0,0.0,1.0190242949862842,1.000000000000006,0.949999999997336,1.0190242949862842,9.0,36.88387374941499,0.0,138.31008640008872,53.758720222862465,0.0,0.019024294986290213,Support Only,Feasible,11
1.15,0.7,0.9,114.1,76.5,6,7,0.9277932906706178,1.0026791293341655,7.0,54.72394449575398,-2.86091000994017,138.31008640008872,53.758720222862465,83.58614190433474,50.897810212922295,0.0,0.0,1.0317722350518812,1.0,0.9499999999774426,1.0317722350518814,9.0,61.47114939057218,-4.623308677995382,138.31008640008872,53.758720222862465,0.0,0.031772235051881204,Support Only,Feasible,11
1.15,0.7,0.9,114.1,76.5,7,8,0.9128491182215932,1.0000000000000002,7.0,15.569576853264437,52.14200451239144,138.31008640008872,53.758720222862465,122.74050954682428,1.616715710471027,0.0,1.2902879390219095,1.05,1.0499690246408466,0.9499999997651184,1.0500000000000005,7.0,25.15876872650739,55.54952035530792,138.31008640008872,55.54952035530792,1.2902879390219095,0.09996902464084667,Headroom + Support,Feasible,121
1.15,0.7,0.9,114.1,76.5,8,2,0.9131726408121663,1.0,9.0,0.0,35.98298269511507,138.31008640008872,53.758720222862465,138.31008640008872,17.775737527747395,,,,,,,,,,,,,,Escalate,No Feasible Solution,883
1.15,0.7,0.9,114.1,76.5,5,6,0.9092668211037696,1.0000000000000002,5.0,24.806530070573473,9.116465810105055,138.31008640008872,53.758720222862465,113.50355632951525,44.64225441275741,,,,,,,,,,,,,,Escalate,No Feasible Solution,461
1.15,0.7,1.0,114.1,85.0,3,6,0.9403108760383441,1.0,9.0,31.91256739184655,0.0,138.31008640008872,38.951893407124665,106.39751900824217,38.951893407124665,0.0,0.0,1.0190242949862842,1.000000000000006,0.949999999997336,1.0190242949862842,9.0,36.88387374941499,0.0,138.31008640008872,38.951893407124665,0.0,0.019024294986290213,Support Only,Feasible,11
1.15,0.7,1.0,114.1,85.0,6,7,0.9276205676679035,1.0024639387928884,7.0,54.983787212924,-2.0916468662536474,138.31008640008872,38.951893407124665,83.32629918716472,36.86024654087102,0.0,0.0,1.0329863360057063,1.0000000000000004,0.9499999999704707,1.0329863360057066,9.0,62.00834030909988,-3.9220879632151977,138.31008640008872,38.951893407124665,0.0,0.03298633600570677,Support Only,Feasible,11
1.15,0.7,1.0,114.1,85.0,7,8,0.8398942613953965,1.0,7.0,19.300258868053078,38.951893407124665,138.31008640008872,38.951893407124665,119.00982753203564,0.0,0.0,9.79028797268166,1.0499999999998597,1.05,0.9499999999354171,1.0499999999998597,7.0,25.158768717825808,55.54952040088059,138.31008640008957,55.54952040088059,9.79028797268166,0.09999999999985976,Headroom + Support,Feasible,121
1.15,0.7,1.0,114.1,85.0,8,2,0.9154756827411589,1.0,9.0,0.0,34.31755831782197,138.31008640008872,38.951893407124665,138.31008640008872,4.634335089302695,,,,,,,,,,,,,,Escalate,No Feasible Solution,1671
1.15,0.7,1.0,114.1,85.0,5,6,0.9088326060551102,1.0000000000000002,5.0,25.68199699718744,10.009823988213753,138.31008640008872,38.951893407124665,112.62808940290128,28.94206941891091,,,,,,,,,,,,,,Escalate,No Feasible Solution,383
1.15,0.8,0.6,130.4,51.0,3,6,0.9420858651789948,1.0,9.0,31.259975775796434,0.0,123.06230129491324,78.36612788698956,91.8023255191168,78.36612788698956,0.0,0.0,1.0155211331476113,1.0000000000000053,0.9499999999848101,1.0155211331476108,9.0,35.18997984938899,0.0,123.06230129491324,78.36612788698956,0.0,0.015521133147616606,Support Only,Feasible,11
1.15,0.8,0.6,130.4,51.0,6,7,0.929748211579267,1.0027178844668585,7.0,53.07012358188403,-3.8778319016909535,123.06230129491324,78.36612788698956,69.9921777130292,74.4882959852986,0.0,0.0,1.02494004104827,1.0,0.9499999999872231,1.0249400410482699,9.0,58.13770621533318,-5.267084121725077,123.06230129491324,78.36612788698956,0.0,0.02494004104827008,Support Only,Feasible,11
1.15,0.8,0.6,130.4,51.0,7,8,0.904826867313196,1.0,7.0,21.672570998934177,63.47554743174031,123.06230129491324,78.36612788698956,101.38973029597906,14.89058045524925,0.0,0.0,1.0337946328233836,1.0423751053551948,0.9499999999996857,1.0423751053551946,9.0,26.35917299452821,68.84300872077374,123.06230129491324,78.36612788698956,0.0,0.07616973817857842,Support Only,Feasible,58
1.15,0.8,0.6,130.4,51.0,8,2,0.9045899187587103,1.0,9.0,0.0,42.9068494407266,123.06230129491324,78.36612788698956,123.06230129491324,35.45927844626296,,,,,,,,,,,,,,Escalate,No Feasible Solution,643
1.15,0.8,0.6,130.4,51.0,5,6,0.9095326144617806,1.0,5.0,25.4095471013883,8.049722813530565,123.06230129491324,78.36612788698956,97.65275419352494,70.316405073459,,,,,,,,,,,,,,Escalate,No Feasible Solution,384
1.15,0.8,0.7,130.4,59.49999999999999,3,6,0.9420858651789948,1.0,9.0,31.259975775796434,0.0,123.06230129491324,72.12489168102786,91.8023255191168,72.12489168102786,0.0,0.0,1.0155211331476113,1.0000000000000053,0.9499999999848101,1.0155211331476108,9.0,35.18997984938899,0.0,123.06230129491324,72.12489168102786,0.0,0.015521133147616606,Support Only,Feasible,11
1.15,0.8,0.7,130.4,59.49999999999999,6,7,0.9296722106750319,1.0029395973063027,7.0,53.18458815316781,-3.981812006660121,123.06230129491324,72.12489168102786,69.87771314174543,68.14307967436774,0.0,0.0,1.0254835484772948,1.000000000000006,0.9499999999857662,1.0254835484772946,9.0,58.371205340216946,-5.396975926817078,123.06230129491324,72.12489168102786,0.0,0.025483548477300833,Support Only,Feasible,11
1.15,0.8,0.7,130.4,59.49999999999999,7,8,0.9076415548885649,1.0000000000000002,7.0,21.042962105799504,59.44257156684762,123.06230129491324,72.12489168102786,102.01933918911374,12.682320114180243,0.0,0.0,1.0317411717117129,1.0399077556109726,0.9499999999892169,1.0399077556109726,9.0,25.451916297896204,64.56850970873137,123.06230129491324,72.12489168102786,0.0,0.07164892732268546,Support Only,Feasible,57
1.15,0.8,0.7,130.4,59.49999999999999,8,2,0.9077474136336323,1.0,9.0,0.0,40.263891548711115,123.06230129491324,72.12489168102786,123.06230129491324,31.861000132316747,,,,,,,,,,,,,,Escalate,No Feasible Solution,494
1.15,0.8,0.7,130.4,59.49999999999999,5,6,0.909339508840277,1.0000000000000004,5.0,25.69837470223429,8.24811150651081,123.06230129491324,72.12489168102786,97.36392659267895,63.87678017451705,,,,,,,,,,,,,,Escalate,No Feasible Solution,715
1.15,0.8,0.8,130.4,68.0,3,6,0.9420858651789948,1.0,9.0,31.259975775796434,0.0,123.06230129491324,64.17359269980139,91.8023255191168,64.17359269980139,0.0,0.0,1.0155211331476113,1.0000000000000053,0.9499999999848101,1.0155211331476108,9.0,35.18997984938899,0.0,123.06230129491324,64.17359269980139,0.0,0.015521133147616606,Support Only,Feasible,11
1.15,0.8,0.8,130.4,68.0,6,7,0.9295616566902117,1.0030135435737073,7.0,53.35109064450141,-3.7912709939625415,123.06230129491324,64.17359269980139,69.71121065041183,60.38232170583885,0.0,0.0,1.0262679870885039,1.0,0.9499999999837446,1.0262679870885039,9.0,58.70870326452258,-5.247230214272662,123.06230129491324,64.17359269980139,0.0,0.026267987088503864,Support Only,Feasible,11
1.15,0.8,0.8,130.4,68.0,7,8,0.9101603406693367,1.0000000000000002,7.0,20.50049392258221,55.90320628139165,123.06230129491324,64.17359269980139,102.56180737233103,8.270386418409743,0.0,0.0,1.0299758585717091,1.0376655298838593,0.9499999999955646,1.0376655298838595,9.0,24.67510098603175,60.76824982391226,123.06230129491324,64.17359269980139,0.0,0.06764138845556844,Support Only,Feasible,62
1.15,0.8,0.8,130.4,68.0,8,2,0.9106019750340271,1.0000000000000007,9.0,0.0,37.96089548620006,123.06230129491324,64.17359269980139,123.06230129491324,26.21269721360133,,,,,,,,,,,,,,Escalate,No Feasible Solution,337
1.15,0.8,0.8,130.4,68.0,5,6,0.9089541731908579,1.0,5.0,26.304929200029093,8.711927461953934,123.06230129491324,64.17359269980139,96.75737209488415,55.461665237847456,,,,,,,,,,,,,,Escalate,No Feasible Solution,452
1.15,0.8,0.9,130.4,76.5,3,6,0.9420858651789948,1.0,9.0,31.259975775796434,0.0,123.06230129491324,53.758720222862465,91.8023255191168,53.758720222862465,0.0,0.0,1.0155211331476113,1.0000000000000053,0.9499999999848101,1.0155211331476108,9.0,35.18997984938899,0.0,123.06230129491324,53.758720222862465,0.0,0.015521133147616606,Support Only,Feasible,11
1.15,0.8,0.9,130.4,76.5,6,7,0.9294168305530796,1.0029399739015799,7.0,53.569205415132856,-3.3064826957000406,123.06230129491324,53.758720222862465,69.49309587978038,50.452237527162424,0.0,0.0,1.027291419786332,1.0,0.949999999982413,1.027291419786332,9.0,59.14989837619915,-4.8180679893604506,123.06230129491324,53.758720222862465,0.0,0.027291419786332094,Support Only,Feasible,11
1.15,0.8,0.9,130.4,76.5,7,8,0.912405194648255,1.0000000000000004,7.0,20.038198135284617,52.82462902995658,123.06230129491324,53.758720222862465,103.02410315962862,0.9340911929058819,0.0,2.010309456357263,1.0499999999999985,1.0499999406225242,0.9499999996224104,1.0499999999999987,7.0,29.031927184802882,56.51137940903888,123.06230129491324,56.51137940903888,2.010309456357263,0.09999994062252271,Headroom + Support,Feasible,126
1.15,0.8,0.9,130.4,76.5,8,2,0.9131726408121663,1.0,9.0,0.0,35.98298269511507,123.06230129491324,53.758720222862465,123.06230129491324,17.775737527747395,,,,,,,,,,,,,,Escalate,No Feasible Solution,468
1.15,0.8,0.9,130.4,76.5,5,6,0.9083792013261563,1.0,5.0,27.228243338611563,9.441364142526353,123.06230129491324,53.758720222862465,95.83405795630168,44.31735608033611,,,,,,,,,,,,,,Escalate,No Feasible Solution,817
1.15,0.8,1.0,130.4,85.0,3,6,0.9420858651789948,1.0,9.0,31.259975775796434,0.0,123.06230129491324,38.951893407124665,91.8023255191168,38.951893407124665,0.0,0.0,1.0155211331476113,1.0000000000000053,0.9499999999848101,1.0155211331476108,9.0,35.18997984938899,0.0,123.06230129491324,38.951893407124665,0.0,0.015521133147616606,Support Only,Feasible,11
1.15,0.8,1.0,130.4,85.0,6,7,0.9292378630650648,1.0027185313071514,7.0,53.83873215750158,-2.5266422472861976,123.06230129491324,38.951893407124665,69.22356913741166,36.42525115983847,0.0,0.0,1.028552814572094,1.0000000000000009,0.9499999999790483,1.0285528145720937,9.0,59.69503539390463,-4.108792304023311,123.06230129491324,38.951893407124665,0.0,0.028552814572094798,Support Only,Feasible,11
1.15,0.8,1.0,130.4,85.0,7,8,0.8335281982260623,1.0,7.0,24.151459729007186,38.951893407124665,123.06230129491324,38.951893407124665,98.91084156590605,0.0,0.0,10.510309532923348,1.05,1.0499937865434548,0.9499999999924018,1.0499999999999998,7.0,29.031927165906282,56.5113795099634,123.06230129491324,56.5113795099634,10.510309532923348,0.09999378654345481,Headroom + Support,Feasible,131
1.15,0.8,1.0,130.4,85.0,8,2,0.9154756827411589,1.0,9.0,0.0,34.31755831782197,123.06230129491324,38.951893407124665,123.06230129491324,4.634335089302695,,,,,,,,,,,,,,Escalate,No Feasible Solution,1774
1.15,0.8,1.0,130.4,85.0,5,6,0.9076161486489973,1.0000000000000002,5.0,28.468896346699225,10.437515494780861,123.06230129491324,38.951893407124665,94.59340494821402,28.514377912343804,,,,,,,,,,,,,,Escalate,No Feasible Solution,528
1.15,0.9,0.6,146.70000000000002,51.0,3,6,0.9431120131379811,1.0,9.0,31.580154774078636,0.0,103.09025172148915,78.36612788698956,71.51009694741052,78.36612788698956,0.0,0.0,1.0134586406831683,1.0,0.949999999960369,1.0134586406831683,9.0,34.86790553862724,0.0,103.09025172148915,78.36612788698956,0.0,0.013458640683168266,Support Only,Feasible,11
1.15,0.9,0.6,146.70000000000002,51.0,6,7,0.930671070919802,1.0028864210503858,7.0,53.1393857355074,-4.1655648019250435,103.09025172148915,78.36612788698956,49.95086598598175,74.20056308506452,0.0,0.0,1.0227986799028543,1.0,0.9499999999828691,1.0227986799028543,9.0,57.57106599137711,-5.439127269988845,103.09025172148915,78.36612788698956,0.0,0.022798679902854335,Support Only,Feasible,11
1.15,0.9,0.6,146.70000000000002,51.0,7,8,0.904229951361162,1.0,7.0,27.356800283981272,64.39085962102801,103.09025172148915,78.36612788698956,75.73345143750788,13.975268265961546,0.0,0.0,1.0448908313146639,1.0423736790062237,0.9499999999358869,1.0448908313146636,9.0,33.903687623079634,68.8403516336367,103.09025172148915,78.36612788698956,0.0,0.08726451032088756,Support Only,Feasible,195
1.15,0.9,0.6,146.70000000000002,51.0,8,2,0.9045899187587103,1.0,9.0,0.0,42.9068494407266,103.09025172148915,78.36612788698956,103.09025172148915,35.45927844626296,,,,,,,,,,,,,,Escalate,No Feasible Solution,475
1.15,0.9,0.6,146.70000000000002,51.0,5,6,0.90898112887476,1.0000000000000002,5.0,27.73681833307944,8.30027982160965,103.09025172148915,78.36612788698956,75.35343338840971,70.06584806537991,,,,,,,,,,,,,,Escalate,No Feasible Solution,148
1.15,0.9,0.7,146.70000000000002,59.49999999999999,3,6,0.9431120131379811,1.0,9.0,31.580154774078636,0.0,103.09025172148915,72.12489168102786,71.51009694741052,72.12489168102786,0.0,0.0,1.0134586406831683,1.0,0.949999999960369,1.0134586406831683,9.0,34.86790553862724,0.0,103.09025172148915,72.12489168102786,0.0,0.013458640683168266,Support Only,Feasible,11
1.15,0.9,0.7,146.70000000000002,59.49999999999999,6,7,0.9305864205497048,1.0031006339228035,7.0,53.26701480737805,-4.2567847078667285,103.09025172148915,72.12489168102786,49.823236914111106,67.86810697316113,0.0,0.0,1.0234003468949469,1.0,0.9499999999828319,1.0234003468949469,9.0,57.824183909401285,-5.560044303775754,103.09025172148915,72.12489168102786,0.0,0.023400346894946855,Support Only,Feasible,11
1.15,0.9,0.7,146.70000000000002,59.49999999999999,7,8,0.9070510602485944,1.0000000000000002,7.0,26.72543888425929,60.3488986685702,103.09025172148915,72.12489168102786,76.36481283722986,11.775993012457661,0.0,0.0,1.0429384103266282,1.0399183041961015,0.9499999911522692,1.0429384103266282,9.0,33.035742987975254,64.58055145106951,103.09025172148915,72.12489168102786,0.0,0.08285671452272969,Support Only,Feasible,237
1.15,0.9,0.7,146.70000000000002,59.49999999999999,8,2,0.9077474136336323,1.0,9.0,0.0,40.263891548711115,103.09025172148915,72.12489168102786,103.09025172148915,31.861000132316747,,,,,,,,,,,,,,Escalate,No Feasible Solution,573
1.15,0.9,0.7,146.70000000000002,59.49999999999999,5,6,0.9084550492119776,1.0,5.0,28.39080428387399,8.600963616409288,103.09025172148915,72.12489168102786,74.69944743761516,63.52392806461857,,,,,,,,,,,,,,Escalate,No Feasible Solution,778
1.15,0.9,0.8,146.70000000000002,68.0,3,6,0.9431120131379811,1.0,9.0,31.580154774078636,0.0,103.09025172148915,64.17359269980139,71.51009694741052,64.17359269980139,0.0,0.0,1.0134586406831683,1.0,0.949999999960369,1.0134586406831683,9.0,34.86790553862724,0.0,103.09025172148915,64.17359269980139,0.0,0.013458640683168266,Support Only,Feasible,11
1.15,0.9,0.8,146.70000000000002,68.0,6,7,0.9304678797113489,1.0031675305666194,7.0,53.44573858020436,-4.0542550210311745,103.09025172148915,64.17359269980139,49.64451314128479,60.119337678770215,0.0,0.0,1.0242380477984345,1.0000000000000038,0.9499999999825308,1.0242380477984345,9.0,58.177175698138086,-5.401706824335619,103.09025172148915,64.17359269980139,0.0,0.0242380477984383,Support Only,Feasible,11
1.15,0.9,0.8,146.70000000000002,68.0,7,8,0.9095746147893425,1.0000000000000004,7.0,26.183029039851476,56.80301081929093,103.09025172148915,64.17359269980139,76.90722268163768,7.370581880510457,0.0,0.0,1.041269775113004,1.037678567727106,0.9499999823736325,1.041269775113004,7.0,32.296785834163586,60.792113198807584,103.09025172148915,64.17359269980139,0.0,0.0789483428401101,Support Only,Feasible,118
1.15,0.9,0.8,146.70000000000002,68.0,8,2,0.9106019750340271,1.0000000000000007,9.0,0.0,37.96089548620006,103.09025172148915,64.17359269980139,103.09025172148915,26.21269721360133,,,,,,,,,,,,,,Escalate,No Feasible Solution,696
1.15,0.9,0.8,146.70000000000002,68.0,5,6,0.907739051898166,1.0000000000000002,5.0,29.3640942855489,9.167543716565945,103.09025172148915,64.17359269980139,73.72615743594025,55.006048983235445,,,,,,,,,,,,,,Escalate,No Feasible Solution,549
1.15,0.9,0.9,146.70000000000002,76.5,3,6,0.9431120131379811,1.0,9.0,31.580154774078636,0.0,103.09025172148915,53.758720222862465,71.51009694741052,53.758720222862465,0.0,0.0,1.0134586406831683,1.0,0.949999999960369,1.0134586406831683,9.0,34.86790553862724,0.0,103.09025172148915,53.758720222862465,0.0,0.013458640683168266,Support Only,Feasible,11
1.15,0.9,0.9,146.70000000000002,76.5,6,7,0.930315706877254,1.003087326146714,7.0,53.6751647212331,-3.5581885660498287,103.09025172148915,53.758720222862465,49.41508700025605,50.200531656812636,0.0,0.0,1.0253099812213378,1.0,0.949999999982355,1.0253099812213378,9.0,58.62984593062018,-4.9642989694170865,103.09025172148915,53.758720222862465,0.0,0.025309981221337763,Support Only,Feasible,11
1.15,0.9,0.9,146.70000000000002,76.5,7,8,0.9118228175114189,1.0000000000000007,7.0,25.7224264737377,53.72003176363768,103.09025172148915,53.758720222862465,77.36782524775145,0.0386884592247867,0.0,3.0121254285880528,1.05,1.049821854016887,0.9499999999930169,1.05,7.0,34.01580314086982,57.808150731332226,103.09025172148915,57.808150731332226,3.0121254285880528,0.09982185401688715,Headroom + Support,Feasible,153
1.15,0.9,0.9,146.70000000000002,76.5,8,2,0.9131726408121663,1.0,9.0,0.0,35.98298269511507,103.09025172148915,53.758720222862465,103.09025172148915,17.775737527747395,,,,,,,,,,,,,,Escalate,No Feasible Solution,681
1.15,0.9,0.9,146.70000000000002,76.5,5,6,0.9068340043577174,1.0000000000000002,5.0,30.657764347811337,10.000923669116872,103.09025172148915,53.758720222862465,72.43248737367782,43.75779655374559,,,,,,,,,,,,,,Escalate,No Feasible Solution,574
1.15,0.9,1.0,146.70000000000002,85.0,3,6,0.9431120131379811,1.0,9.0,31.580154774078636,0.0,103.09025172148915,38.951893407124665,71.51009694741052,38.951893407124665,0.0,0.0,1.0134586406831683,1.0,0.949999999960369,1.0134586406831683,9.0,34.86790553862724,0.0,103.09025172148915,38.951893407124665,0.0,0.013458640683168266,Support Only,Feasible,11
1.15,0.9,1.0,146.70000000000002,85.0,6,7,0.9301300153434122,1.0028596334728168,7.0,53.95511905003332,-2.7677285201254733,103.09025172148915,38.951893407124665,49.135132671455835,36.18416488699919,0.0,0.0,1.0266152256310748,1.0000000000000013,0.9499999999794736,1.026615225631075,9.0,59.18252248049288,-4.2470908788578114,103.09025172148915,38.951893407124665,0.0,0.0266152256310761,Support Only,Feasible,11
1.15,0.9,1.0,146.70000000000002,85.0,7,8,0.8248358883386995,1.0000000000000004,7.0,30.37224256901368,38.951893407124665,103.09025172148915,38.951893407124665,72.71800915247547,0.0,0.0,11.512125428192064,1.049999999995585,1.0497698255109016,0.9499999999893832,1.0499999999955851,7.0,34.01580314007208,57.80815073082884,103.09025172153798,57.80815073082884,11.512125428192064,0.0997698255064865,Headroom + Support,Feasible,131
1.15,0.9,1.0,146.70000000000002,85.0,8,2,0.9154756827411589,1.0,9.0,0.0,34.31755831782197,103.09025172148915,38.951893407124665,103.09025172148915,4.634335089302695,,,,,,,,,,,,,,Escalate,No Feasible Solution,1709
1.15,0.9,1.0,146.70000000000002,85.0,5,6,0.9057397463502802,1.0,5.0,32.27448630560397,11.102926107857414,103.09025172148915,38.951893407124665,70.81576541588518,27.84896729926725,,,,,,,,,,,,,,Escalate,No Feasible Solution,332
1.15,1.0,0.6,163.0,51.0,3,6,0.9434191471970377,1.0,9.0,32.85395981576323,0.0,74.69598382778022,78.36612788698956,41.84202401201699,78.36612788698956,0.0,0.0,1.0127799555967159,1.0000000000000016,0.9499999999390658,1.012779955596716,9.0,35.851529433153516,0.0,74.69598382778022,78.36612788698956,0.0,0.012779955596717407,Support Only,Feasible,11
1.15,1.0,0.6,163.0,51.0,6,7,0.9308937739372608,1.002946723510277,7.0,54.43583874033584,-4.268515743216113,74.69598382778022,78.36612788698956,20.260145087444386,74.09761214377345,0.0,0.0,1.023039320263297,1.0,0.9499999999841235,1.0230393202632972,9.0,58.691759571506395,-5.564661691162854,74.69598382778022,78.36612788698956,0.0,0.023039320263297025,Support Only,Feasible,11
1.15,1.0,0.6,163.0,51.0,7,8,0.9034726922251863,1.0000000000000002,7.0,34.352830403759995,65.55182377374753,74.69598382778022,78.36612788698956,40.34315342402023,12.81430411324203,6.928725291865715,0.0,1.05,1.05,0.9499999995787829,1.0499999999999998,9.0,37.93177914346256,70.55734999551818,88.26237709793503,78.36612788698956,6.928725291865715,0.10000000000000009,Headroom + Support,Feasible,66
1.15,1.0,0.6,163.0,51.0,8,2,0.9045899187587103,1.0,9.0,0.0,42.9068494407266,74.69598382778022,78.36612788698956,74.69598382778022,35.45927844626296,,,,,,,,,,,,,,Escalate,No Feasible Solution,258
1.15,1.0,0.6,163.0,51.0,5,6,0.9077701622875922,1.0,5.0,31.069723558563936,8.784632768682314,74.69598382778022,78.36612788698956,43.62626026921629,69.58149511830725,,,,,,,,,,,,,,Escalate,No Feasible Solution,422
1.15,1.0,0.7,163.0,59.49999999999999,3,6,0.9434191471970377,1.0,9.0,32.85395981576323,0.0,74.69598382778022,72.12489168102786,41.84202401201699,72.12489168102786,0.0,0.0,1.0127799555967159,1.0000000000000016,0.9499999999390658,1.012779955596716,9.0,35.851529433153516,0.0,74.69598382778022,72.12489168102786,0.0,0.012779955596717407,Support Only,Feasible,11
1.15,1.0,0.7,163.0,59.49999999999999,6,7,0.9308006008536686,1.003153907131607,7.0,54.57647051655303,-4.347749586238663,74.69598382778022,72.12489168102786,20.119513311227195,67.7771420947892,0.0,0.0,1.0236954201902189,1.0,0.9499999999836509,1.0236954201902189,9.0,58.962894778469916,-5.6769086273342,74.69598382778022,72.12489168102786,0.0,0.023695420190218863,Support Only,Feasible,11
1.15,1.0,0.7,163.0,59.49999999999999,7,8,0.9063055737610128,1.0000000000000002,7.0,33.71406511711555,61.49290699175597,74.69598382778022,72.12489168102786,40.98191871066467,10.631984689271889,3.8023168406082966,0.0,1.049999999875,1.049999999875,0.9499999685555021,1.05,9.0,38.55860290111309,66.8545526843964,82.48992469603549,72.12489168102786,3.8023168406082966,0.09999999975000007,Headroom + Support,Feasible,138
1.15,1.0,0.7,163.0,59.49999999999999,8,2,0.9077474136336323,1.0,9.0,0.0,40.263891548711115,74.69598382778022,72.12489168102786,74.69598382778022,31.861000132316747,,,,,,,,,,,,,,Escalate,No Feasible Solution,721
1.15,1.0,0.7,163.0,59.49999999999999,5,6,0.9069122064310003,1.0,5.0,32.09562498573973,9.189191156786848,74.69598382778022,72.12489168102786,42.60035884204049,62.935700524241014,,,,,,,,,,,,,,Escalate,No Feasible Solution,648
1.15,1.0,0.8,163.0,68.0,3,6,0.9434191471970377,1.0,9.0,32.85395981576323,0.0,74.69598382778022,64.17359269980139,41.84202401201699,64.17359269980139,0.0,0.0,1.0127799555967159,1.0000000000000016,0.9499999999390658,1.012779955596716,9.0,35.851529433153516,0.0,74.69598382778022,64.17359269980139,0.0,0.012779955596717407,Support Only,Feasible,11
1.15,1.0,0.8,163.0,68.0,6,7,0.9306739639882229,1.0032140525626352,7.0,54.7676081938925,-4.133706796117622,74.69598382778022,64.17359269980139,19.928375633887725,60.03988590368377,0.0,0.0,1.0245828174874063,1.0000000000000013,0.9499999999841444,1.024582817487406,9.0,59.330277711894524,-5.510214426761792,74.69598382778022,64.17359269980139,0.0,0.02458281748740765,Support Only,Feasible,11
1.15,1.0,0.8,163.0,68.0,7,8,0.908838467756811,1.0,7.0,33.16692287198579,57.933692963631444,74.69598382778022,64.17359269980139,41.529060955794435,6.239899736169946,1.1963578592929849,0.0,1.0499999999997731,1.0499999999999368,0.9499999999995006,1.0499999999999365,9.0,39.09889840428819,63.56798451042458,77.25329371620363,64.17359269980139,1.1963578592929849,0.09999999999970988,Headroom + Support,Feasible,96
1.15,1.0,0.8,163.0,68.0,8,2,0.9106019750340271,1.0000000000000007,9.0,0.0,37.96089548620006,74.69598382778022,64.17359269980139,74.69598382778022,26.21269721360133,,,,,,,,,,,,,,Escalate,No Feasible Solution,311
1.15,1.0,0.8,163.0,68.0,5,6,0.9058634903303658,1.0,5.0,33.44609832591004,9.861243333392594,74.69598382778022,64.17359269980139,41.24988550187018,54.312349366408796,,,,,,,,,,,,,,Escalate,No Feasible Solution,742
1.15,1.0,0.9,163.0,76.5,3,6,0.9434191471970377,1.0,9.0,32.85395981576323,0.0,74.69598382778022,53.758720222862465,41.84202401201699,53.758720222862465,0.0,0.0,1.0127799555967159,1.0000000000000016,0.9499999999390658,1.012779955596716,9.0,35.851529433153516,0.0,74.69598382778022,53.758720222862465,0.0,0.012779955596717407,Support Only,Feasible,11
1.15,1.0,0.9,163.0,76.5,6,7,0.9305141027337931,1.0031273428055913,7.0,55.00888770671929,-3.626544674633479,74.69598382778022,53.758720222862465,19.687096121060932,50.132175548228986,0.0,0.0,1.0256998383472455,1.0,0.9499999999831887,1.0256998383472455,9.0,59.793809020653185,-5.064728205442194,74.69598382778022,53.758720222862465,0.0,0.02569983834724554,Support Only,Feasible,11
1.15,1.0,0.9,163.0,76.5,7,8,0.9046258335060107,1.0,7.0,33.08233047920707,53.758720222862465,74.69598382778022,53.758720222862465,41.61365334857315,0.0,3.7638181117902447,4.36515611397149,1.05,1.0499999999999905,0.9499999839726747,1.0499999999999996,9.0,38.5664594688396,59.4879340500097,82.41558334238111,59.4879340500097,8.128974225761734,0.09999999999999054,Headroom + Support,Feasible,243
1.15,1.0,0.9,163.0,76.5,8,2,0.9131726408121663,1.0,9.0,0.0,35.98298269511507,74.69598382778022,53.758720222862465,74.69598382778022,17.775737527747395,,,,,,,,,,,,,,Escalate,No Feasible Solution,560
1.15,1.0,0.9,163.0,76.5,5,6,0.9046231178024721,1.0,5.0,35.124416150112296,10.80244893630207,74.69598382778022,53.758720222862465,39.57156767766793,42.956271286560394,,,,,,,,,,,,,,Escalate,No Feasible Solution,449
1.15,1.0,1.0,163.0,85.0,3,6,0.9434191471970377,1.0,9.0,32.85395981576323,0.0,74.69598382778022,38.951893407124665,41.84202401201699,38.951893407124665,0.0,0.0,1.0127799555967159,1.0000000000000016,0.9499999999390658,1.012779955596716,9.0,35.851529433153516,0.0,74.69598382778022,38.951893407124665,0.0,0.012779955596717407,Support Only,Feasible,11
1.15,1.0,1.0,163.0,85.0,6,7,0.9303211145861046,1.0028933617584876,7.0,55.30015845656388,-2.8253564444752186,74.69598382778022,38.951893407124665,19.395825371216347,36.126536962649446,0.0,0.0,1.027045665685899,1.0000000000000036,0.9499999999806046,1.0270456656858986,9.0,60.35389264246368,-4.339688304157903,74.69598382778022,38.951893407124665,0.0,0.02704566568590261,Support Only,Feasible,11
1.15,1.0,1.0,163.0,85.0,7,8,0.8132785104049683,1.0,7.0,38.09295819173157,38.951893407124665,74.69598382778022,38.951893407124665,36.603025636048656,0.0,3.7802007349113382,12.848677559860901,1.0499999976230348,1.049128574716558,0.9499999461876958,1.0499999976230387,9.0,38.563129647408985,59.46794657948866,82.44722870633119,59.46794657948866,16.62887829477224,0.09912857233959271,Headroom + Support,Feasible,236
1.15,1.0,1.0,163.0,85.0,8,2,0.9154756827411589,1.0,9.0,0.0,34.31755831782197,74.69598382778022,38.951893407124665,74.69598382778022,4.634335089302695,,,,,,,,,,,,,,Escalate,No Feasible Solution,1599
1.15,1.0,1.0,163.0,85.0,5,6,0.9031891020266241,1.0,5.0,37.135585948993594,12.0154343533788,74.69598382778022,38.951893407124665,37.56039787878663,26.936459053745864,,,,,,,,,,,,,,Escalate,No Feasible Solution,484
1.2,0.6,0.6,97.8,51.0,3,6,0.9288799424251484,1.0,9.0,41.245609581029214,0.0,150.27857465387407,78.36612788698956,109.03296507284486,78.36612788698956,0.0,0.0,1.0407970952849188,1.0000000000000018,0.9499999998485079,1.0407970952849186,9.0,52.396146365170296,0.0,150.27857465387407,78.36612788698956,0.0,0.04079709528492059,Support Only,Feasible,11
1.2,0.6,0.6,97.8,51.0,6,7,0.9185544079483242,1.000700088201694,7.0,64.00032198527228,-0.43296003395170146,150.27857465387407,78.36612788698956,86.2782526686018,77.93316785303786,0.0,0.0,1.05,1.0140328689083296,0.9499999984716654,1.0500000000000003,9.0,74.08219943317911,-0.021546790446265618,150.27857465387407,78.36612788698956,0.0,0.0640328689083296,Support Only,Feasible,11
1.2,0.6,0.6,97.8,51.0,7,8,0.8958862908430119,1.0000000000000002,7.0,16.792421208253643,71.48337625732124,150.27857465387407,78.36612788698956,133.48615344562043,6.88275162966832,0.0,0.0,1.0411246264339973,1.049999999999557,0.9499999999907043,1.0499999999995566,7.0,23.563349244978525,77.48510450518937,150.27857465387407,78.36612788698956,0.0,0.09112462643355435,Support Only,Feasible,20
1.2,0.6,0.6,97.8,51.0,8,2,0.890480115872935,1.0,9.0,0.0,52.487366356311966,150.27857465387407,78.36612788698956,150.27857465387407,25.878761530677593,,,,,,,,,,,,,,Escalate,No Feasible Solution,528
1.2,0.6,0.6,97.8,51.0,5,6,0.9002896156625495,1.0,5.0,27.810002281627646,10.252322618948156,150.27857465387407,78.36612788698956,122.46857237224643,68.1138052680414,,,,,,,,,,,,,,Escalate,No Feasible Solution,496
1.2,0.6,0.7,97.8,59.49999999999999,3,6,0.9288799424251484,1.0,9.0,41.245609581029214,0.0,150.27857465387407,72.12489168102786,109.03296507284486,72.12489168102786,0.0,0.0,1.0407970952849188,1.0000000000000018,0.9499999998485079,1.0407970952849186,9.0,52.396146365170296,0.0,150.27857465387407,72.12489168102786,0.0,0.04079709528492059,Support Only,Feasible,11
1.2,0.6,0.7,97.8,59.49999999999999,6,7,0.9185158055514436,1.000962263518401,7.0,64.0580815756928,-0.6054773113946936,150.27857465387407,72.12489168102786,86.22049307818128,71.51941436963317,0.0,0.0,1.049999999999999,1.0149482247580717,0.949999998377444,1.049999999999999,9.0,74.08219948055626,-0.018146303298451016,150.27857465387407,72.12489168102786,0.0,0.0649482247580706,Support Only,Feasible,11
1.2,0.6,0.7,97.8,59.49999999999999,7,8,0.8990163530346252,1.0,7.0,16.04150280067023,67.006784272766,150.27857465387407,72.12489168102786,134.23707185320384,5.118107408261864,0.0,0.0,1.047325513096462,1.0469762545980776,0.9499999532385274,1.047325513096462,7.0,24.595728327056946,72.12489168102786,150.27857465387407,72.12489168102786,0.0,0.09430176769453968,Support Only,Feasible,75
1.2,0.6,0.7,97.8,59.49999999999999,8,2,0.894149709434475,1.0,9.0,0.0,49.4964146886588,150.27857465387407,72.12489168102786,150.27857465387407,22.62847699236906,,,,,,,,,,,,,,Escalate,No Feasible Solution,287
1.2,0.6,0.7,97.8,59.49999999999999,5,6,0.9010385900318305,1.0,5.0,27.144121283335863,10.170691270665884,150.27857465387407,72.12489168102786,123.13445337053821,61.95420041036198,,,,,,,,,,,,,,Escalate,No Feasible Solution,89
1.2,0.6,0.8,97.8,68.0,3,6,0.9288799424251484,1.0,9.0,41.245609581029214,0.0,150.27857465387407,64.17359269980139,109.03296507284486,64.17359269980139,0.0,0.0,1.0407970952849188,1.0000000000000018,0.9499999998485079,1.0407970952849186,9.0,52.396146365170296,0.0,150.27857465387407,64.17359269980139,0.0,0.04079709528492059,Support Only,Feasible,11
1.2,0.6,0.8,97.8,68.0,6,7,0.9184384269867515,1.0010729491239077,7.0,64.17385963846715,-0.4770547893675783,150.27857465387407,64.17359269980139,86.10471501540692,63.69653791043381,0.0,0.0,1.0499999999950445,1.016730107388426,0.9499999982538252,1.0499999999950447,9.0,74.08219954042042,0.47234459853277144,150.27857465387407,64.17359269980139,0.0,0.06673010738347052,Support Only,Feasible,11
1.2,0.6,0.8,97.8,68.0,7,8,0.9018186432622097,1.0000000000000004,7.0,15.386803007361777,63.067653732576275,150.27857465387407,64.17359269980139,134.8917716465123,1.1059389672251143,0.0,7.776309700704121,1.0499999999988046,1.05,0.9499999999316427,1.0499999999988046,7.0,25.23815986407058,71.52172485849664,150.2785746538763,71.52172485849664,7.776309700704121,0.0999999999988046,Headroom + Support,Feasible,111
1.2,0.6,0.8,97.8,68.0,8,2,0.8974714064560945,1.0,9.0,0.0,46.87784179844232,150.27857465387407,64.17359269980139,150.27857465387407,17.29575090135907,,,,,,,,,,,,,,Escalate,No Feasible Solution,611
1.2,0.6,0.8,97.8,68.0,5,6,0.9015663587780315,1.0000000000000002,5.0,26.814036430377456,10.36095815496509,150.27857465387407,64.17359269980139,123.46453822349662,53.8126345448363,,,,,,,,,,,,,,Escalate,No Feasible Solution,74
1.2,0.6,0.9,97.8,76.5,3,6,0.9288799424251484,1.0,9.0,41.245609581029214,0.0,150.27857465387407,53.758720222862465,109.03296507284486,53.758720222862465,0.0,0.0,1.0407970952849188,1.0000000000000018,0.9499999998485079,1.0407970952849186,9.0,52.396146365170296,0.0,150.27857465387407,53.758720222862465,0.0,0.04079709528492059,Support Only,Feasible,11
1.2,0.6,0.9,97.8,76.5,6,7,0.9183226958048945,1.0010326133259932,7.0,64.34702019023197,-0.04833865092111722,150.27857465387407,53.758720222862465,85.9315544636421,53.71038157194135,0.0,0.0,1.0499999999999996,1.019344495359021,0.9499999980950448,1.0499999999999998,9.0,74.08219962255703,1.4324979495410446,150.27857465387407,53.758720222862465,0.0,0.06934449535902054,Support Only,Feasible,11
1.2,0.6,0.9,97.8,76.5,7,8,0.8638354776063674,1.0000000000000002,7.0,17.069635136085452,53.758720222862465,150.27857465387407,53.758720222862465,133.20893951778862,0.0,0.0,16.276309734471994,1.0499999999817604,1.049999872181271,0.9499999999789503,1.0499999999817602,7.0,25.238159858860456,71.52172488693033,150.27857465400186,71.52172488693033,16.276309734471994,0.09999987216303152,Headroom + Support,Feasible,159
1.2,0.6,0.9,97.8,76.5,8,2,0.9004705226374232,1.0,9.0,0.0,44.61227222828627,150.27857465387407,53.758720222862465,150.27857465387407,9.146447994576192,,,,,,,,,,,,,,Escalate,No Feasible Solution,1324
1.2,0.6,0.9,97.8,76.5,5,6,0.9018811190748919,1.0,5.0,26.813077033024854,10.82131932826671,150.27857465387407,53.758720222862465,123.46549762084922,42.937400894595754,,,,,,,,,,,,,,Escalate,No Feasible Solution,138
1.2,0.6,1.0,97.8,85.0,3,6,0.9288799424251484,1.0,9.0,41.245609581029214,0.0,150.27857465387407,38.951893407124665,109.03296507284486,38.951893407124665,0.0,0.0,1.0407970952849188,1.0000000000000018,0.9499999998485079,1.0407970952849186,9.0,52.396146365170296,0.0,150.27857465387407,38.951893407124665,0.0,0.04079709528492059,Support Only,Feasible,11
1.2,0.6,1.0,97.8,85.0,6,7,0.9181688518766766,1.0008410726873458,7.0,64.57720099623108,0.6811797438514589,150.27857465387407,38.951893407124665,85.70137365764299,38.270713663273206,0.0,0.0,1.0499999999999996,1.0227572996039345,0.9499999978571169,1.0499999999999998,9.0,74.0821997421954,2.845865391530552,150.27857465387407,38.951893407124665,0.0,0.07275729960393407,Support Only,Feasible,11
1.2,0.6,1.0,97.8,85.0,7,8,,,,,,,,,,0.0,24.776309740966475,1.0499999999954455,1.05,0.9500000000010045,1.049999999999176,7.0,25.23815986259038,71.52172489449026,150.2785746538741,71.52172489449026,24.776309740966475,0.09999999999544551,Headroom + Support,Feasible,140
1.2,0.6,1.0,97.8,85.0,8,2,0.8958023409002658,1.0,9.0,0.0,38.951893407124665,150.27857465387407,38.951893407124665,150.27857465387407,0.0,,,,,,,,,,,,,,Escalate,No Feasible Solution,1744
1.2,0.6,1.0,97.8,85.0,5,6,0.9019895448919539,1.0,5.0,27.13644357138682,11.550978613335708,150.27857465387407,38.951893407124665,123.14213108248725,27.400914793788957,,,,,,,,,,,,,,Escalate,No Feasible Solution,46
1.2,0.7,0.6,114.1,51.0,3,6,0.9319787840564201,1.0000000000000007,9.0,39.18759703615257,0.0,138.31008640008872,78.36612788698956,99.12248936393615,78.36612788698956,0.0,0.0,1.0349187949088514,1.0,0.9499999999762576,1.0349187949088507,9.0,48.481256133033696,0.0,138.31008640008872,78.36612788698956,0.0,0.034918794908851414,Support Only,Feasible,11
1.2,0.7,0.6,114.1,51.0,6,7,0.9213277748586229,1.0011918552477126,7.0,60.971360460777674,-1.2725272597389647,138.31008640008872,78.36612788698956,77.33872593931105,77.0936006272506,0.0,0.0,1.0453167791464297,1.0000000000000009,0.9499999997503442,1.0453167791464302,9.0,70.67337136799117,-3.8467881331828835,138.31008640008872,78.36612788698956,0.0,0.04531677914643062,Support Only,Feasible,11
1.2,0.7,0.6,114.1,51.0,7,8,0.8956143793080542,1.0,7.0,20.024932831621356,71.89692881919238,138.31008640008872,78.36612788698956,118.28515356846736,6.469199067797177,0.0,0.0,1.0459108332256553,1.05,0.9499999999891677,1.0499999999999998,7.0,27.510226415294483,77.4851045085059,138.31008640008872,78.36612788698956,0.0,0.0959108332256553,Support Only,Feasible,20
1.2,0.7,0.6,114.1,51.0,8,2,0.890480115872935,1.0,9.0,0.0,52.487366356311966,138.31008640008872,78.36612788698956,138.31008640008872,25.878761530677593,,,,,,,,,,,,,,Escalate,No Feasible Solution,245
1.2,0.7,0.6,114.1,51.0,5,6,0.9015514528269503,1.0,5.0,27.813268889017166,9.943531629891353,138.31008640008872,78.36612788698956,110.49681751107155,68.4225962570982,,,,,,,,,,,,,,Escalate,No Feasible Solution,261
1.2,0.7,0.7,114.1,59.49999999999999,3,6,0.9319787840564201,1.0000000000000007,9.0,39.18759703615257,0.0,138.31008640008872,72.12489168102786,99.12248936393615,72.12489168102786,0.0,0.0,1.0349187949088514,1.0,0.9499999999762576,1.0349187949088507,9.0,48.481256133033696,0.0,138.31008640008872,72.12489168102786,0.0,0.034918794908851414,Support Only,Feasible,11
1.2,0.7,0.7,114.1,59.49999999999999,6,7,0.9212784465310722,1.0014444484380838,7.0,61.04525683535587,-1.4288178911789515,138.31008640008872,72.12489168102786,77.26482956473285,70.69607378984891,0.0,0.0,1.0456762575714154,1.0,0.9499999997316919,1.0456762575714156,9.0,70.83657766875274,-4.014432460095762,138.31008640008872,72.12489168102786,0.0,0.04567625757141536,Support Only,Feasible,11
1.2,0.7,0.7,114.1,59.49999999999999,7,8,0.8987401726136913,1.0,7.0,19.2823328468821,67.4273039661501,138.31008640008872,72.12489168102786,119.02775355320662,4.697587714877756,0.0,0.6693191755208727,1.05,1.0499999999997025,0.9500000000002222,1.0499999999999163,7.0,28.026918112924193,72.67187209502062,138.31008640008963,72.67187209502062,0.6693191755208727,0.09999999999970255,Headroom + Support,Feasible,121
1.2,0.7,0.7,114.1,59.49999999999999,8,2,0.894149709434475,1.0,9.0,0.0,49.4964146886588,138.31008640008872,72.12489168102786,138.31008640008872,22.62847699236906,,,,,,,,,,,,,,Escalate,No Feasible Solution,484
1.2,0.7,0.7,114.1,59.49999999999999,5,6,0.9019235689142052,1.0000000000000002,5.0,27.53330360347593,9.97091354495383,138.31008640008872,72.12489168102786,110.77678279661279,62.15397813607403,,,,,,,,,,,,,,Escalate,No Feasible Solution,122
1.2,0.7,0.8,114.1,68.0,3,6,0.9319787840564201,1.0000000000000007,9.0,39.18759703615257,0.0,138.31008640008872,64.17359269980139,99.12248936393615,64.17359269980139,0.0,0.0,1.0349187949088514,1.0,0.9499999999762576,1.0349187949088507,9.0,48.481256133033696,0.0,138.31008640008872,64.17359269980139,0.0,0.034918794908851414,Support Only,Feasible,11
1.2,0.7,0.8,114.1,68.0,6,7,0.9211918674031196,1.001546592995397,7.0,61.17495537781153,-1.285961573118378,138.31008640008872,64.17359269980139,77.13513102227719,62.88763112668301,0.0,0.0,1.0462868236347853,1.0,0.9499999996973845,1.046286823634785,9.0,71.1140566444017,-3.9001735299842792,138.31008640008872,64.17359269980139,0.0,0.04628682363478531,Support Only,Feasible,11
1.2,0.7,0.8,114.1,68.0,7,8,0.9015380795028342,1.0,7.0,18.63628259121566,63.4952934194082,138.31008640008872,64.17359269980139,119.67380380887306,0.6782992803931904,0.0,9.1693191711797,1.05,1.05,0.9499999999933922,1.05,7.0,28.02691811306144,72.67187209104686,138.31008640008872,72.67187209104686,9.1693191711797,0.10000000000000009,Headroom + Support,Feasible,135
1.2,0.7,0.8,114.1,68.0,8,2,0.8974714064560945,1.0,9.0,0.0,46.87784179844232,138.31008640008872,64.17359269980139,138.31008640008872,17.29575090135907,,,,,,,,,,,,,,Escalate,No Feasible Solution,679
1.2,0.7,0.8,114.1,68.0,5,6,0.9020864202346502,1.0,5.0,27.58123144749922,10.267740036832066,138.31008640008872,64.17359269980139,110.7288549525895,53.90585266296932,,,,,,,,,,,,,,Escalate,No Feasible Solution,369
1.2,0.7,0.9,114.1,76.5,3,6,0.9319787840564201,1.0000000000000007,9.0,39.18759703615257,0.0,138.31008640008872,53.758720222862465,99.12248936393615,53.758720222862465,0.0,0.0,1.0349187949088514,1.0,0.9499999999762576,1.0349187949088507,9.0,48.481256133033696,0.0,138.31008640008872,53.758720222862465,0.0,0.034918794908851414,Support Only,Feasible,11
1.2,0.7,0.9,114.1,76.5,6,7,0.9210684183361645,1.0014987038954801,7.0,61.35988317589741,-0.8445134405172467,138.31008640008872,53.758720222862465,76.95020322419131,52.91420678234522,0.0,0.0,1.0471460677771107,1.0000000000000002,0.9499999996442419,1.04714606777711,9.0,71.50514030332948,-3.5044052615517245,138.31008640008872,53.758720222862465,0.0,0.047146067777110945,Support Only,Feasible,11
1.2,0.7,0.9,114.1,76.5,7,8,0.8602598992102617,1.0,7.0,20.525984569938117,53.758720222862465,138.31008640008872,53.758720222862465,117.7841018301506,0.0,0.0,17.66931917490988,1.05,1.05,0.9499999999986147,1.05,7.0,28.026918112971117,72.6718720940666,138.31008640008872,72.6718720940666,17.66931917490988,0.10000000000000009,Headroom + Support,Feasible,140
1.2,0.7,0.9,114.1,76.5,8,2,0.9004705226374232,1.0,9.0,0.0,44.61227222828627,138.31008640008872,53.758720222862465,138.31008640008872,9.146447994576192,,,,,,,,,,,,,,Escalate,No Feasible Solution,1599
1.2,0.7,0.9,114.1,76.5,5,6,0.9020457795216346,1.0,5.0,27.952809127858018,10.8330369793795,138.31008640008872,53.758720222862465,110.3572772722307,42.925683243482965,,,,,,,,,,,,,,Escalate,No Feasible Solution,300
1.2,0.7,1.0,114.1,85.0,3,6,0.9319787840564201,1.0000000000000007,9.0,39.18759703615257,0.0,138.31008640008872,38.951893407124665,99.12248936393615,38.951893407124665,0.0,0.0,1.0349187949088514,1.0,0.9499999999762576,1.0349187949088507,9.0,48.481256133033696,0.0,138.31008640008872,38.951893407124665,0.0,0.034918794908851414,Support Only,Feasible,11
1.2,0.7,1.0,114.1,85.0,6,7,0.920908308655839,1.0013005571968094,7.0,61.59972330217093,-0.1038959350676123,138.31008640008872,38.951893407124665,76.71036309791779,38.84799747205705,0.0,0.0,1.0482525553563673,1.0,0.9499999995700995,1.0482525553563673,9.0,72.00977233572723,-2.8265803372765177,138.31008640008872,38.951893407124665,0.0,0.0482525553563673,Support Only,Feasible,11
1.2,0.7,1.0,114.1,85.0,7,8,,,,,,,,,,0.0,26.169319131641082,1.0499999999975524,1.0499999999999976,0.9499999999370583,1.0499999999975527,7.0,28.026918113461704,72.67187205903883,138.31008640012593,72.67187205903883,26.169319131641082,0.09999999999755005,Headroom + Support,Feasible,154
1.2,0.7,1.0,114.1,85.0,8,2,0.8958023409002658,1.0,9.0,0.0,38.951893407124665,138.31008640008872,38.951893407124665,138.31008640008872,0.0,,,,,,,,,,,,,,Escalate,No Feasible Solution,1939
1.2,0.7,1.0,114.1,85.0,5,6,0.9018061327962724,1.0,5.0,28.645494227393527,11.666785238547838,138.31008640008872,38.951893407124665,109.6645921726952,27.285108168576826,,,,,,,,,,,,,,Escalate,No Feasible Solution,396
1.2,0.8,0.6,130.4,51.0,3,6,0.9342273859005601,1.0,9.0,38.1823670154907,0.0,123.06230129491324,78.36612788698956,84.87993427942254,78.36612788698956,0.0,0.0,1.0305670657946064,1.0,0.9499999999976625,1.0305670657946064,9.0,46.07103389332518,0.0,123.06230129491324,78.36612788698956,0.0,0.03056706579460644,Support Only,Feasible,11
1.2,0.8,0.6,130.4,51.0,6,7,0.9232887377499749,1.001550068866142,7.0,59.32608930322276,-1.8840857251343408,123.06230129491324,78.36612788698956,63.73621199169048,76.48204216185522,0.0,0.0,1.039351684407608,1.0,0.9499999999205769,1.0393516844076083,9.0,67.43903110187001,-4.110348431535172,123.06230129491324,78.36612788698956,0.0,0.039351684407608056,Support Only,Feasible,11
1.2,0.8,0.6,130.4,51.0,7,8,0.8951862044931048,1.0,7.0,24.4445980037179,72.54807344270797,123.06230129491324,78.36612788698956,98.61770329119534,5.818054444281586,6.636171274733733,0.0,1.05,1.05,0.9499996907013643,1.0499999999999998,7.0,30.622697851716026,77.48560580127962,129.73436206061473,78.36612788698956,6.636171274733733,0.10000000000000009,Headroom + Support,Feasible,102
1.2,0.8,0.6,130.4,51.0,8,2,0.890480115872935,1.0,9.0,0.0,52.487366356311966,123.06230129491324,78.36612788698956,123.06230129491324,25.878761530677593,,,,,,,,,,,,,,Escalate,No Feasible Solution,478
1.2,0.8,0.6,130.4,51.0,5,6,0.9020797015940953,1.0000000000000002,5.0,28.84406655239549,9.87674076690206,123.06230129491324,78.36612788698956,94.21823474251775,68.4893871200875,,,,,,,,,,,,,,Escalate,No Feasible Solution,26
1.2,0.8,0.7,130.4,59.49999999999999,3,6,0.9342273859005601,1.0,9.0,38.1823670154907,0.0,123.06230129491324,72.12489168102786,84.87993427942254,72.12489168102786,0.0,0.0,1.0305670657946064,1.0,0.9499999999976625,1.0305670657946064,9.0,46.07103389332518,0.0,123.06230129491324,72.12489168102786,0.0,0.03056706579460644,Support Only,Feasible,11
1.2,0.8,0.7,130.4,59.49999999999999,6,7,0.9232295463380618,1.0017939269642895,7.0,59.414863926135595,-2.0255592980859234,123.06230129491324,72.12489168102786,63.647437368777645,70.09933238294194,0.0,0.0,1.0397772016297546,1.0,0.9499999999118731,1.0397772016297544,9.0,67.6273201313199,-4.268275588823073,123.06230129491324,72.12489168102786,0.0,0.03977720162975462,Support Only,Feasible,11
1.2,0.8,0.7,130.4,59.49999999999999,7,8,0.898313592246124,1.0000000000000004,7.0,23.70457490030857,68.07675750269195,123.06230129491324,72.12489168102786,99.35772639460467,4.048134178335914,0.0,3.4777239021423583,1.0499999999677465,1.0485619049406179,0.9500000045538971,1.0499999999677465,7.0,31.97529019971971,74.85822988032385,123.06230129491324,74.85822988032385,3.4777239021423583,0.09856190490836436,Headroom + Support,Feasible,208
1.2,0.8,0.7,130.4,59.49999999999999,8,2,0.894149709434475,1.0,9.0,0.0,49.4964146886588,123.06230129491324,72.12489168102786,123.06230129491324,22.62847699236906,,,,,,,,,,,,,,Escalate,No Feasible Solution,527
1.2,0.8,0.7,130.4,59.49999999999999,5,6,0.9020934505731096,1.0000000000000002,5.0,28.93962262526263,10.00991898372294,123.06230129491324,72.12489168102786,94.12267866965061,62.11497269730492,,,,,,,,,,,,,,Escalate,No Feasible Solution,327
1.2,0.8,0.8,130.4,68.0,3,6,0.9342273859005601,1.0,9.0,38.1823670154907,0.0,123.06230129491324,64.17359269980139,84.87993427942254,64.17359269980139,0.0,0.0,1.0305670657946064,1.0,0.9499999999976625,1.0305670657946064,9.0,46.07103389332518,0.0,123.06230129491324,64.17359269980139,0.0,0.03056706579460644,Support Only,Feasible,11
1.2,0.8,0.8,130.4,68.0,6,7,0.923134247582484,1.0018881313704042,7.0,59.55779015972915,-1.8692532544902818,123.06230129491324,64.17359269980139,63.50451113518409,62.30433944531111,0.0,0.0,1.040448355552389,1.0,0.949999999894473,1.040448355552389,9.0,67.92464967783506,-4.144833846944813,123.06230129491324,64.17359269980139,0.0,0.040448355552388904,Support Only,Feasible,11
1.2,0.8,0.8,130.4,68.0,7,8,0.9011121102947686,1.0,7.0,23.062235959630428,64.14449382793723,123.06230129491324,64.17359269980139,100.00006533528281,0.029098871864164266,0.0,11.977724765046737,1.05,1.049987088005991,0.9499999999148806,1.05,7.0,31.975290536596802,74.85823052610277,123.06230129491324,74.85823052610277,11.977724765046737,0.09998708800599099,Headroom + Support,Feasible,141
1.2,0.8,0.8,130.4,68.0,8,2,0.8974714064560945,1.0,9.0,0.0,46.87784179844232,123.06230129491324,64.17359269980139,123.06230129491324,17.29575090135907,,,,,,,,,,,,,,Escalate,No Feasible Solution,453
1.2,0.8,0.8,130.4,68.0,5,6,0.9019056993076646,1.0000000000000004,5.0,29.35927530142375,10.411349699036279,123.06230129491324,64.17359269980139,93.70302599348949,53.76224300076511,,,,,,,,,,,,,,Escalate,No Feasible Solution,311
1.2,0.8,0.9,130.4,76.5,3,6,0.9342273859005601,1.0,9.0,38.1823670154907,0.0,123.06230129491324,53.758720222862465,84.87993427942254,53.758720222862465,0.0,0.0,1.0305670657946064,1.0,0.9499999999976625,1.0305670657946064,9.0,46.07103389332518,0.0,123.06230129491324,53.758720222862465,0.0,0.03056706579460644,Support Only,Feasible,11
1.2,0.8,0.9,130.4,76.5,6,7,0.9230031883126659,1.0018330509509494,7.0,59.75434535322749,-1.4156438181050603,123.06230129491324,53.758720222862465,63.30795594168575,52.343076404757404,0.0,0.0,1.0413629003493807,1.0,0.9499999998685931,1.0413629003493812,9.0,68.33048921251886,-3.7403748107999917,123.06230129491324,53.758720222862465,0.0,0.04136290034938073,Support Only,Feasible,11
1.2,0.8,0.9,130.4,76.5,7,8,0.854768630488391,1.0000000000000002,7.0,25.270310688702565,53.758720222862465,123.06230129491324,53.758720222862465,97.79199060621067,0.0,0.0,20.477724792922892,1.0499999999996859,1.0499026391437685,0.9499999999310204,1.0499999999996856,7.0,31.975290537226783,74.8582305469645,123.06230129491468,74.8582305469645,20.477724792922892,0.09990263914345432,Headroom + Support,Feasible,175
1.2,0.8,0.9,130.4,76.5,8,2,0.9004705226374232,1.0,9.0,0.0,44.61227222828627,123.06230129491324,53.758720222862465,123.06230129491324,9.146447994576192,,,,,,,,,,,,,,Escalate,No Feasible Solution,1436
1.2,0.8,0.9,130.4,76.5,5,6,0.9015201490727969,1.0,5.0,30.10098100485631,11.08081974648455,123.06230129491324,53.758720222862465,92.96132029005693,42.677900476377914,,,,,,,,,,,,,,Escalate,No Feasible Solution,229
1.2,0.8,1.0,130.4,85.0,3,6,0.9342273859005601,1.0,9.0,38.1823670154907,0.0,123.06230129491324,38.951893407124665,84.87993427942254,38.951893407124665,0.0,0.0,1.0305670657946064,1.0,0.9499999999976625,1.0305670657946064,9.0,46.07103389332518,0.0,123.06230129491324,38.951893407124665,0.0,0.03056706579460644,Support Only,Feasible,11
1.2,0.8,1.0,130.4,85.0,6,7,0.9228365527419838,1.001628425307005,7.0,60.004249834808505,-0.6640911599768415,123.06230129491324,38.951893407124665,63.058051460104735,38.28780224714782,0.0,0.0,1.042519533992054,1.0000000000000013,0.9499999998308395,1.0425195339920548,9.0,68.84488935080749,-3.05431451501763,123.06230129491324,38.951893407124665,0.0,0.042519533992055436,Support Only,Feasible,11
1.2,0.8,1.0,130.4,85.0,7,8,,,,,,,,,,0.0,28.977724851018728,1.05,1.05,0.9500000000000353,1.05,7.0,31.975290536703213,74.85823059044235,123.06230129491324,74.85823059044235,28.977724851018728,0.10000000000000009,Headroom + Support,Feasible,171
1.2,0.8,1.0,130.4,85.0,8,2,0.8958023409002658,1.0,9.0,0.0,38.951893407124665,123.06230129491324,38.951893407124665,123.06230129491324,0.0,,,,,,,,,,,,,,Escalate,No Feasible Solution,1771
1.2,0.8,1.0,130.4,85.0,5,6,0.900939347134268,1.0,5.0,31.164324437110608,12.01904970244972,123.06230129491324,38.951893407124665,91.89797685780263,26.932843704674944,,,,,,,,,,,,,,Escalate,No Feasible Solution,299
1.2,0.9,0.6,146.70000000000002,51.0,3,6,0.9356789929339188,1.0,9.0,38.189850758688436,0.0,103.09025172148915,78.36612788698956,64.90040096280072,78.36612788698956,0.0,0.0,1.0276837021402703,1.0,0.9499999999998779,1.02768370214027,9.0,45.08691131243637,0.0,103.09025172148915,78.36612788698956,0.0,0.027683702140270272,Support Only,Feasible,11
1.2,0.9,0.6,146.70000000000002,51.0,6,7,0.9244887722668815,1.00178615890691,7.0,58.99092251155389,-2.287149197369203,103.09025172148915,78.36612788698956,44.09932920993526,76.07897868962036,0.0,0.0,1.035947231765039,1.0,0.9499999999615377,1.035947231765039,9.0,66.0844420076742,-4.322302062413314,103.09025172148915,78.36612788698956,0.0,0.03594723176503889,Support Only,Feasible,11
1.2,0.9,0.6,146.70000000000002,51.0,7,8,0.8945961682666249,1.0000000000000002,7.0,30.1101366476409,73.44522724725122,103.09025172148915,78.36612788698956,72.98011507384825,4.920900639738335,22.94926974411921,0.0,1.0499999287593622,1.05,0.9499999793011557,1.05,7.0,30.619549612632085,77.4851380214524,129.74685645955446,78.36612830421493,22.94926974411921,0.09999992875936226,Headroom + Support,Feasible,144
1.2,0.9,0.6,146.70000000000002,51.0,8,2,0.890480115872935,1.0,9.0,0.0,52.487366356311966,103.09025172148915,78.36612788698956,103.09025172148915,25.878761530677593,,,,,,,,,,,,,,Escalate,No Feasible Solution,326
1.2,0.9,0.6,146.70000000000002,51.0,5,6,0.9019055665708211,1.0,5.0,30.890266861739065,10.047851704147973,103.09025172148915,78.36612788698956,72.19998485975009,68.31827618284159,,,,,,,,,,,,,,Escalate,No Feasible Solution,190
1.2,0.9,0.7,146.70000000000002,59.49999999999999,3,6,0.9356789929339188,1.0,9.0,38.189850758688436,0.0,103.09025172148915,72.12489168102786,64.90040096280072,72.12489168102786,0.0,0.0,1.0276837021402703,1.0,0.9499999999998779,1.02768370214027,9.0,45.08691131243637,0.0,103.09025172148915,72.12489168102786,0.0,0.027683702140270272,Support Only,Feasible,11
1.2,0.9,0.7,146.70000000000002,59.49999999999999,6,7,0.924420275602,1.0020219763126639,7.0,59.09377050544711,-2.4149578768469127,103.09025172148915,72.12489168102786,43.99648121604204,69.70993380418095,0.0,0.0,1.0364345224599205,1.0,0.9499999999536338,1.0364345224599207,9.0,66.29523204875022,-4.470904459555072,103.09025172148915,72.12489168102786,0.0,0.036434522459920515,Support Only,Feasible,11
1.2,0.9,0.7,146.70000000000002,59.49999999999999,7,8,0.8977312361851142,1.0,7.0,29.366567759825017,68.96323828524714,103.09025172148915,72.12489168102786,73.72368396166414,3.161653395780718,6.439085188025272,7.2244708005375555,1.05,1.0499999992137803,0.949999659373651,1.0499999999999998,7.0,35.03375063591464,77.5210877562754,111.69317694518305,77.5210877562754,13.663555988562827,0.09999999921378033,Headroom + Support,Feasible,1549
1.2,0.9,0.7,146.70000000000002,59.49999999999999,8,2,0.894149709434475,1.0,9.0,0.0,49.4964146886588,103.09025172148915,72.12489168102786,103.09025172148915,22.62847699236906,,,,,,,,,,,,,,Escalate,No Feasible Solution,607
1.2,0.9,0.7,146.70000000000002,59.49999999999999,5,6,0.9015719146152594,1.0000000000000002,5.0,31.35834471469704,10.285673811483633,103.09025172148915,72.12489168102786,71.73190700679211,61.83921786954423,,,,,,,,,,,,,,Escalate,No Feasible Solution,411
1.2,0.9,0.8,146.70000000000002,68.0,3,6,0.9356789929339188,1.0,9.0,38.189850758688436,0.0,103.09025172148915,64.17359269980139,64.90040096280072,64.17359269980139,0.0,0.0,1.0276837021402703,1.0,0.9499999999998779,1.02768370214027,9.0,45.08691131243637,0.0,103.09025172148915,64.17359269980139,0.0,0.027683702140270272,Support Only,Feasible,11
1.2,0.9,0.8,146.70000000000002,68.0,6,7,0.9243165028272855,1.0021087221393798,7.0,59.249583576077384,-2.2459860398795044,103.09025172148915,64.17359269980139,43.84066814541177,61.927606659921885,0.0,0.0,1.0371622335180075,1.0,0.9499999999424715,1.0371622335180073,9.0,66.61044489417012,-4.338590689937668,103.09025172148915,64.17359269980139,0.0,0.037162233518007515,Support Only,Feasible,11
1.2,0.9,0.8,146.70000000000002,68.0,7,8,0.8951608836973461,1.0,7.0,29.034855830046354,64.17359269980139,103.09025172148915,64.17359269980139,74.0553958914428,0.0,6.439043088575175,15.725252095340277,1.05,1.0499999994322473,0.9499999870020684,1.05,7.0,35.033793716684045,77.52161460847081,111.69312407794595,77.52161460847081,22.164295183915453,0.09999999943224736,Headroom + Support,Feasible,586
1.2,0.9,0.8,146.70000000000002,68.0,8,2,0.8974714064560945,1.0,9.0,0.0,46.87784179844232,103.09025172148915,64.17359269980139,103.09025172148915,17.29575090135907,,,,,,,,,,,,,,Escalate,No Feasible Solution,718
1.2,0.9,0.8,146.70000000000002,68.0,5,6,0.9010408872459152,1.0000000000000002,5.0,32.15053259571755,10.791728394957858,103.09025172148915,64.17359269980139,70.9397191257716,53.38186430484353,,,,,,,,,,,,,,Escalate,No Feasible Solution,584
1.2,0.9,0.9,146.70000000000002,76.5,3,6,0.9356789929339188,1.0,9.0,38.189850758688436,0.0,103.09025172148915,53.758720222862465,64.90040096280072,53.758720222862465,0.0,0.0,1.0276837021402703,1.0,0.9499999999998779,1.02768370214027,9.0,45.08691131243637,0.0,103.09025172148915,53.758720222862465,0.0,0.027683702140270272,Support Only,Feasible,11
1.2,0.9,0.9,146.70000000000002,76.5,6,7,0.9241777730651288,1.002046724747829,7.0,59.45787996029512,-1.7806403907450843,103.09025172148915,53.758720222862465,43.63237176119404,51.97807983211738,0.0,0.0,1.0381282705745334,1.0000000000000007,0.9499999999256487,1.0381282705745334,9.0,67.0296725253258,-3.9256726257606616,103.09025172148915,53.758720222862465,0.0,0.03812827057453405,Support Only,Feasible,11
1.2,0.9,0.9,146.70000000000002,76.5,7,8,0.8471295269496689,1.0,7.0,31.382877901086346,53.758720222862465,103.09025172148915,53.758720222862465,71.70737382040281,0.0,6.439296825699555,24.225080772535254,1.0499999004060523,1.0499998987064476,0.9499999449996387,1.0499999004060523,7.0,35.03368445983324,77.5214990809664,111.69344271325502,77.5214990809664,30.664377598234807,0.0999997991124999,Headroom + Support,Feasible,1392
1.2,0.9,0.9,146.70000000000002,76.5,8,2,0.9004705226374232,1.0,9.0,0.0,44.61227222828627,103.09025172148915,53.758720222862465,103.09025172148915,9.146447994576192,,,,,,,,,,,,,,Escalate,No Feasible Solution,1614
1.2,0.9,0.9,146.70000000000002,76.5,5,6,0.9003142903724392,1.0000000000000004,5.0,33.26692530701209,11.566544476812695,103.09025172148915,53.758720222862465,69.82332641447707,42.19217574604977,,,,,,,,,,,,,,Escalate,No Feasible Solution,193
1.2,0.9,1.0,146.70000000000002,85.0,3,6,0.9356789929339188,1.0,9.0,38.189850758688436,0.0,103.09025172148915,38.951893407124665,64.90040096280072,38.951893407124665,0.0,0.0,1.0276837021402703,1.0,0.9499999999998779,1.02768370214027,9.0,45.08691131243637,0.0,103.09025172148915,38.951893407124665,0.0,0.027683702140270272,Support Only,Feasible,11
1.2,0.9,1.0,146.70000000000002,85.0,6,7,0.9240042492674293,1.0018356902384724,7.0,59.718411527995045,-1.0182236430901455,103.09025172148915,38.951893407124665,43.37184019349411,37.93366976403452,0.0,0.0,1.0393314548742625,1.0000000000000004,0.9499999998988566,1.0393314548742625,9.0,67.55306159154816,-3.2315313437940745,103.09025172148915,38.951893407124665,0.0,0.03933145487426293,Support Only,Feasible,11
1.2,0.9,1.0,146.70000000000002,85.0,7,8,,,,,,,,,,6.438888087922137,32.72530959826224,1.049999999878855,1.0499999980675914,0.9499999611754013,1.0499999998788672,7.0,35.033846607796065,77.52165241106577,111.69292943643374,77.52165338255152,39.16419768618438,0.09999999794644632,Headroom + Support,Feasible,1415
1.2,0.9,1.0,146.70000000000002,85.0,8,2,0.8958023409002658,1.0,9.0,0.0,38.951893407124665,103.09025172148915,38.951893407124665,103.09025172148915,0.0,,,,,,,,,,,,,,Escalate,No Feasible Solution,1560
1.2,0.9,1.0,146.70000000000002,85.0,5,6,0.8993928245768312,1.0,5.0,34.7092603191642,12.611591903793375,103.09025172148915,38.951893407124665,68.38099140232495,26.34030150333129,,,,,,,,,,,,,,Escalate,No Feasible Solution,386
1.2,1.0,0.6,163.0,51.0,3,6,0.9363719564085885,1.0,9.0,39.18410480820813,0.0,74.69598382778022,78.36612788698956,35.51187901957209,78.36612788698956,0.0,0.0,1.0262107355327843,1.0000000000000007,0.9499999999999966,1.0262107355327847,9.0,45.457358353763425,0.0,74.69598382778022,78.36612788698956,0.0,0.026210735532784968,Support Only,Feasible,11
1.2,1.0,0.6,163.0,51.0,6,7,0.9249604210012727,1.0019081595755432,7.0,59.920751148711844,-2.4954341598548098,74.69598382778022,78.36612788698956,14.775232679068381,75.87069372713475,0.0,0.0,1.03497359992294,1.0000000000000033,0.9499999999652073,1.0349735999229397,9.0,66.48220523278565,-4.48576237385943,74.69598382778022,78.36612788698956,0.0,0.034973599922943244,Support Only,Feasible,11
1.2,1.0,0.6,163.0,51.0,7,8,0.8938347855833376,1.0,7.0,37.10624937395919,74.60267282427945,74.69598382778022,78.36612788698956,37.58973445382104,3.7634550627101078,39.2500363296319,0.0,1.05,1.05,0.94999999999998,1.0500000000000003,7.0,30.619383292164173,77.48510449098187,129.74758761373013,78.36612788698956,39.2500363296319,0.10000000000000009,Headroom + Support,Feasible,245
1.2,1.0,0.6,163.0,51.0,8,2,0.890480115872935,1.0,9.0,0.0,52.487366356311966,74.69598382778022,78.36612788698956,74.69598382778022,25.878761530677593,,,,,,,,,,,,,,Escalate,No Feasible Solution,209
1.2,1.0,0.6,163.0,51.0,5,6,0.9010459148678572,1.0,5.0,33.95499855460757,10.456917599623665,74.69598382778022,78.36612788698956,40.740985273172655,67.9092102873659,,,,,,,,,,,,,,Escalate,No Feasible Solution,354
1.2,1.0,0.7,163.0,59.49999999999999,3,6,0.9363719564085885,1.0,9.0,39.18410480820813,0.0,74.69598382778022,72.12489168102786,35.51187901957209,72.12489168102786,0.0,0.0,1.0262107355327843,1.0000000000000007,0.9499999999999966,1.0262107355327847,9.0,45.457358353763425,0.0,74.69598382778022,72.12489168102786,0.0,0.026210735532784968,Support Only,Feasible,11
1.2,1.0,0.7,163.0,59.49999999999999,6,7,0.9248829410383557,1.0021365167101186,7.0,60.03721997522055,-2.61053773293294,74.69598382778022,72.12489168102786,14.658763852559673,69.51435394809492,0.0,0.0,1.0355186958868454,1.0000000000000009,0.9499999999594285,1.0355186958868459,9.0,66.71342177633423,-4.62538767230906,74.69598382778022,72.12489168102786,0.0,0.03551869588684631,Support Only,Feasible,11
1.2,1.0,0.7,163.0,59.49999999999999,7,8,0.8969840708630126,1.0000000000000002,7.0,36.3522376897275,70.10036687950452,74.69598382778022,72.12489168102786,38.34374613805272,2.0245248015233415,22.73904319713155,7.225215750173505,1.05,1.05,0.9499999704753188,1.0499999999999998,7.0,35.033792359518245,77.52159010001081,111.69312421426788,77.52159010001081,29.964258947305055,0.10000000000000009,Headroom + Support,Feasible,1039
1.2,1.0,0.7,163.0,59.49999999999999,8,2,0.894149709434475,1.0,9.0,0.0,49.4964146886588,74.69598382778022,72.12489168102786,74.69598382778022,22.62847699236906,,,,,,,,,,,,,,Escalate,No Feasible Solution,647
1.2,1.0,0.7,163.0,59.49999999999999,5,6,0.9003691240692584,1.0,5.0,34.79964525269402,10.800186505519662,74.69598382778022,72.12489168102786,39.896338575086205,61.3247051755082,,,,,,,,,,,,,,Escalate,No Feasible Solution,776
1.2,1.0,0.8,163.0,68.0,3,6,0.9363719564085885,1.0,9.0,39.18410480820813,0.0,74.69598382778022,64.17359269980139,35.51187901957209,64.17359269980139,0.0,0.0,1.0262107355327843,1.0000000000000007,0.9499999999999966,1.0262107355327847,9.0,45.457358353763425,0.0,74.69598382778022,64.17359269980139,0.0,0.026210735532784968,Support Only,Feasible,11
1.2,1.0,0.8,163.0,68.0,6,7,0.9247707488259063,1.0022161943265184,7.0,60.205866176778386,-2.4295308278307886,74.69598382778022,64.17359269980139,14.490117651001839,61.7440618719706,0.0,0.0,1.036299195114084,1.0,0.949999999947873,1.0362991951140843,9.0,67.04499245376766,-4.4844746509622055,74.69598382778022,64.17359269980139,0.0,0.03629919511408408,Support Only,Feasible,11
1.2,1.0,0.8,163.0,68.0,7,8,0.8871369948615258,1.0,7.0,36.45329147985113,64.17359269980139,74.69598382778022,64.17359269980139,38.24269234792909,0.0,22.738219609657808,15.724449807969602,1.0499996399763527,1.0499990526537288,0.9499992355558856,1.0499996399763525,7.0,35.0339588116459,77.52107360015412,111.692089969395,77.52107360015412,38.46266941762741,0.09999869263008154,Headroom + Support,Feasible,1716
1.2,1.0,0.8,163.0,68.0,8,2,0.8974714064560945,1.0,9.0,0.0,46.87784179844232,74.69598382778022,64.17359269980139,74.69598382778022,17.29575090135907,,,,,,,,,,,,,,Escalate,No Feasible Solution,298
1.2,1.0,0.8,163.0,68.0,5,6,0.8994956660361109,1.0000000000000002,5.0,35.97223026631083,11.412837200113074,74.69598382778022,64.17359269980139,38.723753561469394,52.760755499688315,,,,,,,,,,,,,,Escalate,No Feasible Solution,580
1.2,1.0,0.9,163.0,76.5,3,6,0.9363719564085885,1.0,9.0,39.18410480820813,0.0,74.69598382778022,53.758720222862465,35.51187901957209,53.758720222862465,0.0,0.0,1.0262107355327843,1.0000000000000007,0.9499999999999966,1.0262107355327847,9.0,45.457358353763425,0.0,74.69598382778022,53.758720222862465,0.0,0.026210735532784968,Support Only,Feasible,11
1.2,1.0,0.9,163.0,76.5,6,7,0.9246241405247451,1.002147484728197,7.0,60.42624183177293,-1.9527580600957677,74.69598382778022,53.758720222862465,14.269741996007298,51.8059621627667,0.0,0.0,1.03731314449286,1.0000000000000009,0.9499999999294733,1.03731314449286,9.0,67.47661924927851,-4.063297674848471,74.69598382778022,53.758720222862465,0.0,0.03731314449286094,Support Only,Feasible,11
1.2,1.0,0.9,163.0,76.5,7,8,0.8369361736881771,1.0,7.0,38.98559506741694,53.758720222862465,74.69598382778022,53.758720222862465,35.71038876036329,0.0,22.738942943470114,24.22527543487687,1.0499999996586276,1.0499999872096846,0.94999996336472,1.0499999996586278,7.0,35.03382736737211,77.52162961125082,111.69299831853772,77.52163034689424,46.964218378346985,0.09999998686831213,Headroom + Support,Feasible,1643
1.2,1.0,0.9,163.0,76.5,8,2,0.9004705226374232,1.0,9.0,0.0,44.61227222828627,74.69598382778022,53.758720222862465,74.69598382778022,9.146447994576192,,,,,,,,,,,,,,Escalate,No Feasible Solution,1924
1.2,1.0,0.9,163.0,76.5,5,6,0.8984254776905503,1.0,5.0,37.47508149401352,12.296169046521598,74.69598382778022,53.758720222862465,37.2209023337667,41.46255117634087,,,,,,,,,,,,,,Escalate,No Feasible Solution,295
1.2,1.0,1.0,163.0,85.0,3,6,0.9363719564085885,1.0,9.0,39.18410480820813,0.0,74.69598382778022,38.951893407124665,35.51187901957209,38.951893407124665,0.0,0.0,1.0262107355327843,1.0000000000000007,0.9499999999999966,1.0262107355327847,9.0,45.457358353763425,0.0,74.69598382778022,38.951893407124665,0.0,0.026210735532784968,Support Only,Feasible,11
1.2,1.0,1.0,163.0,85.0,6,7,0.9244432605670356,1.001930062668266,7.0,60.69812627852545,-1.1794681440028327,74.69598382778022,38.951893407124665,13.997857549254775,37.77242526312183,0.0,0.0,1.038559480796476,1.0,0.9499999999020355,1.038559480796476,9.0,68.00853580814663,-3.3612042807962013,74.69598382778022,38.951893407124665,0.0,0.038559480796475976,Support Only,Feasible,11
1.2,1.0,1.0,163.0,85.0,7,8,,,,,,,,,,22.738939050691297,32.725291509674314,1.0499999999992755,1.0499999999999121,0.9499999709156975,1.049999999999912,7.0,35.03382921351621,77.52164075006185,111.69299343009041,77.52164118651963,55.46423056036561,0.09999999999918763,Headroom + Support,Feasible,448
1.2,1.0,1.0,163.0,85.0,8,2,0.8958023409002658,1.0,9.0,0.0,38.951893407124665,74.69598382778022,38.951893407124665,74.69598382778022,0.0,,,,,,,,,,,,,,Escalate,No Feasible Solution,1428
1.2,1.0,1.0,163.0,85.0,5,6,0.897157359320261,1.0,5.0,39.31227553799039,13.452459059870137,74.69598382778022,38.951893407124665,35.38370828978984,25.499434347254528,,,,,,,,,,,,,,Escalate,No Feasible Solution,692
