Index,Load_Level,Solar_Level,Wind_Level,Solar_Available_MW,Wind_Available_MW,From_Bus,To_Bus,Base_Min_Voltage,Base_Max_Voltage,Weakest_Bus_Before,Base_Solar_Q_MVAr,Base_Wind_Q_MVAr,Base_Solar_Q_Capability_MVAr,Base_Wind_Q_Capability_MVAr,Base_Solar_Q_Margin_MVAr,Base_Wind_Q_Margin_MVAr,Solar_Headroom_MW,Wind_Headroom_MW,Solar_Support_pu,Wind_Support_pu,Final_Min_Voltage,Final_Max_Voltage,Weakest_Bus_After,Solar_Q_MVAr,Wind_Q_MVAr,Solar_Q_Capability_MVAr,Wind_Q_Capability_MVAr,Total_Curtailment_MW,Total_Support_Increase_pu,Action_Type,Status,PowerFlow_Evaluations
0,0.9,0.6,0.6,97.8,51.0,7,8,0.9465915752996422,1.000552910558938,7.0,2.105496386063294,24.868983564106557,150.27857465387407,78.36612788698956,148.17307826781078,53.497144322883,0.0,0.0,1.0000000000000069,1.0035172238033851,0.9499999992352434,1.0035172238033851,7.0,1.921195558382351,25.54877819231895,150.27857465387407,78.36612788698956,0.0,0.0035172238033918,Support Only,Feasible,11
1,0.9,0.6,0.6,97.8,51.0,5,6,0.9428599891289744,1.000785825931631,5.0,7.063985510123871,-0.579335440112402,150.27857465387407,78.36612788698956,143.2145891437502,77.78679244687716,0.0,0.0,1.0498735016756873,1.0494450688971106,0.9531331025176634,1.0498735016756873,5.0,15.342146456906733,-0.0634519714363648,150.27857465387407,78.36612788698956,0.0,0.0993185705727979,Support Only,Feasible,67
2,0.9,0.6,0.7,97.8,59.49999999999999,7,8,0.948315838193386,1.0007066512561074,7.0,1.8590510275197687,22.413171910029916,150.27857465387407,72.12489168102786,148.4195236263543,49.711719770997945,0.0,0.0,1.0000000000000029,1.001740242504239,0.9499999990253588,1.0017402425042388,7.0,1.7681759952492089,22.74650641413469,150.27857465387407,72.12489168102786,0.0,0.0017402425042416,Support Only,Feasible,11
3,0.9,0.6,0.7,97.8,59.49999999999999,5,6,0.9423833571189368,1.0007686709893486,5.0,7.550421143198918,-0.2749139860990794,150.27857465387407,72.12489168102786,142.72815351067516,71.84997769492878,0.0,0.0,1.0498997585385828,1.0495601553390044,0.952728182049184,1.0499999982205936,5.0,15.693814156556217,0.1537012757112563,150.27857465387407,72.12489168102786,0.0,0.0994599138775871,Support Only,Feasible,67
4,0.9,0.6,0.8,97.8,68.0,7,8,0.9498377729329216,1.000825069315468,7.0,1.6692277291192283,20.31970512125828,150.27857465387407,64.17359269980139,148.60934692475485,43.85388757854311,0.0,0.0,1.000000000000017,1.0001677792311074,0.949999998805375,1.0008305239936943,7.0,1.660483921164655,20.351489431088112,150.27857465387407,64.17359269980139,0.0,0.0001677792311247,Support Only,Feasible,11
5,0.9,0.6,0.8,97.8,68.0,5,6,0.9417419615935468,1.0006274741138663,5.0,8.330545138475912,0.2837447096235337,150.27857465387407,64.17359269980139,141.94802951539816,63.889847990177856,0.0,0.0,1.049871896149973,1.0494376867863078,0.9521507053461754,1.049871896149973,5.0,16.372246907721745,0.5401666274102865,150.27857465387407,64.17359269980139,0.0,0.0993095829362806,Support Only,Feasible,67
6,0.9,0.6,0.9,97.8,76.5,5,6,0.9409372224340458,1.0003619591257296,5.0,9.404235194836048,1.0972725480656536,150.27857465387407,53.758720222862465,140.87433945903803,52.66144767479681,0.0,0.0,1.0499384854402969,1.0497300770824722,0.9514560858868764,1.0499384854402969,5.0,17.23374072407333,1.2695914490219238,150.27857465387407,53.758720222862465,0.0,0.0996685625227689,Support Only,Feasible,67
7,0.9,0.6,1.0,97.8,85.0,5,6,0.9399698172493264,1.0,5.0,10.77262981759577,2.1670775030781826,150.27857465387407,38.951893407124665,139.5059448362783,36.78481590404648,0.0,0.0,1.0499978012578062,1.0369303996929866,0.9499999999591604,1.0499978010396505,5.0,22.787553449651455,-2.1097312099391488,150.27857465387407,38.951893407124665,0.0,0.0869282009507927,Support Only,Feasible,39
8,0.9,0.7,0.6,114.1,51.0,7,8,0.9461859248097956,1.0000000000000002,7.0,5.629473133783165,25.512225880923964,138.31008640008872,78.36612788698956,132.68061326630556,52.8539020060656,0.0,0.0,1.000000000000009,1.0039353851988264,0.94999999926422,1.0039353851988266,7.0,5.421399833035508,26.2751783974619,138.31008640008872,78.36612788698956,0.0,0.0039353851988355,Support Only,Feasible,11
9,0.9,0.7,0.6,114.1,51.0,5,6,0.9418729664830626,1.0006838763465102,5.0,8.773200217317282,-0.405282405947716,138.31008640008872,78.36612788698956,129.53688618277144,77.96084548104184,0.0,0.0,1.0498809491892136,1.0494794299405914,0.952280174892026,1.0498809491892138,5.0,16.68908565108535,0.0478187470489501,138.31008640008872,78.36612788698956,0.0,0.099360379129805,Support Only,Feasible,67
10,0.9,0.7,0.7,114.1,59.49999999999999,7,8,0.9479080777239136,1.0,7.0,5.391526666019587,23.06004986962419,138.31008640008872,72.12489168102786,132.9185597340691,49.06484181140367,0.0,0.0,1.0,1.0021613491110335,0.9499999990660762,1.0021613491110335,7.0,5.277638208031334,23.475352959216607,138.31008640008872,72.12489168102786,0.0,0.0021613491110334,Support Only,Feasible,11
11,0.9,0.7,0.7,114.1,59.49999999999999,5,6,0.9411088566296786,1.0006126118928562,5.0,9.591811053625264,-0.0084397317271793,138.31008640008872,72.12489168102786,128.71827534646346,72.11645194930068,0.0,0.0,1.0499278944511443,1.0496848107749477,0.951614408653656,1.0499999990729352,5.0,17.33685012756618,0.3767859898617161,138.31008640008872,72.12489168102786,0.0,0.099612705226092,Support Only,Feasible,67
12,0.9,0.7,0.8,114.1,68.0,7,8,0.9494274265215724,1.0000000000000004,7.0,5.210729890694722,20.970970570198077,138.31008640008872,64.17359269980139,133.099356509394,43.20262212960331,0.0,0.0,1.0000000000000029,1.000592111967157,0.9500000000000002,1.000592111967157,7.0,5.179590766944585,21.083505112034757,138.31008640008872,64.17359269980139,0.0,0.0005921119671599,Support Only,Feasible,11
13,0.9,0.7,0.8,114.1,68.0,5,6,0.940180796272618,1.0004170138900597,5.0,10.70579311728281,0.64317702919422,138.31008640008872,64.17359269980139,127.60429328280593,63.53041567060717,0.0,0.0,1.0499237806775752,1.049666757331443,0.9507784425051696,1.049923780677575,5.0,18.309034218029662,0.8787089265732959,138.31008640008872,64.17359269980139,0.0,0.0995905380090182,Support Only,Feasible,67
14,0.9,0.7,0.9,114.1,76.5,5,6,0.9390889615986489,1.0000964766130094,5.0,12.1166472240281,1.5507700820040355,138.31008640008872,53.758720222862465,126.19343917606062,52.20795014085843,0.0,1.451243948346506,1.0499999361120205,1.0499998503378931,0.9499999627767176,1.0499999361120205,5.0,19.24699778704945,1.563820888086397,138.31011073592762,55.766784155977646,1.451243948346506,0.0999997864499138,Headroom + Support,Feasible,257
15,0.9,0.7,1.0,114.1,85.0,5,6,0.937832779789816,1.0000000000000002,5.0,13.827180687556393,2.7163356127683898,138.31008640008872,38.951893407124665,124.48290571253231,36.235557794356275,0.001503866117673,9.950010062920684,1.05,1.0499999998786014,0.949999999995794,1.0499999999999998,5.0,19.246929452929635,1.5639280576255103,138.31132701260026,55.765123602878305,9.951513929038358,0.0999999998786014,Headroom + Support,Feasible,260
16,0.9,0.8,0.6,130.4,51.0,7,8,0.9456666133445109,1.0,7.0,10.263393269762346,26.335638350464063,123.06230129491324,78.36612788698956,112.7989080251509,52.030489536525494,0.0,0.0,1.0000000000000016,1.004470440935187,0.9499999999987512,1.0044704409351872,7.0,10.02382849199033,27.205508757576368,123.06230129491324,78.36612788698956,0.0,0.0044704409351885,Support Only,Feasible,13
17,0.9,0.8,0.6,130.4,51.0,5,6,0.9403141561247282,1.0004575501201118,5.0,11.413852538591968,-0.0188877763065562,123.06230129491324,78.36612788698956,111.64844875632129,78.347240110683,0.0,0.0,1.0499695418114086,1.0498674508629136,0.9509252344648558,1.0499999998568477,5.0,18.830499796582203,0.4539826843647034,123.06230129491324,78.36612788698956,0.0,0.0998369926743221,Support Only,Feasible,67
18,0.9,0.8,0.7,130.4,59.49999999999999,7,8,0.9473886619612196,1.0000000000000002,7.0,10.032317278063474,23.88399728160483,123.06230129491324,72.12489168102786,113.02998401684977,48.24089439942303,0.0,0.0,1.000000000000001,1.0026975560380125,0.9499999999998152,1.002697556038013,7.0,9.88824567668901,24.404288938837396,123.06230129491324,72.12489168102786,0.0,0.0026975560380138,Support Only,Feasible,13
19,0.9,0.8,0.7,130.4,59.49999999999999,5,6,0.9392616785883424,1.0003313210960971,5.0,12.570673387183362,0.4718704644065212,123.06230129491324,72.12489168102786,110.49162790772988,71.65302121662134,0.0,0.1418597631129473,1.05,1.049935532801062,0.9500000000009152,1.0499999999999998,5.0,19.81553375656867,0.8211594860937055,123.06230129700296,72.24168594113826,0.1418597631129473,0.099935532801062,Headroom + Support,Feasible,170
20,0.9,0.8,0.8,130.4,68.0,7,8,0.948907153967233,1.0,7.0,9.859273856460888,21.79663884800081,123.06230129491324,64.17359269980139,113.20302743845237,42.37695385180058,0.0,0.0,1.0000000000000009,1.0011299561690474,0.9499999999999978,1.0011299561690474,7.0,9.799041350772242,22.012225452512368,123.06230129491324,64.17359269980139,0.0,0.001129956169048,Support Only,Feasible,13
21,0.9,0.8,0.8,130.4,68.0,5,6,0.9380437699817182,1.000079946660735,5.0,14.027469860702254,1.2188340658800456,123.06230129491324,64.17359269980139,109.034831434211,62.954758633921344,0.0,8.641859728074028,1.049999999993125,1.0499355329608695,0.9499999999999016,1.0499999999999023,5.0,19.81553373994474,0.8211595093824258,123.06230129491324,72.24168591618329,8.641859728074028,0.099935532953995,Headroom + Support,Feasible,439
22,0.9,0.8,0.9,130.4,76.5,5,6,0.9366593146359788,1.0000000000000002,5.0,15.787489011503922,2.223813637503035,123.06230129491324,53.758720222862465,107.27481228340932,51.53490658535943,0.0,17.141859732780414,1.05,1.0499355328762268,0.9499999999999904,1.05,5.0,19.815533739989363,0.8211595092859767,123.06230129491324,72.24168591654337,17.141859732780414,0.0999355328762268,Headroom + Support,Feasible,358
23,0.9,0.8,1.0,130.4,85.0,5,6,0.9351063950097062,1.0,5.0,17.855391804127706,3.4894518851423015,123.06230129491324,38.951893407124665,105.20690949078552,35.46244152198236,0.0,25.641860246508823,1.049999999994646,1.0499355315095722,0.9499999999992508,1.049999999999646,5.0,19.81553412273162,0.8211590176203458,123.06230129491324,72.24168634043244,25.641860246508823,0.0999355315042183,Headroom + Support,Feasible,182
24,0.9,0.9,0.6,146.70000000000002,51.0,7,8,0.9450285240714202,1.0,7.0,16.064280948473098,27.34728652322552,103.09025172148915,78.36612788698956,87.02597077301606,51.01884136376404,0.0,0.0,1.004344078926495,1.0049425418881293,0.9499999999984124,1.0049425418881293,9.0,16.61518590787179,28.027037288390872,103.09025172148915,78.36612788698956,0.0,0.0092866208146242,Support Only,Feasible,50
25,0.9,0.9,0.6,146.70000000000002,51.0,5,6,0.9381791656340396,1.0001042933607969,5.0,15.00420100408938,0.5842087016113879,103.09025172148915,78.36612788698956,88.08605071739977,77.78191918537817,3.875116916878451,3.890654179704222,1.0499999999998295,1.0499999999999148,0.9499999999984924,1.049999999999915,5.0,20.607404067279543,0.7364444979163949,108.3953078887304,80.76484096674606,7.765771096582673,0.0999999999997443,Headroom + Support,Feasible,338
26,0.9,0.9,0.7,146.70000000000002,59.49999999999999,7,8,0.9467525616646516,1.0000000000000002,7.0,15.83840800686066,24.892945608177413,103.09025172148915,72.12489168102786,87.25184371462849,47.23194607285045,0.0,0.0,1.0037472982373747,1.0031964476357011,0.9499999704908588,1.0037472982373743,7.0,16.37230846217504,25.269509222750543,103.09025172148915,72.12489168102786,0.0,0.0069437458730758,Support Only,Feasible,71
27,0.9,0.9,0.7,146.70000000000002,59.49999999999999,5,6,0.9368330141709456,1.0,5.0,16.510870335479837,1.1719031070871324,103.09025172148915,72.12489168102786,86.57938138600932,70.95298857394073,3.627229928128913,12.63854328044934,1.0499999999986696,1.049999999999523,0.9500000000058534,1.049999999999523,5.0,20.62712919573582,0.7383700877080486,108.06790672517678,80.90892332815758,16.265773208578253,0.0999999999981926,Headroom + Support,Feasible,244
28,0.9,0.9,0.8,146.70000000000002,68.0,7,8,0.9482039606574086,1.0,9.0,15.671849684528098,22.80453488852382,103.09025172148915,64.17359269980139,87.41840203696106,41.36905781127757,0.0,0.0,1.003370710647059,1.001646447681629,0.9499999694518972,1.003370710647059,7.0,16.219217830496632,22.90505372834997,103.09025172148915,64.17359269980139,0.0,0.0050171583286879,Support Only,Feasible,55
29,0.9,0.9,0.8,146.70000000000002,68.0,5,6,0.9353175068983262,1.0,5.0,18.32534845419795,2.0182144066101557,103.09025172148915,64.17359269980139,84.7649032672912,62.155378293191234,3.7536564724331862,21.012100604233883,1.0499999999997385,1.049999999999926,0.9499999999978884,1.0499999999999263,5.0,20.61705135333264,0.7373675538116657,108.23508152211492,80.83555721570406,24.765757076667068,0.0999999999996645,Headroom + Support,Feasible,454
30,0.9,0.9,0.9,146.70000000000002,76.5,7,8,0.9484456242947028,1.0,9.0,15.561926443809128,21.068675058834177,103.09025172148915,53.758720222862465,87.52832527768003,32.69004516402829,0.0,0.0,1.0032061415120914,1.0002869801601404,0.949999999993784,1.003206141512092,9.0,16.15235931724419,20.921135153786963,103.09025172148915,53.758720222862465,0.0,0.0034931216722318,Support Only,Feasible,45
31,0.9,0.9,0.9,146.70000000000002,76.5,5,6,0.9336300983012416,1.0000000000000002,5.0,20.45287063159961,3.1256350963181347,103.09025172148915,53.758720222862465,82.63738108988954,50.63308512654433,3.836935475472124,29.428828119279363,1.0499999999997056,1.05,0.9499999999999782,1.05,5.0,20.610433053963547,0.7367304298067126,108.3449804774572,80.78709536662187,33.26576359475149,0.0999999999997056,Headroom + Support,Feasible,451
32,0.9,0.9,1.0,146.70000000000002,85.0,7,8,0.9485677347088608,1.0,9.0,15.506383667978014,19.67422902210467,103.09025172148915,38.951893407124665,87.58386805351114,19.277664385019996,0.0,0.0,1.0030229972377065,1.0000000000000022,0.949999998090398,1.0030229972377065,9.0,16.07798536297949,19.48591539578439,103.09025172148915,38.951893407124665,0.0,0.0030229972377084,Support Only,Feasible,11
33,0.9,0.9,1.0,146.70000000000002,85.0,5,6,0.9317673313524384,1.0,5.0,22.900272836395818,4.497553438369906,103.09025172148915,38.951893407124665,80.18997888509334,34.45433996875476,3.878882512217782,37.88606262113032,1.05,1.05,0.9499999017640056,1.0500000000000005,5.0,20.60720204113663,0.7364365753964393,108.40026937024238,80.76216258038134,41.76494513334811,0.1,Headroom + Support,Feasible,375
34,0.9,1.0,0.6,163.0,51.0,7,8,0.939840189572,1.0,9.0,23.110876475366595,28.559031652216845,74.69598382778022,78.36612788698956,51.58510735241363,49.807096234772715,0.0,0.0,1.0194492231911625,1.0050579413917171,0.9499999908423418,1.0194492231911625,7.0,26.29521857541566,28.228169563289654,74.69598382778022,78.36612788698956,0.0,0.0245071645828793,Support Only,Feasible,53
35,0.9,1.0,0.6,163.0,51.0,5,6,0.9354546390924005,1.0000000000000002,5.0,19.57488920733563,1.4116440475117145,74.69598382778022,78.36612788698956,55.121094620444595,76.95448383947785,20.435827308525013,3.6299087381547257,1.0499999999998262,1.0499999977818344,0.9499999805840464,1.0499999999998262,5.0,20.58683105437501,0.7345990436069769,108.73797251370598,80.61218552043567,24.06573604667974,0.0999999977816605,Headroom + Support,Feasible,143
36,0.9,1.0,0.7,163.0,59.49999999999999,7,8,0.9403247783478446,1.0,9.0,22.888411753554863,26.098527557701217,74.69598382778022,72.12489168102786,51.80757207422536,46.02636412332664,0.0,0.0,1.0189177966551195,1.0033166153759137,0.9499999990428062,1.0189177966551195,7.0,26.07598465642971,25.477984711849444,74.69598382778022,72.12489168102786,0.0,0.0222344120310331,Support Only,Feasible,65
37,0.9,1.0,0.7,163.0,59.49999999999999,5,6,0.93380469229041,1.0,5.0,21.449397160111317,2.1010200889079726,74.69598382778022,72.12489168102786,53.24658666766891,70.02387159211989,19.01717841284286,13.549634447392773,1.05,1.05,0.9499999999789492,1.0500000000000005,5.0,20.700761093703775,0.7468457054399096,106.85240796444826,81.42980968651327,32.56681286023563,0.1,Headroom + Support,Feasible,440
38,0.9,1.0,0.8,163.0,68.0,7,8,0.9406763625474336,1.0,9.0,22.72701095871774,24.00610583252808,74.69598382778022,64.17359269980139,51.96897286906248,40.16748686727331,0.0,0.0,1.0186021953556288,1.0017711873120752,0.9499999999956548,1.0186021953556288,9.0,25.94591509424208,23.120740539537906,74.69598382778022,64.17359269980139,0.0,0.0203733826677039,Support Only,Feasible,56
39,0.9,1.0,0.8,163.0,68.0,5,6,0.9319786883170074,1.0000000000000002,5.0,23.64332660879107,3.052559207672175,74.69598382778022,64.17359269980139,51.052657218989154,61.121033492129214,20.404550155587906,20.66132609661162,1.05,1.05,0.9499999999989156,1.0500000000000005,5.0,20.58927351496956,0.7348080092358629,108.69695342404847,80.63063904663449,41.06587625219952,0.1,Headroom + Support,Feasible,160
40,0.9,1.0,0.9,163.0,76.5,7,8,0.9409009639330534,1.0,9.0,22.62390569232596,22.26821337390469,74.69598382778022,53.758720222862465,52.07207813545426,31.49050684895778,0.0,0.0,1.0184944450582896,1.000416231262856,0.94999999999265,1.0184944450582896,9.0,25.90152954267171,21.143963648181852,74.69598382778022,53.758720222862465,0.0,0.0189106763211455,Support Only,Feasible,54
41,0.9,1.0,0.9,163.0,76.5,5,6,0.9299723982492644,1.0,5.0,26.16430265270664,4.2695563014520275,74.69598382778022,53.758720222862465,48.53168117507359,49.48916392141044,13.429288488352302,36.17989224255092,1.049999999995,1.049999999995,0.94999999993568,1.049999999995,5.0,21.195171059503124,0.847997216896303,98.87918010329308,84.35958102330581,49.60918073090322,0.09999999999,Headroom + Support,Feasible,160
42,0.9,1.0,1.0,163.0,85.0,7,8,0.9410036417565616,1.0,9.0,22.57677101007889,20.87357831340561,74.69598382778022,38.951893407124665,52.11921281770134,18.078315093719056,0.0,0.0,1.0184010241872623,1.0000000000000195,0.9499999998532406,1.0184010241872623,9.0,25.86305577330222,19.689005859753188,74.69598382778022,38.951893407124665,0.0,0.0184010241872818,Support Only,Feasible,11
43,0.9,1.0,1.0,163.0,85.0,5,6,0.9277804910856704,1.0,5.0,29.0218513413014,5.756301442007633,74.69598382778022,38.951893407124665,45.674132486478825,33.19559196511703,20.068842541417705,37.99663911254346,1.04999999714347,1.0499999970563756,0.949999966648406,1.04999999714347,5.0,20.615875018904404,0.7372565401418569,108.25513487844331,80.82656781828314,58.065481653961164,0.0999999941998455,Headroom + Support,Feasible,359
44,0.95,0.6,0.6,97.8,51.0,7,8,0.9392025609654562,1.0,7.0,4.192087519431254,31.44858810977661,150.27857465387407,78.36612788698956,146.08648713444282,46.91753977721295,0.0,0.0,1.0,1.0110297276599267,0.9499999997609646,1.0110297276599267,7.0,3.604985994810676,33.579326777298576,150.27857465387407,78.36612788698956,0.0,0.0110297276599267,Support Only,Feasible,11
45,0.95,0.6,0.7,97.8,59.49999999999999,7,8,0.9411013552730488,1.0,7.0,3.8811868011877664,28.73411378777189,150.27857465387407,72.12489168102786,146.3973878526863,43.39077789325597,0.0,0.0,1.000000000000001,1.009105197472716,0.949999999655242,1.009105197472716,7.0,3.398840039803531,30.479279167209512,150.27857465387407,72.12489168102786,0.0,0.0091051974727172,Support Only,Feasible,11
46,0.95,0.6,0.8,97.8,68.0,7,8,0.9427854280424794,1.0000000000000002,7.0,3.63073942615759,26.39955375132584,150.27857465387407,64.17359269980139,146.64783522771648,37.77403894847555,0.0,0.0,1.0000000000000022,1.0073908997559,0.9499999995292052,1.0073908997558998,7.0,3.240473691294767,27.801953799841556,150.27857465387407,64.17359269980139,0.0,0.0073908997559022,Support Only,Feasible,11
47,0.95,0.6,0.9,97.8,76.5,7,8,0.9442648263929312,1.0,7.0,3.4376677925262697,24.429376030641848,150.27857465387407,53.758720222862465,146.8409068613478,29.329344192220617,0.0,0.0,1.0000000000000069,1.0058798425604238,0.9499999993828372,1.0058798425604238,7.0,3.1277518778816784,25.5315500416295,150.27857465387407,53.758720222862465,0.0,0.0058798425604305,Support Only,Feasible,11
48,0.95,0.6,1.0,97.8,85.0,7,8,0.9455479641026404,1.0000000000000004,7.0,3.2993732519717014,22.810610635409425,150.27857465387407,38.951893407124665,146.97920140190237,16.14128277171524,0.0,0.0,1.0000000000000109,1.0045659423477291,0.9499999992274925,1.0045659423477291,7.0,3.058823585630563,23.65437971697668,150.27857465387407,38.951893407124665,0.0,0.0045659423477402,Support Only,Feasible,11
49,0.95,0.7,0.6,114.1,51.0,7,8,0.938815322140204,1.0000000000000002,7.0,7.6705366683360126,32.059129607549536,138.31008640008872,78.36612788698956,130.6395497317527,46.30699827944002,0.0,0.0,1.0,1.0114240454594865,0.9499999997726952,1.0114240454594865,7.0,7.057192888086689,34.27241487407973,138.31008640008872,78.36612788698956,0.0,0.0114240454594864,Support Only,Feasible,11
50,0.95,0.7,0.7,114.1,59.49999999999999,7,8,0.9407120085450692,1.0,7.0,7.367863130168928,29.348293292922335,138.31008640008872,72.12489168102786,130.9422232699198,42.776598388105526,0.0,0.0,1.0000000000000144,1.0095025810597036,0.9499999996689166,1.0095025810597034,7.0,6.860095484393639,31.175038349911944,138.31008640008872,72.12489168102786,0.0,0.009502581059718,Support Only,Feasible,11
51,0.95,0.7,0.8,114.1,68.0,7,8,0.9423935140702624,1.0,7.0,7.126157383131812,27.018089453338007,138.31008640008872,64.17359269980139,131.1839290169569,37.15550324646338,0.0,0.0,1.0,1.0077915960915929,0.9499999995487052,1.0077915960915929,7.0,6.711143515484423,28.50104294691063,138.31008640008872,64.17359269980139,0.0,0.0077915960915928,Support Only,Feasible,11
52,0.95,0.7,0.9,114.1,76.5,7,8,0.9438699094909088,1.0,7.0,6.94232603346552,25.05295126381708,138.31008640008872,53.758720222862465,131.3677603666232,28.705768959045383,0.0,0.0,1.0,1.0062840917546223,0.9499999994085062,1.0062840917546223,7.0,6.6081963287228405,26.23460854475441,138.31008640008872,53.758720222862465,0.0,0.0062840917546225,Support Only,Feasible,11
53,0.95,0.7,1.0,114.1,85.0,7,8,0.9451496246079883,1.0000000000000002,7.0,6.813759447654206,23.43988560914611,138.31008640008872,38.951893407124665,131.49632695243452,15.512007797978557,0.0,0.0,1.0,1.0049739803553253,0.9499999992627096,1.0049739803553253,7.0,6.549399450371823,24.36203421374819,138.31008640008872,38.951893407124665,0.0,0.0049739803553252,Support Only,Feasible,11
54,0.95,0.8,0.6,130.4,51.0,7,8,0.9383097739224716,1.0000000000000002,7.0,12.26853516551428,32.8561389672269,123.06230129491324,78.36612788698956,110.79376612939896,45.50998891976266,0.0,0.0,1.0,1.0119382878138885,0.9499999997825844,1.011938287813888,7.0,11.619094118921725,35.17709071698711,123.06230129491324,78.36612788698956,0.0,0.0119382878138882,Support Only,Feasible,11
55,0.95,0.8,0.7,130.4,59.49999999999999,7,8,0.94020671458016,1.0000000000000002,7.0,11.972007553922722,30.1453105120182,123.06230129491324,72.12489168102786,111.09029374099052,41.97958116900966,0.0,0.0,1.000000000000023,1.0100178463649243,0.9499999999582248,1.0100178463649248,7.0,11.429609553779116,32.07799331129323,123.06230129491324,72.12489168102786,0.0,0.0100178463649476,Support Only,Feasible,14
56,0.95,0.8,0.8,130.4,68.0,7,8,0.9418876949262442,1.0000000000000004,7.0,11.737354058192937,27.81633090571401,123.06230129491324,64.17359269980139,111.3249472367203,36.35726179408738,0.0,0.0,1.0,1.0083083632610426,0.9499999999807466,1.0083083632610426,7.0,11.288936396360567,29.40344827080511,123.06230129491324,64.17359269980139,0.0,0.0083083632610425,Support Only,Feasible,13
57,0.95,0.8,0.9,130.4,76.5,7,8,0.9433628451882766,1.0,7.0,11.56143780294839,25.853543335783073,123.06230129491324,53.758720222862465,111.50086349196484,27.905176887079392,0.0,0.0,1.0,1.0068028100196456,0.9499999999916642,1.0068028100196456,7.0,11.194910319469258,27.13756528254119,123.06230129491324,53.758720222862465,0.0,0.0068028100196455,Support Only,Feasible,13
58,0.95,0.8,1.0,130.4,85.0,7,8,0.94464063997224,1.0,7.0,11.441615502683604,24.243887258085444,123.06230129491324,38.951893407124665,111.62068579222964,14.70800614903922,0.0,0.0,1.0000000000000009,1.00549507565426,0.9499999999966212,1.00549507565426,7.0,11.145658189256508,25.266588510965057,123.06230129491324,38.951893407124665,0.0,0.0054950756542608,Support Only,Feasible,13
59,0.95,0.9,0.6,146.70000000000002,51.0,7,8,0.9376807538000465,1.0,7.0,18.04322747769463,33.84770177234488,103.09025172148915,78.36612788698956,85.04702424379452,44.51842611464468,0.0,0.0,1.011598629598652,1.0120828973912837,0.9499999999616588,1.0120828973912837,9.0,19.59455308933664,35.41899476423116,103.09025172148915,78.36612788698956,0.0,0.0236815269899357,Support Only,Feasible,44
60,0.95,0.9,0.7,146.70000000000002,59.49999999999999,7,8,0.9395804140666296,1.0000000000000002,7.0,17.750681453287754,31.133093973000783,103.09025172148915,72.12489168102786,85.3395702682014,40.99179770802708,0.0,0.0,1.0107588756564825,1.010196663351898,0.9499999868355884,1.0107588756564825,7.0,19.247131446953645,32.391586735868884,103.09025172148915,72.12489168102786,0.0,0.0209555390083802,Support Only,Feasible,73
61,0.95,0.9,0.8,146.70000000000002,68.0,7,8,0.9412629948277224,1.0000000000000004,7.0,17.52135478183972,28.802080053188178,103.09025172148915,64.17359269980139,85.56889693964943,35.37151264661321,0.0,0.0,1.0101463535442898,1.008518974121576,0.9499999999904486,1.01014635354429,9.0,18.99413885410628,29.77140731420222,103.09025172148915,64.17359269980139,0.0,0.0186653276658657,Support Only,Feasible,56
62,0.95,0.9,0.9,146.70000000000002,76.5,7,8,0.9427387239250574,1.0000000000000002,7.0,17.352036321903483,26.838854454713967,103.09025172148915,53.758720222862465,85.73821539958567,26.919865768148497,0.0,0.0,1.009753869797967,1.0070353799008458,0.949999999981024,1.009753869797967,9.0,18.8322162349518,27.542630818647893,103.09025172148915,53.758720222862465,0.0,0.0167892496988131,Support Only,Feasible,53
63,0.95,0.9,1.0,146.70000000000002,85.0,7,8,0.9440161513786608,1.0000000000000002,7.0,17.240024041908967,25.23024210340335,103.09025172148915,38.951893407124665,85.85022767958019,13.721651303721316,0.0,0.0,1.009573156061138,1.005740529550719,0.9499999351749104,1.0095731560611385,9.0,18.757739835997953,25.693029517557413,103.09025172148915,38.951893407124665,0.0,0.0153136856118569,Support Only,Feasible,61
64,0.95,1.0,0.6,163.0,51.0,7,8,0.9355647253685409,1.0,9.0,25.073951068999264,35.04590095579955,74.69598382778022,78.36612788698956,49.62203275878096,43.32022693119001,0.0,0.0,1.026250782493393,1.0121739212339325,0.9499999999993048,1.026250782493393,9.0,29.124996000436,35.59182611675652,74.69598382778022,78.36612788698956,0.0,0.0384247037273255,Support Only,Feasible,52
65,0.95,1.0,0.7,163.0,59.49999999999999,7,8,0.9361982829438072,1.0,9.0,24.78301998338266,32.32345489806971,74.69598382778022,72.12489168102786,49.91296384439757,39.80143678295815,0.0,0.0,1.0254796562738822,1.010300769555061,0.9499999999980075,1.0254796562738822,9.0,28.801945251272045,32.57411680796068,74.69598382778022,72.12489168102786,0.0,0.0357804258289431,Support Only,Feasible,44
66,0.95,1.0,0.8,163.0,68.0,7,8,0.9366901395160284,1.0,9.0,24.55716646844901,29.986925148274707,74.69598382778022,64.17359269980139,50.13881735933121,34.18666755152668,0.0,0.0,1.0249331527479058,1.0086277666276642,0.949999998639042,1.0249331527479053,9.0,28.573341555553085,29.961664903696217,74.69598382778022,64.17359269980139,0.0,0.0335609193755699,Support Only,Feasible,66
67,0.95,1.0,0.9,163.0,76.5,7,8,0.937047515288504,1.0000000000000004,9.0,24.39306907576129,28.02029258377011,74.69598382778022,53.758720222862465,50.302914752018935,25.73842763909235,0.0,0.0,1.0246022133134625,1.00714887798791,0.9499999996881144,1.0246022133134625,7.0,28.435046695972005,27.74049427802279,74.69598382778022,53.758720222862465,0.0,0.0317510913013723,Support Only,Feasible,59
68,0.95,1.0,1.0,163.0,85.0,7,8,0.9372764773582638,1.0,9.0,24.28793778984432,26.410215801957257,74.69598382778022,38.951893407124665,50.408046037935904,12.541677605167408,0.0,0.0,1.024478925636152,1.005858757185588,0.9499999995433456,1.0244789256361515,9.0,28.38355377885543,25.89840618260744,74.69598382778022,38.951893407124665,0.0,0.0303376828217398,Support Only,Feasible,71
69,1.0,0.6,0.6,97.8,51.0,6,7,0.9450640644435327,1.0055419217755763,7.0,37.57225934169523,-8.69914413184243,150.27857465387407,78.36612788698956,112.70631531217884,69.66698375514713,0.0,0.0,1.0499974085797872,1.0499277677479484,0.9818539850779942,1.0499998580178325,9.0,45.9437484259054,0.5622524227190837,150.27857465387407,78.36612788698956,0.0,0.0999251763277355,Support Only,Feasible,88
70,1.0,0.6,0.6,97.8,51.0,7,8,0.9314481195086202,1.0,7.0,6.405405850604353,38.438265676283535,150.27857465387407,78.36612788698956,143.87316880326972,39.927862210706024,0.0,0.0,1.0000000000000069,1.0187459699995696,0.9499999999677072,1.0187459699995696,7.0,5.389664907130623,42.04827995629144,150.27857465387407,78.36612788698956,0.0,0.0187459699995764,Support Only,Feasible,11
71,1.0,0.6,0.6,97.8,51.0,8,2,0.9405384685064556,1.0,9.0,0.0,18.205235556996143,150.27857465387407,78.36612788698956,150.27857465387407,60.160892329993416,0.0,0.0,1.0,1.0214336903541643,0.949999999999587,1.0214336903541643,9.0,0.0,24.082194679970428,150.27857465387407,78.36612788698956,0.0,0.0214336903541645,Support Only,Feasible,11
72,1.0,0.6,0.7,97.8,59.49999999999999,6,7,0.94495918377161,1.0057167500100777,7.0,37.731723643440176,-8.723838979002252,150.27857465387407,72.12489168102786,112.5468510104339,63.40105270202561,0.0,0.0,1.0499874585538036,1.0496488834806914,0.9815165406236276,1.0499999985569015,9.0,46.105473967089296,0.3124851581132901,150.27857465387407,72.12489168102786,0.0,0.099636342034495,Support Only,Feasible,67
73,1.0,0.6,0.7,97.8,59.49999999999999,7,8,0.9335391274999372,1.0,7.0,6.024239304633738,35.44182561704049,150.27857465387407,72.12489168102786,144.25433534924034,36.68306606398737,0.0,0.0,1.0,1.0166668426165402,0.9499999999375892,1.0166668426165404,7.0,5.126823305171655,38.63059680910109,150.27857465387407,72.12489168102786,0.0,0.0166668426165401,Support Only,Feasible,11
74,1.0,0.6,0.7,97.8,59.49999999999999,8,2,0.94257506970257,1.0000000000000002,9.0,0.0,16.332770965987223,150.27857465387407,72.12489168102786,150.27857465387407,55.79212071504064,0.0,0.0,1.0,1.0168833976961744,0.9499999999896304,1.0168833976961744,9.0,0.0,20.9098959314545,150.27857465387407,72.12489168102786,0.0,0.0168833976961744,Support Only,Feasible,11
75,1.0,0.6,0.8,97.8,68.0,6,7,0.9448221478284378,1.005747769934703,7.0,37.94007501578133,-8.460862807243345,150.27857465387407,64.17359269980139,112.33849963809274,55.712729892558045,0.0,0.0,1.049974839918555,1.0492935331035549,0.9810727213012278,1.0499748399185551,9.0,46.31839267024608,0.3167123276405164,150.27857465387407,64.17359269980139,0.0,0.0992683730221095,Support Only,Feasible,67
76,1.0,0.6,0.8,97.8,68.0,7,8,0.935400722897334,1.0,7.0,5.708104848585577,32.84604467627172,150.27857465387407,64.17359269980139,144.5704698052885,31.327548023529673,0.0,0.0,1.000000000000014,1.014804612291298,0.949999999894462,1.014804612291298,7.0,4.914622862232903,35.653382530321295,150.27857465387407,64.17359269980139,0.0,0.0148046122913119,Support Only,Feasible,11
77,1.0,0.6,0.8,97.8,68.0,8,2,0.9443898739291118,1.0,9.0,0.0,14.73970268274239,150.27857465387407,64.17359269980139,150.27857465387407,49.433890017059,0.0,0.0,1.0000000000000056,1.0127943072259726,0.9499999999487816,1.0127943072259726,9.0,0.0,18.166140200744152,150.27857465387407,64.17359269980139,0.0,0.0127943072259781,Support Only,Feasible,11
78,1.0,0.6,0.9,97.8,76.5,6,7,0.9446531208913276,1.005634994475048,7.0,38.19706134358182,-7.910082583557134,150.27857465387407,53.758720222862465,112.08151331029224,45.84863763930533,0.0,0.0,1.049974561644917,1.0492836717823106,0.9805805057925124,1.0499745616449168,9.0,46.56072484611005,0.6764565454869214,150.27857465387407,53.758720222862465,0.0,0.0992582334272276,Support Only,Feasible,67
79,1.0,0.6,0.9,97.8,76.5,7,8,0.9370449257009036,1.0,7.0,5.4532957348483535,30.632476044776897,150.27857465387407,53.758720222862465,144.82527891902572,23.12624417808557,0.0,0.0,1.0,1.0131513236039058,0.9499999998388348,1.013151323603906,7.0,4.750574359276186,33.09857056693539,150.27857465387407,53.758720222862465,0.0,0.0131513236039058,Support Only,Feasible,11
80,1.0,0.6,0.9,97.8,76.5,8,2,0.9459922171793186,1.0000000000000002,9.0,0.0,13.418342115527096,150.27857465387407,53.758720222862465,150.27857465387407,40.34037810733537,0.0,0.0,1.0,1.0091597734486613,0.9499999998583148,1.0091597734486617,9.0,0.0,15.839496192835044,150.27857465387407,53.758720222862465,0.0,0.0091597734486612,Support Only,Feasible,11
81,1.0,0.6,1.0,97.8,85.0,6,7,0.9444521359935876,1.0053778715936024,7.0,38.50262951539705,-7.070360261121699,150.27857465387407,38.951893407124665,111.77594513847704,31.881533146002965,0.0,0.0,1.049989899824454,1.049714834172305,0.9800543905606928,1.0499999983954982,9.0,46.826819892533166,1.4107955977168132,150.27857465387407,38.951893407124665,0.0,0.0997047339967591,Support Only,Feasible,62
82,1.0,0.6,1.0,97.8,85.0,7,8,0.9384817864867157,1.0000000000000002,7.0,5.256690044896686,28.78572963150976,150.27857465387407,38.951893407124665,145.0218846089774,10.166163775614905,0.0,0.0,1.0,1.0117000688204594,0.9499999997700154,1.0117000688204592,7.0,4.6325234314539045,30.95053011188933,150.27857465387407,38.951893407124665,0.0,0.0117000688204593,Support Only,Feasible,11
83,1.0,0.6,1.0,97.8,85.0,8,2,0.9473902188035568,1.0,9.0,0.0,12.362128609331371,150.27857465387407,38.951893407124665,150.27857465387407,26.589764797793293,0.0,0.0,1.0,1.00597301872879,0.9499999997143406,1.00597301872879,9.0,0.0,13.919024553119208,150.27857465387407,38.951893407124665,0.0,0.0059730187287898,Support Only,Feasible,11
84,1.0,0.7,0.6,114.1,51.0,6,7,0.946579670534217,1.0057362927505122,7.0,36.37174321203298,-9.030981784602162,138.31008640008872,78.36612788698956,101.93834318805574,69.3351461023874,0.0,0.0,1.049989670229723,1.0497120491747478,0.9832885677650152,1.049999999200799,9.0,44.51092931214651,0.175747650935051,138.31008640008872,78.36612788698956,0.0,0.0997017194044707,Support Only,Feasible,82
85,1.0,0.7,0.6,114.1,51.0,7,8,0.9310803380775065,1.0000000000000002,7.0,9.83751754939479,39.014584440898744,138.31008640008872,78.36612788698956,128.47256885069393,39.351543446090815,0.0,0.0,1.0,1.0191155553915263,0.9499999999680556,1.0191155553915263,7.0,8.79321944262594,42.705736632006165,138.31008640008872,78.36612788698956,0.0,0.0191155553915265,Support Only,Feasible,11
86,1.0,0.7,0.6,114.1,51.0,8,2,0.9405384685064556,1.0,9.0,0.0,18.205235556996143,138.31008640008872,78.36612788698956,138.31008640008872,60.160892329993416,0.0,0.0,1.0,1.0214336903541643,0.949999999999587,1.0214336903541643,9.0,0.0,24.082194679970428,138.31008640008872,78.36612788698956,0.0,0.0214336903541645,Support Only,Feasible,11
87,1.0,0.7,0.7,114.1,59.49999999999999,6,7,0.9464673503945168,1.0059040281302407,7.0,36.54266946208793,-9.043618412390884,138.31008640008872,72.12489168102786,101.7674169380008,63.08127326863698,0.0,0.0,1.049969160690954,1.0491368649325004,0.982886338290627,1.0499691606909536,9.0,44.699153008994585,-0.1337225765663987,138.31008640008872,72.12489168102786,0.0,0.0991060256234543,Support Only,Feasible,67
88,1.0,0.7,0.7,114.1,59.49999999999999,7,8,0.933169151693566,1.0,7.0,9.464373045951447,36.0219252078208,138.31008640008872,72.12489168102786,128.84571335413727,36.10296647320706,0.0,0.0,1.000000000000002,1.0170397039047403,0.9499999999396432,1.0170397039047403,7.0,8.539284631480456,39.29113622230288,138.31008640008872,72.12489168102786,0.0,0.0170397039047422,Support Only,Feasible,11
89,1.0,0.7,0.7,114.1,59.49999999999999,8,2,0.94257506970257,1.0000000000000002,9.0,0.0,16.332770965987223,138.31008640008872,72.12489168102786,138.31008640008872,55.79212071504064,0.0,0.0,1.0,1.0168833976961744,0.9499999999896304,1.0168833976961744,9.0,0.0,20.9098959314545,138.31008640008872,72.12489168102786,0.0,0.0168833976961744,Support Only,Feasible,11
90,1.0,0.7,0.8,114.1,68.0,6,7,0.9463235723265307,1.0059283978655666,7.0,36.76146445814095,-8.769343770148758,138.31008640008872,64.17359269980139,101.54862194194776,55.40424892965263,0.0,0.0,1.0499758454472008,1.0493215136648018,0.9824911692443838,1.0499999935904711,9.0,44.89602533096482,0.0151487368500937,138.31008640008872,64.17359269980139,0.0,0.0992973591120025,Support Only,Feasible,67
91,1.0,0.7,0.8,114.1,68.0,7,8,0.9350281174570088,1.0,7.0,9.156758777576016,33.430597784908315,138.31008640008872,64.17359269980139,129.1533276225127,30.742994914893075,0.0,0.0,1.0000000000000029,1.015180956152277,0.9499999998990208,1.015180956152277,7.0,8.336332387304594,36.317583535426394,138.31008640008872,64.17359269980139,0.0,0.0151809561522799,Support Only,Feasible,11
92,1.0,0.7,0.8,114.1,68.0,8,2,0.9443898739291118,1.0,9.0,0.0,14.73970268274239,138.31008640008872,64.17359269980139,138.31008640008872,49.433890017059,0.0,0.0,1.0000000000000056,1.0127943072259726,0.9499999999487816,1.0127943072259726,9.0,0.0,18.166140200744152,138.31008640008872,64.17359269980139,0.0,0.0127943072259781,Support Only,Feasible,11
93,1.0,0.7,0.9,114.1,76.5,6,7,0.9461484833747996,1.0058093846252207,7.0,37.02790206617274,-8.207972773106128,138.31008640008872,53.758720222862465,101.28218433391598,45.55074744975634,0.0,0.0,1.0499769719949057,1.0493513841080246,0.9819819713999318,1.049999993030912,9.0,45.14637708953225,0.3954324626996452,138.31008640008872,53.758720222862465,0.0,0.0993283561029303,Support Only,Feasible,67
94,1.0,0.7,0.9,114.1,76.5,7,8,0.936669280004605,1.0,7.0,8.910950483204743,31.222119566474632,138.31008640008872,53.758720222862465,129.39913591688398,22.536600656387833,0.0,0.0,1.000000000000003,1.013531352298691,0.9499999998450886,1.0135313522986908,7.0,8.181868193492875,33.766997024486685,138.31008640008872,53.758720222862465,0.0,0.0135313522986943,Support Only,Feasible,11
95,1.0,0.7,0.9,114.1,76.5,8,2,0.9459922171793186,1.0000000000000002,9.0,0.0,13.418342115527096,138.31008640008872,53.758720222862465,138.31008640008872,40.34037810733537,0.0,0.0,1.0,1.0091597734486613,0.9499999998583148,1.0091597734486617,9.0,0.0,15.839496192835044,138.31008640008872,53.758720222862465,0.0,0.0091597734486612,Support Only,Feasible,11
96,1.0,0.7,1.0,114.1,85.0,6,7,0.9459421040017711,1.0055464109245202,7.0,37.34194826786083,-7.358323610970714,138.31008640008872,38.951893407124665,100.96813813222788,31.59356979615395,0.0,0.0,1.0499833575616355,1.049530289503763,0.981400008627124,1.0499999956895136,9.0,45.434785525728614,1.080707635608526,138.31008640008872,38.951893407124665,0.0,0.0995136470653987,Support Only,Feasible,67
97,1.0,0.7,1.0,114.1,85.0,7,8,0.938102706636464,1.0000000000000002,7.0,8.723813831098056,29.38107666892204,138.31008640008872,38.951893407124665,129.5862725689907,9.570816738202623,0.0,0.0,1.0,1.0120839824380867,0.9499999997814216,1.0120839824380867,7.0,8.07373440079823,31.62373675119627,138.31008640008872,38.951893407124665,0.0,0.0120839824380867,Support Only,Feasible,11
98,1.0,0.7,1.0,114.1,85.0,8,2,0.9473902188035568,1.0,9.0,0.0,12.362128609331371,138.31008640008872,38.951893407124665,138.31008640008872,26.589764797793293,0.0,0.0,1.0,1.00597301872879,0.9499999997143406,1.00597301872879,9.0,0.0,13.919024553119208,138.31008640008872,38.951893407124665,0.0,0.0059730187287898,Support Only,Feasible,11
99,1.0,0.8,0.6,130.4,51.0,6,7,0.94742922541272,1.0058271743040132,7.0,36.35269584876643,-9.186138271431588,123.06230129491324,78.36612788698956,86.70960544614681,69.17998961555797,0.0,0.0,1.0499858267843916,1.0496064648641434,0.9837656996850986,1.049999998519554,9.0,44.173694388445185,-0.0132456521793216,123.06230129491324,78.36612788698956,0.0,0.099592291648535,Support Only,Feasible,67
100,1.0,0.8,0.6,130.4,51.0,7,8,0.9305888787766472,1.0,7.0,14.399853378478454,39.784641070264016,123.06230129491324,78.36612788698956,108.6624479164348,38.581486816725544,0.0,0.0,1.0066613121596455,1.0193229737175509,0.9499999999999432,1.0193229737175509,9.0,14.687633210629356,43.07420081701878,123.06230129491324,78.36612788698956,0.0,0.0259842858771963,Support Only,Feasible,54
101,1.0,0.8,0.6,130.4,51.0,8,2,0.9405384685064556,1.0,9.0,0.0,18.205235556996143,123.06230129491324,78.36612788698956,123.06230129491324,60.160892329993416,0.0,0.0,1.0,1.0214336903541643,0.949999999999587,1.0214336903541643,9.0,0.0,24.082194679970428,123.06230129491324,78.36612788698956,0.0,0.0214336903541645,Support Only,Feasible,11
102,1.0,0.8,0.7,130.4,59.49999999999999,6,7,0.9473094317811472,1.005988161821087,7.0,36.53516131495708,-9.187277584097188,123.06230129491324,72.12489168102786,86.52713997995616,62.93761409693067,0.0,0.0,1.04997645833573,1.049343650661173,0.983380296022207,1.0499999949909855,9.0,44.358223162869834,-0.2336285915509677,123.06230129491324,72.12489168102786,0.0,0.0993201089969031,Support Only,Feasible,67
103,1.0,0.8,0.7,130.4,59.49999999999999,7,8,0.9326782888803604,1.0,7.0,14.032133996118986,36.791501749331914,123.06230129491324,72.12489168102786,109.03016729879424,35.33338993169595,0.0,0.0,1.0054831815808372,1.0173020928787688,0.9499999986403408,1.0173020928787686,9.0,14.196381082206315,39.75618485770103,123.06230129491324,72.12489168102786,0.0,0.0227852744596059,Support Only,Feasible,70
104,1.0,0.8,0.7,130.4,59.49999999999999,8,2,0.94257506970257,1.0000000000000002,9.0,0.0,16.332770965987223,123.06230129491324,72.12489168102786,123.06230129491324,55.79212071504064,0.0,0.0,1.0,1.0168833976961744,0.9499999999896304,1.0168833976961744,9.0,0.0,20.9098959314545,123.06230129491324,72.12489168102786,0.0,0.0168833976961744,Support Only,Feasible,11
105,1.0,0.8,0.8,130.4,68.0,6,7,0.9471586667565282,1.0060060704979903,7.0,36.76479781535544,-8.901995035607179,123.06230129491324,64.17359269980139,86.2975034795578,55.27159766419421,0.0,0.0,1.0499725219790788,1.0492313085780545,0.9829216613861468,1.0499999917982583,9.0,44.5809831890064,-0.1461497372463185,123.06230129491324,64.17359269980139,0.0,0.0992038305571332,Support Only,Feasible,67
106,1.0,0.8,0.8,130.4,68.0,7,8,0.934537039703598,1.0000000000000002,7.0,13.73088081429644,34.20094714716916,123.06230129491324,64.17359269980139,109.3314204806168,29.97264555263223,0.0,0.0,1.0045499757257477,1.0154870288512832,0.9499999999710328,1.0154870288512832,9.0,13.808173781728684,36.85807533050303,123.06230129491324,64.17359269980139,0.0,0.0200370045770308,Support Only,Feasible,54
107,1.0,0.8,0.8,130.4,68.0,8,2,0.9443898739291118,1.0,9.0,0.0,14.73970268274239,123.06230129491324,64.17359269980139,123.06230129491324,49.433890017059,0.0,0.0,1.0000000000000056,1.0127943072259726,0.9499999999487816,1.0127943072259726,9.0,0.0,18.166140200744152,123.06230129491324,64.17359269980139,0.0,0.0127943072259781,Support Only,Feasible,11
108,1.0,0.8,0.9,130.4,76.5,6,7,0.9469770621445796,1.0058808547242204,7.0,37.0414021849282,-8.330056710398743,123.06230129491324,53.758720222862465,86.02089910998504,45.42866351246372,0.0,0.0,1.0499513256294264,1.048634096120857,0.9823053038436772,1.0499513256294264,9.0,44.87335880283611,0.0955922653454877,123.06230129491324,53.758720222862465,0.0,0.0985854217502832,Support Only,Feasible,67
109,1.0,0.8,0.9,130.4,76.5,7,8,0.9361772465885262,1.0,7.0,13.492317039862868,31.99438847661709,123.06230129491324,53.758720222862465,109.56998425505036,21.764331746245375,0.0,0.0,1.0038508759565952,1.013870571480138,0.9499999999999368,1.013870571480138,9.0,13.517885316339502,34.36397382266536,123.06230129491324,53.758720222862465,0.0,0.0177214474367333,Support Only,Feasible,47
110,1.0,0.8,0.9,130.4,76.5,8,2,0.9459922171793186,1.0000000000000002,9.0,0.0,13.418342115527096,123.06230129491324,53.758720222862465,123.06230129491324,40.34037810733537,0.0,0.0,1.0,1.0091597734486613,0.9499999998583148,1.0091597734486617,9.0,0.0,15.839496192835044,123.06230129491324,53.758720222862465,0.0,0.0091597734486612,Support Only,Feasible,11
111,1.0,0.8,1.0,130.4,85.0,6,7,0.9467646264279764,1.0056119118173863,7.0,37.36495860787933,-7.470237257626977,123.06230129491324,38.951893407124665,85.69734268703391,31.481656149497688,0.0,0.0,1.049980587742972,1.0494544219314397,0.9817876218533376,1.0499999941995786,9.0,45.13962854785733,0.9450406478456655,123.06230129491324,38.951893407124665,0.0,0.0994350096744114,Support Only,Feasible,67
112,1.0,0.8,1.0,130.4,85.0,7,8,0.9376090303670812,1.0000000000000002,7.0,13.313267337701618,30.15633184405323,123.06230129491324,38.951893407124665,109.74903395721162,8.79556156307143,0.0,0.0,1.0033763865399572,1.0124466288286775,0.9499999999999704,1.0124466288286775,9.0,13.321121779828118,32.26006910400525,123.06230129491324,38.951893407124665,0.0,0.0158230153686347,Support Only,Feasible,76
113,1.0,0.8,1.0,130.4,85.0,8,2,0.9473902188035568,1.0,9.0,0.0,12.362128609331371,123.06230129491324,38.951893407124665,123.06230129491324,26.589764797793293,0.0,0.0,1.0,1.00597301872879,0.9499999997143406,1.00597301872879,9.0,0.0,13.919024553119208,123.06230129491324,38.951893407124665,0.0,0.0059730187287898,Support Only,Feasible,11
114,1.0,0.9,0.6,146.70000000000002,51.0,6,7,0.947631790572491,1.0058192787814726,7.0,37.48882547969606,-9.172658731885363,103.09025172148915,78.36612788698956,65.60142624179309,69.1934691551042,0.0,0.0,1.0499741905801676,1.0492880277650876,0.9832788059265898,1.0499741905801678,9.0,44.92218313899855,-0.0928614624991297,103.09025172148915,78.36612788698956,0.0,0.0992622183452551,Support Only,Feasible,77
115,1.0,0.9,0.6,146.70000000000002,51.0,7,8,0.9299685203892954,1.0,7.0,20.14973799820659,40.756556960333995,103.09025172148915,78.36612788698956,82.94051372328256,37.609570926655564,0.0,0.0,1.0192667534190885,1.0193788311168808,0.9499999999999776,1.019378831116881,9.0,22.797787946141028,43.17434135986905,103.09025172148915,78.36612788698956,0.0,0.0386455845359692,Support Only,Feasible,56
116,1.0,0.9,0.6,146.70000000000002,51.0,8,2,0.9405384685064556,1.0,9.0,0.0,18.205235556996143,103.09025172148915,78.36612788698956,103.09025172148915,60.160892329993416,0.0,0.0,1.0,1.0214336903541643,0.949999999999587,1.0214336903541643,9.0,0.0,24.082194679970428,103.09025172148915,78.36612788698956,0.0,0.0214336903541645,Support Only,Feasible,11
117,1.0,0.9,0.7,146.70000000000002,59.49999999999999,6,7,0.9475043633780778,1.0059738034827177,7.0,37.68310195594083,-9.162760569683194,103.09025172148915,72.12489168102786,65.40714976554833,62.96213111134467,0.0,0.0,1.04995640876898,1.0487926666553402,0.982837718209276,1.0499564087689797,9.0,45.130164120100574,-0.3581391234005195,103.09025172148915,72.12489168102786,0.0,0.0987490754243201,Support Only,Feasible,77
118,1.0,0.9,0.7,146.70000000000002,59.49999999999999,7,8,0.9320614386389634,1.0000000000000002,7.0,19.784715993452963,37.75849405868303,103.09025172148915,72.12489168102786,83.30553572803619,34.366397622344834,0.0,0.0,1.0181686775429002,1.01736408641495,0.949999946479844,1.0181686775429002,9.0,22.33570612231516,39.8662037061852,103.09025172148915,72.12489168102786,0.0,0.0355327639578502,Support Only,Feasible,62
119,1.0,0.9,0.7,146.70000000000002,59.49999999999999,8,2,0.94257506970257,1.0000000000000002,9.0,0.0,16.332770965987223,103.09025172148915,72.12489168102786,103.09025172148915,55.79212071504064,0.0,0.0,1.0,1.0168833976961744,0.9499999999896304,1.0168833976961744,9.0,0.0,20.9098959314545,103.09025172148915,72.12489168102786,0.0,0.0168833976961744,Support Only,Feasible,11
120,1.0,0.9,0.8,146.70000000000002,68.0,6,7,0.9473462620490452,1.005985391510577,7.0,37.92414063228805,-8.866678944969458,103.09025172148915,64.17359269980139,65.16611108920111,55.30691375483193,0.0,0.0,1.0499474576480223,1.0485399119818628,0.9823359288551256,1.0499474576480223,9.0,45.37164733853865,-0.2917622280545444,103.09025172148915,64.17359269980139,0.0,0.0984873696298851,Support Only,Feasible,77
121,1.0,0.9,0.8,146.70000000000002,68.0,7,8,0.9339224877868538,1.0000000000000004,7.0,19.487584900884556,35.164883103841305,103.09025172148915,64.17359269980139,83.6026668206046,29.008709595960084,0.0,0.0,1.0173105702662435,1.0155546057677398,0.9499999999999988,1.0173105702662433,9.0,21.9753530996485,36.97747940332695,103.09025172148915,64.17359269980139,0.0,0.0328651760339833,Support Only,Feasible,44
122,1.0,0.9,0.8,146.70000000000002,68.0,8,2,0.9443898739291118,1.0,9.0,0.0,14.73970268274239,103.09025172148915,64.17359269980139,103.09025172148915,49.433890017059,0.0,0.0,1.0000000000000056,1.0127943072259726,0.9499999999487816,1.0127943072259726,9.0,0.0,18.166140200744152,103.09025172148915,64.17359269980139,0.0,0.0127943072259781,Support Only,Feasible,11
123,1.0,0.9,0.9,146.70000000000002,76.5,6,7,0.9471576045610904,1.0058539704652272,7.0,38.21175918438848,-8.284133504887365,103.09025172148915,53.758720222862465,64.87849253710067,45.4745867179751,0.0,0.0,1.0499744834401168,1.0492898330513298,0.9818763327745108,1.049999991704931,9.0,45.60808867279678,0.2853812325768601,103.09025172148915,53.758720222862465,0.0,0.0992643164914466,Support Only,Feasible,72
124,1.0,0.9,0.9,146.70000000000002,76.5,7,8,0.9355639029134544,1.0,7.0,19.254476495425365,32.956954235913415,103.09025172148915,53.758720222862465,83.83577522606379,20.80176598694905,0.0,0.0,1.0166815082651075,1.0139435386085665,0.9499999999996188,1.0166815082651075,9.0,21.711644561623103,34.49243203962645,103.09025172148915,53.758720222862465,0.0,0.0306250468736739,Support Only,Feasible,51
125,1.0,0.9,0.9,146.70000000000002,76.5,8,2,0.9459922171793186,1.0000000000000002,9.0,0.0,13.418342115527096,103.09025172148915,53.758720222862465,103.09025172148915,40.34037810733537,0.0,0.0,1.0,1.0091597734486613,0.9499999998583148,1.0091597734486617,9.0,0.0,15.839496192835044,103.09025172148915,53.758720222862465,0.0,0.0091597734486612,Support Only,Feasible,11
126,1.0,0.9,1.0,146.70000000000002,85.0,6,7,0.9469383876144324,1.0055789123780314,7.0,38.545959708347766,-7.413855011714585,103.09025172148915,38.951893407124665,64.54429201314139,31.53803839541008,0.0,0.0,1.049959616114821,1.0488726130160164,0.9811692276780836,1.049959616114821,9.0,45.94741216178875,0.851966378178723,103.09025172148915,38.951893407124665,0.0,0.0988322291308374,Support Only,Feasible,72
127,1.0,0.9,1.0,146.70000000000002,85.0,7,8,0.9369958974690518,1.0,7.0,19.082142791707952,31.119073872450024,103.09025172148915,38.951893407124665,84.0081089297812,7.832819534674641,0.0,0.0,1.016272391936388,1.0125247666720392,0.9499999985158932,1.0162723919363876,7.0,21.540339626336277,32.397291433556596,103.09025172148915,38.951893407124665,0.0,0.028797158608427,Support Only,Feasible,55
128,1.0,0.9,1.0,146.70000000000002,85.0,8,2,0.9473902188035568,1.0,9.0,0.0,12.362128609331371,103.09025172148915,38.951893407124665,103.09025172148915,26.589764797793293,0.0,0.0,1.0,1.00597301872879,0.9499999997143406,1.00597301872879,9.0,0.0,13.919024553119208,103.09025172148915,38.951893407124665,0.0,0.0059730187287898,Support Only,Feasible,11
129,1.0,1.0,0.6,163.0,51.0,6,7,0.947195272862755,1.0057155439385643,7.0,39.77124122680716,-8.995558612335131,74.69598382778022,78.36612788698956,34.92474260097306,69.37056927465443,0.0,0.0,1.0499893047519655,1.0497085513416389,0.9819735073332856,1.04999999918171,9.0,46.6986645982783,0.1694860004190843,74.69598382778022,78.36612788698956,0.0,0.0996978560936041,Support Only,Feasible,77
130,1.0,1.0,0.6,163.0,51.0,7,8,0.929211319619564,1.0,7.0,27.167240633275156,41.942694999977874,74.69598382778022,78.36612788698956,47.52874319450507,36.423432887011685,0.0,0.0,1.0334523989687847,1.019461083546976,0.9499999999999956,1.0334523989687847,9.0,32.16944108328343,43.320782881465945,74.69598382778022,78.36612788698956,0.0,0.0529134825157606,Support Only,Feasible,55
131,1.0,1.0,0.6,163.0,51.0,8,2,0.9405384685064556,1.0,9.0,0.0,18.205235556996143,74.69598382778022,78.36612788698956,74.69598382778022,60.160892329993416,0.0,0.0,1.0,1.0214336903541643,0.949999999999587,1.0214336903541643,9.0,0.0,24.082194679970428,74.69598382778022,78.36612788698956,0.0,0.0214336903541645,Support Only,Feasible,11
132,1.0,1.0,0.7,163.0,59.49999999999999,6,7,0.9470599282678211,1.0058638409732683,7.0,39.9777923975351,-8.9749984094546,74.69598382778022,72.12489168102786,34.71819143024513,63.14989327157326,0.0,0.0,1.0499596411904366,1.0488937989316989,0.9814656265274764,1.0499596411904368,9.0,46.93445580526017,-0.1651199329698869,74.69598382778022,72.12489168102786,0.0,0.0988534401221354,Support Only,Feasible,77
133,1.0,1.0,0.7,163.0,59.49999999999999,7,8,0.931310870550178,1.0,7.0,26.80190207312431,38.93494212264184,74.69598382778022,72.12489168102786,47.894081754655915,33.18994955838602,0.0,0.0,1.0324309301460182,1.0174519057257208,0.9500000412183774,1.0324309301460184,9.0,31.734584942937815,40.021407750197056,74.69598382778022,72.12489168102786,0.0,0.0498828358717389,Support Only,Feasible,113
134,1.0,1.0,0.7,163.0,59.49999999999999,8,2,0.94257506970257,1.0000000000000002,9.0,0.0,16.332770965987223,74.69598382778022,72.12489168102786,74.69598382778022,55.79212071504064,0.0,0.0,1.0,1.0168833976961744,0.9499999999896304,1.0168833976961744,9.0,0.0,20.9098959314545,74.69598382778022,72.12489168102786,0.0,0.0168833976961744,Support Only,Feasible,11
135,1.0,1.0,0.8,163.0,68.0,6,7,0.9468940295684988,1.0058692058428182,7.0,40.23096842599726,-8.668254141574451,74.69598382778022,64.17359269980139,34.46501540178296,55.50533855822694,0.0,0.0,1.049976740209653,1.0493615672092995,0.981035273403991,1.0499999944179534,9.0,47.152257299943386,0.08677855676207,74.69598382778022,64.17359269980139,0.0,0.0993383074189524,Support Only,Feasible,77
136,1.0,1.0,0.8,163.0,68.0,7,8,0.9324455655907926,1.0,9.0,26.506449632800624,36.334179159909354,74.69598382778022,64.17359269980139,48.1895341949796,27.839413539892035,0.0,0.0,1.0316441415957651,1.0156471652053196,0.949999999999994,1.0316441415957656,9.0,31.40035003528105,37.14104092280553,74.69598382778022,64.17359269980139,0.0,0.0472913068010849,Support Only,Feasible,73
137,1.0,1.0,0.8,163.0,68.0,8,2,0.9443898739291118,1.0,9.0,0.0,14.73970268274239,74.69598382778022,64.17359269980139,74.69598382778022,49.433890017059,0.0,0.0,1.0000000000000056,1.0127943072259726,0.9499999999487816,1.0127943072259726,9.0,0.0,18.166140200744152,74.69598382778022,64.17359269980139,0.0,0.0127943072259781,Support Only,Feasible,11
138,1.0,1.0,0.9,163.0,76.5,6,7,0.9466976818372028,1.0057315404468457,7.0,40.53060642959147,-8.075000728453645,74.69598382778022,53.758720222862465,34.16537739818875,45.68371949440882,0.0,0.0,1.0499524529733426,1.048689170368866,0.9803618333843488,1.0499524529733426,9.0,47.4713209899831,0.3314924500088168,74.69598382778022,53.758720222862465,0.0,0.0986416233422085,Support Only,Feasible,77
139,1.0,1.0,0.9,163.0,76.5,7,8,0.9329453985309268,1.0,9.0,26.27687802297416,34.12137244870324,74.69598382778022,53.758720222862465,48.419105804806065,19.637347774159224,0.0,0.0,1.031081746818165,1.014040993728461,0.9499999999999988,1.031081746818165,9.0,31.161788188610444,34.66416634410288,74.69598382778022,53.758720222862465,0.0,0.0451227405466256,Support Only,Feasible,58
140,1.0,1.0,0.9,163.0,76.5,8,2,0.9459922171793186,1.0000000000000002,9.0,0.0,13.418342115527096,74.69598382778022,53.758720222862465,74.69598382778022,40.34037810733537,0.0,0.0,1.0,1.0091597734486613,0.9499999998583148,1.0091597734486617,9.0,0.0,15.839496192835044,74.69598382778022,53.758720222862465,0.0,0.0091597734486612,Support Only,Feasible,11
141,1.0,1.0,1.0,163.0,85.0,6,7,0.946470869817198,1.0054501911308242,7.0,40.87672669349476,-7.193924170720258,74.69598382778022,38.951893407124665,33.819257134285465,31.757969236404406,0.0,0.0,1.049965577872591,1.0490492127124704,0.9797353417599738,1.049965577872591,9.0,47.78338645041333,1.0941869016416137,74.69598382778022,38.951893407124665,0.0,0.0990147905850613,Support Only,Feasible,82
142,1.0,1.0,1.0,163.0,85.0,7,8,0.9333091134403012,1.0,9.0,26.10982964685525,32.28068301869006,74.69598382778022,38.951893407124665,48.58615418092498,6.671210388434602,0.0,0.0,1.0307347463158143,1.0126271456957363,0.9499999999983004,1.030734746315814,9.0,31.014745044241565,32.57704374769224,74.69598382778022,38.951893407124665,0.0,0.0433618920115506,Support Only,Feasible,55
143,1.0,1.0,1.0,163.0,85.0,8,2,0.9473902188035568,1.0,9.0,0.0,12.362128609331371,74.69598382778022,38.951893407124665,74.69598382778022,26.589764797793293,0.0,0.0,1.0,1.00597301872879,0.9499999997143406,1.00597301872879,9.0,0.0,13.919024553119208,74.69598382778022,38.951893407124665,0.0,0.0059730187287898,Support Only,Feasible,11
144,1.05,0.6,0.6,97.8,51.0,6,7,0.9389105652318004,1.004441746164185,7.0,43.59692949649505,-6.820880668944,150.27857465387407,78.36612788698956,106.68164515737902,71.54524721804556,0.0,0.0,1.0117915917923483,1.0,0.9499999999953778,1.0117915917923483,7.0,46.1195048910557,-7.459870694884032,150.27857465387407,78.36612788698956,0.0,0.0117915917923483,Support Only,Feasible,14
145,1.05,0.6,0.6,97.8,51.0,7,8,0.9232903529509348,1.0,7.0,8.75679858012964,45.87986211018857,150.27857465387407,78.36612788698956,141.52177607374443,32.48626577680099,0.0,0.0,1.0,1.0266750371121054,0.9499999999965788,1.0266750371121054,7.0,7.28200442257716,50.98442836705975,150.27857465387407,78.36612788698956,0.0,0.0266750371121053,Support Only,Feasible,11
146,1.05,0.6,0.6,97.8,51.0,8,2,0.929456165380074,1.0,9.0,0.0,25.867731720267415,150.27857465387407,78.36612788698956,150.27857465387407,52.498396166722145,0.0,0.0,1.0000000000000042,1.0455880467746617,0.9499999993315148,1.0455880467746617,9.0,0.0,38.69376610834253,150.27857465387407,78.36612788698956,0.0,0.0455880467746658,Support Only,Feasible,11
147,1.05,0.6,0.7,97.8,59.49999999999999,6,7,0.9388202172866084,1.0046367726320726,7.0,43.73379571738832,-6.87976442412976,150.27857465387407,72.12489168102786,106.54477893648576,65.2451272568981,0.0,0.0,1.0118879754110408,1.0,0.9499999999965028,1.0118879754110408,7.0,46.2793729695189,-7.522321790549356,150.27857465387407,72.12489168102786,0.0,0.0118879754110408,Support Only,Feasible,14
148,1.05,0.6,0.7,97.8,59.49999999999999,7,8,0.925594943559956,1.0,7.0,8.298341521181811,42.57342039176038,150.27857465387407,72.12489168102786,141.98023313269226,29.55147128926748,0.0,0.0,1.000000000000008,1.0244330608819654,0.9499999999959956,1.0244330608819652,7.0,6.95827381724672,47.22628033161223,150.27857465387407,72.12489168102786,0.0,0.0244330608819733,Support Only,Feasible,11
149,1.05,0.6,0.7,97.8,59.49999999999999,8,2,0.931814672281795,1.0,9.0,0.0,23.772734760290433,150.27857465387407,72.12489168102786,150.27857465387407,48.35215692073743,0.0,0.0,1.0000000000000042,1.0405429915859647,0.9499999998004024,1.040542991585965,9.0,0.0,35.0565357831012,150.27857465387407,72.12489168102786,0.0,0.0405429915859689,Support Only,Feasible,11
150,1.05,0.6,0.8,97.8,68.0,6,7,0.9386963957942436,1.0046863499354102,7.0,43.92136774431563,-6.6481410425944745,150.27857465387407,64.17359269980139,106.35720690955844,57.525451657206915,0.0,0.0,1.012019717057255,1.000000000000013,0.9499999999982206,1.012019717057255,7.0,46.49793632416822,-7.296914512237009,150.27857465387407,64.17359269980139,0.0,0.012019717057268,Support Only,Feasible,14
151,1.05,0.6,0.8,97.8,68.0,7,8,0.9276525187353556,1.0000000000000009,7.0,7.91044225436832,39.69237844763907,150.27857465387407,64.17359269980139,142.36813239950575,24.481214252162317,0.0,0.0,1.000000000000009,1.022415779118191,0.9499999999921976,1.022415779118191,7.0,6.688540702608265,43.92906931743133,150.27857465387407,64.17359269980139,0.0,0.0224157791182,Support Only,Feasible,11
152,1.05,0.6,0.8,97.8,68.0,8,2,0.933930450284512,1.0,9.0,0.0,21.97309244131685,150.27857465387407,64.17359269980139,150.27857465387407,42.20050025848454,0.0,0.0,1.000000000000007,1.0359618534278634,0.9499999999534654,1.0359618534278636,9.0,0.0,31.864809855405863,150.27857465387407,64.17359269980139,0.0,0.0359618534278705,Support Only,Feasible,11
153,1.05,0.6,0.9,97.8,76.5,6,7,0.9385393148662172,1.0045905880658466,7.0,44.15931882219133,-6.126043756735967,150.27857465387407,53.758720222862465,106.11925583168276,47.6326764661265,0.0,0.0,1.0121865854952108,1.0,0.949999999999117,1.012186585495211,7.0,46.77485595776625,-6.783678966878881,150.27857465387407,53.758720222862465,0.0,0.0121865854952107,Support Only,Feasible,14
154,1.05,0.6,0.9,97.8,76.5,7,8,0.9294775781706636,1.0,7.0,7.588600659879404,37.214662452800994,150.27857465387407,53.758720222862465,142.68997399399467,16.54405777006147,0.0,0.0,1.0,1.0206140990081023,0.9499999999843384,1.0206140990081023,7.0,6.4698894536572595,41.07204955185273,150.27857465387407,53.758720222862465,0.0,0.0206140990081025,Support Only,Feasible,11
155,1.05,0.6,0.9,97.8,76.5,8,2,0.9358151276871032,1.0,9.0,0.0,20.459379586549787,150.27857465387407,53.758720222862465,150.27857465387407,33.29934063631268,0.0,0.0,1.0,1.0318378903172452,0.94999999999314,1.0318378903172454,9.0,0.0,29.106332788418385,150.27857465387407,53.758720222862465,0.0,0.0318378903172451,Support Only,Feasible,11
156,1.05,0.6,1.0,97.8,85.0,6,7,0.93834904765885,1.0043490145359046,7.0,44.447535087831994,-5.312470528608237,150.27857465387407,38.951893407124665,105.83103956604208,33.63942287851643,0.0,0.0,1.0123884934158842,1.0000000000000002,0.9499999999997246,1.0123884934158842,7.0,47.11004327397316,-5.981639219177957,150.27857465387407,38.951893407124665,0.0,0.0123884934158844,Support Only,Feasible,14
157,1.05,0.6,1.0,97.8,85.0,7,8,0.9310822047333508,1.0000000000000002,7.0,7.329043794237037,35.12191047375766,150.27857465387407,38.951893407124665,142.94953085963704,3.829982933367006,0.0,0.0,1.0,1.0190201498375524,0.9499999999708282,1.0190201498375522,7.0,6.299804118590288,38.63731671551245,150.27857465387407,38.951893407124665,0.0,0.0190201498375524,Support Only,Feasible,11
158,1.05,0.6,1.0,97.8,85.0,8,2,0.9374787830033948,1.0,9.0,0.0,19.22355405348619,150.27857465387407,38.951893407124665,150.27857465387407,19.728339353638475,0.0,0.0,1.000000000000001,1.0281642821419412,0.9499999999997744,1.028164282141941,9.0,0.0,26.76939932838527,150.27857465387407,38.951893407124665,0.0,0.0281642821419423,Support Only,Feasible,11
159,1.05,0.7,0.6,114.1,51.0,6,7,0.9407003095613272,1.0047012354796006,7.0,41.99342140425705,-7.263891289788816,138.31008640008872,78.36612788698956,96.31666499583169,71.10223659720074,0.0,0.0,1.009882047827238,1.0,0.9499999999797534,1.009882047827238,7.0,44.04568475195771,-7.798101931238747,138.31008640008872,78.36612788698956,0.0,0.0098820478272381,Support Only,Feasible,14
160,1.05,0.7,0.6,114.1,51.0,7,8,0.9229433726343766,1.0000000000000004,7.0,12.141504995579822,46.42001199190183,138.31008640008872,78.36612788698956,126.1685814045089,31.94611589508773,0.0,0.0,1.004849235955952,1.0268113072332297,0.9499999999998432,1.0268113072332297,9.0,11.691701743001945,51.229768647507754,138.31008640008872,78.36612788698956,0.0,0.0316605431891816,Support Only,Feasible,57
161,1.05,0.7,0.6,114.1,51.0,8,2,0.929456165380074,1.0,9.0,0.0,25.867731720267415,138.31008640008872,78.36612788698956,138.31008640008872,52.498396166722145,0.0,0.0,1.0000000000000042,1.0455880467746617,0.9499999993315148,1.0455880467746617,9.0,0.0,38.69376610834253,138.31008640008872,78.36612788698956,0.0,0.0455880467746658,Support Only,Feasible,11
162,1.05,0.7,0.7,114.1,59.49999999999999,6,7,0.940602029591952,1.0048887382535026,7.0,42.142443548074255,-7.309999011680063,138.31008640008872,72.12489168102786,96.16764285201448,64.8148926693478,0.0,0.0,1.0099867006614758,1.0000000000000016,0.9499999999842916,1.0099867006614758,7.0,44.21851622814208,-7.848530596761435,138.31008640008872,72.12489168102786,0.0,0.0099867006614773,Support Only,Feasible,14
163,1.05,0.7,0.7,114.1,59.49999999999999,7,8,0.9252455648646456,1.0,7.0,11.69094730338378,43.11767656905205,138.31008640008872,72.12489168102786,126.61913909670494,29.00721511197581,0.0,0.0,1.0033041412519266,1.0246416381328114,0.9499999060588518,1.0246416381328114,9.0,11.039040404734124,47.600049262904506,138.31008640008872,72.12489168102786,0.0,0.0279457793847379,Support Only,Feasible,353
164,1.05,0.7,0.7,114.1,59.49999999999999,8,2,0.931814672281795,1.0,9.0,0.0,23.772734760290433,138.31008640008872,72.12489168102786,138.31008640008872,48.35215692073743,0.0,0.0,1.0000000000000042,1.0405429915859647,0.9499999998004024,1.040542991585965,9.0,0.0,35.0565357831012,138.31008640008872,72.12489168102786,0.0,0.0405429915859689,Support Only,Feasible,11
165,1.05,0.7,0.8,114.1,68.0,6,7,0.9404711252947828,1.0049313528382835,7.0,42.340931172781666,-7.066563889982888,138.31008640008872,64.17359269980139,95.96915522730706,57.1070288098185,0.0,0.0,1.010125834240848,1.0000000000000038,0.9499999999903558,1.0101258342408477,7.0,44.4483461793842,-7.611883264731425,138.31008640008872,64.17359269980139,0.0,0.0101258342408516,Support Only,Feasible,14
166,1.05,0.7,0.8,114.1,68.0,7,8,0.9273003425907724,1.0000000000000002,7.0,11.311423873444198,40.241349332512755,138.31008640008872,64.17359269980139,126.99866252664452,23.932243367288635,0.0,0.0,1.0020228342412951,1.0226832769568708,0.9500000000000056,1.0226832769568706,9.0,10.4993961613971,44.40666339938683,138.31008640008872,64.17359269980139,0.0,0.0247061111981659,Support Only,Feasible,69
167,1.05,0.7,0.8,114.1,68.0,8,2,0.933930450284512,1.0,9.0,0.0,21.97309244131685,138.31008640008872,64.17359269980139,138.31008640008872,42.20050025848454,0.0,0.0,1.000000000000007,1.0359618534278634,0.9499999999534654,1.0359618534278636,9.0,0.0,31.864809855405863,138.31008640008872,64.17359269980139,0.0,0.0359618534278705,Support Only,Feasible,11
168,1.05,0.7,0.9,114.1,76.5,6,7,0.9403077898295382,1.0048291553806066,7.0,42.588588955307586,-6.533561068732553,138.31008640008872,53.758720222862465,95.72149744478114,47.22515915412991,0.0,0.0,1.0102992384925813,1.000000000000001,0.9499999999939118,1.0102992384925813,7.0,44.73487360766259,-7.088136693197569,138.31008640008872,53.758720222862465,0.0,0.0102992384925826,Support Only,Feasible,14
169,1.05,0.7,0.9,114.1,76.5,7,8,0.929122229187946,1.0000000000000004,7.0,10.998416108740855,37.76892281152327,138.31008640008872,53.758720222862465,127.31167029134788,15.989797411339197,0.0,0.0,1.000991821966019,1.020928706239279,0.949999995146243,1.020928706239279,7.0,10.066300244969227,41.631787671296266,138.31008640008872,53.758720222862465,0.0,0.0219205282052976,Support Only,Feasible,57
170,1.05,0.7,0.9,114.1,76.5,8,2,0.9358151276871032,1.0,9.0,0.0,20.459379586549787,138.31008640008872,53.758720222862465,138.31008640008872,33.29934063631268,0.0,0.0,1.0,1.0318378903172452,0.94999999999314,1.0318378903172454,9.0,0.0,29.106332788418385,138.31008640008872,53.758720222862465,0.0,0.0318378903172451,Support Only,Feasible,11
171,1.05,0.7,1.0,114.1,85.0,6,7,0.9401120812952918,1.004581645823004,7.0,42.88532576761415,-5.709941243486234,138.31008640008872,38.951893407124665,95.42476063247456,33.24195216363843,0.0,0.0,1.0105068416371243,1.0,0.9499999999971152,1.010506841637124,7.0,45.07803702937818,-6.276270202975958,138.31008640008872,38.951893407124665,0.0,0.0105068416371243,Support Only,Feasible,14
172,1.05,0.7,1.0,114.1,85.0,7,8,0.9307233234609232,1.0000000000000002,7.0,10.748137834598566,35.68201308579523,138.31008640008872,38.951893407124665,127.56194856549016,3.2698803213294383,0.0,0.0,1.004524977309837,1.019197555002629,0.9499999866937155,1.0191975550026289,7.0,10.676695815182256,38.95188998250304,138.31008640008872,38.951893407124665,0.0,0.0237225323124661,Support Only,Feasible,457
173,1.05,0.7,1.0,114.1,85.0,8,2,0.9374787830033948,1.0,9.0,0.0,19.22355405348619,138.31008640008872,38.951893407124665,138.31008640008872,19.728339353638475,0.0,0.0,1.000000000000001,1.0281642821419412,0.9499999999997744,1.028164282141941,9.0,0.0,26.76939932838527,138.31008640008872,38.951893407124665,0.0,0.0281642821419423,Support Only,Feasible,11
174,1.05,0.8,0.6,130.4,51.0,6,7,0.9417962517320488,1.0048516535496312,7.0,41.60966810716597,-7.52069103679851,123.06230129491324,78.36612788698956,81.45263318774727,70.84543685019105,0.0,0.0,1.0086984655169076,1.0000000000000062,0.9499999999833848,1.0086984655169071,7.0,43.35049702656546,-7.991985048242711,123.06230129491324,78.36612788698956,0.0,0.0086984655169137,Support Only,Feasible,13
175,1.05,0.8,0.6,130.4,51.0,7,8,0.922466474297611,1.0,7.0,16.668323556975125,47.16233854633715,123.06230129491324,78.36612788698956,106.39397773793812,31.203789340652406,0.0,0.0,1.015147041174287,1.0271851770722145,0.9499999999950504,1.027185177072214,9.0,18.26418234797792,51.32756031745534,123.06230129491324,78.36612788698956,0.0,0.0423322182465011,Support Only,Feasible,75
176,1.05,0.8,0.6,130.4,51.0,8,2,0.929456165380074,1.0,9.0,0.0,25.867731720267415,123.06230129491324,78.36612788698956,123.06230129491324,52.498396166722145,0.0,0.0,1.0000000000000042,1.0455880467746617,0.9499999993315148,1.0455880467746617,9.0,0.0,38.69376610834253,123.06230129491324,78.36612788698956,0.0,0.0455880467746658,Support Only,Feasible,11
177,1.05,0.8,0.7,130.4,59.49999999999999,6,7,0.9416901570526236,1.0050320670872228,7.0,41.770693746859266,-7.55473480812924,123.06230129491324,72.12489168102786,81.29160754805397,64.57015687289862,0.0,0.0,1.0088111108535351,1.0,0.949999999982402,1.008811110853535,7.0,43.53596045005027,-8.03099030701189,123.06230129491324,72.12489168102786,0.0,0.0088111108535351,Support Only,Feasible,13
178,1.05,0.8,0.7,130.4,59.49999999999999,7,8,0.9247695827866186,1.0000000000000002,7.0,16.222472724915818,43.85908524144563,123.06230129491324,72.12489168102786,106.83982856999742,28.265806439582235,0.0,0.0,1.0137896409434248,1.0246585928333858,0.9499999999999924,1.0246585928333856,9.0,17.687562004511776,47.63058279515079,123.06230129491324,72.12489168102786,0.0,0.0384482337768106,Support Only,Feasible,60
179,1.05,0.8,0.7,130.4,59.49999999999999,8,2,0.931814672281795,1.0,9.0,0.0,23.772734760290433,123.06230129491324,72.12489168102786,123.06230129491324,48.35215692073743,0.0,0.0,1.0000000000000042,1.0405429915859647,0.9499999998004024,1.040542991585965,9.0,0.0,35.0565357831012,123.06230129491324,72.12489168102786,0.0,0.0405429915859689,Support Only,Feasible,11
180,1.05,0.8,0.8,130.4,68.0,6,7,0.9415520487420088,1.0050679822380364,7.0,41.98030504172887,-7.29990335132878,123.06230129491324,64.17359269980139,81.08199625318437,56.87368934847261,0.0,0.0,1.0089575402467124,1.0,0.9499999999823804,1.008957540246712,7.0,43.77710808366892,-7.783476596509026,123.06230129491324,64.17359269980139,0.0,0.0089575402467123,Support Only,Feasible,14
181,1.05,0.8,0.8,130.4,68.0,7,8,0.926824428136398,1.0000000000000004,7.0,15.848628784844394,40.983135379893625,123.06230129491324,64.17359269980139,107.21367251006885,23.190457319907765,0.0,0.0,1.0125932771807398,1.0227068054987634,0.9499999999999222,1.0227068054987634,9.0,17.18077198564866,44.44870677144314,123.06230129491324,64.17359269980139,0.0,0.0353000826795031,Support Only,Feasible,56
182,1.05,0.8,0.8,130.4,68.0,8,2,0.933930450284512,1.0,9.0,0.0,21.97309244131685,123.06230129491324,64.17359269980139,123.06230129491324,42.20050025848454,0.0,0.0,1.000000000000007,1.0359618534278634,0.9499999999534654,1.0359618534278636,9.0,0.0,31.864809855405863,123.06230129491324,64.17359269980139,0.0,0.0359618534278705,Support Only,Feasible,11
183,1.05,0.8,0.9,130.4,76.5,6,7,0.9413821019629433,1.0049594441174383,7.0,42.238233656483104,-6.756118364284298,123.06230129491324,53.758720222862465,80.82406763843014,47.00260185857817,0.0,0.0,1.0091375620709822,1.0,0.9499999999896892,1.009137562070982,7.0,44.073671831359135,-7.249371115599423,123.06230129491324,53.758720222862465,0.0,0.0091375620709821,Support Only,Feasible,14
184,1.05,0.8,0.9,130.4,76.5,7,8,0.9286456175910196,1.0000000000000002,7.0,15.542209908871584,38.512256686809735,123.06230129491324,53.758720222862465,107.52009138604166,15.24646353605273,0.0,0.0,1.0116418858771683,1.020958476943235,0.9499999999999728,1.0209584769432347,9.0,16.77870585577206,41.68474381714567,123.06230129491324,53.758720222862465,0.0,0.0326003628204032,Support Only,Feasible,68
185,1.05,0.8,0.9,130.4,76.5,8,2,0.9358151276871032,1.0,9.0,0.0,20.459379586549787,123.06230129491324,53.758720222862465,123.06230129491324,33.29934063631268,0.0,0.0,1.0,1.0318378903172452,0.94999999999314,1.0318378903172454,9.0,0.0,29.106332788418385,123.06230129491324,53.758720222862465,0.0,0.0318378903172451,Support Only,Feasible,11
186,1.05,0.8,1.0,130.4,85.0,6,7,0.94118036104311,1.0047059259558526,7.0,42.54440926309228,-5.922284528156801,123.06230129491324,38.951893407124665,80.51789203182096,33.02960887896786,0.0,0.0,1.0093511185900357,1.0,0.9499999999949164,1.0093511185900352,7.0,44.42561478490863,-6.427609710001477,123.06230129491324,38.951893407124665,0.0,0.0093511185900354,Support Only,Feasible,14
187,1.05,0.8,1.0,130.4,85.0,7,8,0.9302453136229176,1.0000000000000004,7.0,15.299380285399266,36.42797101538442,123.06230129491324,38.951893407124665,107.76292100951396,2.5239223917402427,0.0,0.0,1.016026174282728,1.019197585917028,0.9499999999767348,1.0191975693658435,7.0,17.563328228356326,38.951893407124665,123.06230129491324,38.951893407124665,0.0,0.0352237601997562,Support Only,Feasible,61
188,1.05,0.8,1.0,130.4,85.0,8,2,0.9374787830033948,1.0,9.0,0.0,19.22355405348619,123.06230129491324,38.951893407124665,123.06230129491324,19.728339353638475,0.0,0.0,1.000000000000001,1.0281642821419412,0.9499999999997744,1.028164282141941,9.0,0.0,26.76939932838527,123.06230129491324,38.951893407124665,0.0,0.0281642821419423,Support Only,Feasible,11
189,1.05,0.9,0.6,146.70000000000002,51.0,6,7,0.9422233975214336,1.004898918499905,7.0,42.41058057915785,-7.601383643831923,103.09025172148915,78.36612788698956,60.6796711423313,70.76474424315764,0.0,0.0,1.0082154179414782,1.000000000000002,0.9499999999844788,1.0082154179414782,7.0,43.98217208715255,-8.049470315205681,103.09025172148915,78.36612788698956,0.0,0.0082154179414801,Support Only,Feasible,13
190,1.05,0.9,0.6,146.70000000000002,51.0,7,8,0.9218543642061604,1.0000000000000002,7.0,22.394822362917154,48.11501494947901,103.09025172148915,78.36612788698956,80.695429358572,30.251112937510555,0.0,0.0,1.027357943055396,1.026859520043727,0.9499999975585622,1.0273579430553956,9.0,26.237872274222127,51.31657170329676,103.09025172148915,78.36612788698956,0.0,0.0542174630991227,Support Only,Feasible,68
191,1.05,0.9,0.6,146.70000000000002,51.0,8,2,0.929456165380074,1.0,9.0,0.0,25.867731720267415,103.09025172148915,78.36612788698956,103.09025172148915,52.498396166722145,0.0,0.0,1.0000000000000042,1.0455880467746617,0.9499999993315148,1.0455880467746617,9.0,0.0,38.69376610834253,103.09025172148915,78.36612788698956,0.0,0.0455880467746658,Support Only,Feasible,11
192,1.05,0.9,0.7,146.70000000000002,59.49999999999999,6,7,0.942109457330928,1.0050726040311977,7.0,42.58368375056375,-7.623952145062319,103.09025172148915,72.12489168102786,60.5065679709254,64.50093953596554,0.0,0.0,1.0083358921743062,1.0,0.949999999984619,1.008335892174306,7.0,44.18016821579283,-8.077556645093281,103.09025172148915,72.12489168102786,0.0,0.0083358921743061,Support Only,Feasible,13
193,1.05,0.9,0.7,146.70000000000002,59.49999999999999,7,8,0.9241618444695832,1.0,7.0,21.950302706432964,44.805608308702574,103.09025172148915,72.12489168102786,81.13994901505619,27.319283372325287,0.0,0.0,1.025991073669932,1.024702798403492,0.9500000000000004,1.0259910736699325,9.0,25.652397106242063,47.70982926264537,103.09025172148915,72.12489168102786,0.0,0.050693872073424,Support Only,Feasible,53
194,1.05,0.9,0.7,146.70000000000002,59.49999999999999,8,2,0.931814672281795,1.0,9.0,0.0,23.772734760290433,103.09025172148915,72.12489168102786,103.09025172148915,48.35215692073743,0.0,0.0,1.0000000000000042,1.0405429915859647,0.9499999998004024,1.040542991585965,9.0,0.0,35.0565357831012,103.09025172148915,72.12489168102786,0.0,0.0405429915859689,Support Only,Feasible,11
195,1.05,0.9,0.8,146.70000000000002,68.0,6,7,0.9419639045572415,1.00510202454682,7.0,42.80481071897984,-7.358041738433485,103.09025172148915,64.17359269980139,60.28544100250931,56.815550961367904,0.0,0.0,1.0084896112440267,1.0000000000000018,0.9499999999863488,1.0084896112440267,7.0,44.43286905070735,-7.819474344992415,103.09025172148915,64.17359269980139,0.0,0.0084896112440284,Support Only,Feasible,14
196,1.05,0.9,0.8,146.70000000000002,68.0,7,8,0.9262197379444566,1.0,7.0,21.57931453797488,41.925525870250425,103.09025172148915,64.17359269980139,81.51093718351427,22.248066829550964,0.0,0.0,1.024875903485048,1.0227569565394168,0.949999999999946,1.0248759034850483,9.0,25.176037554091835,44.53827384435221,103.09025172148915,64.17359269980139,0.0,0.0476328600244648,Support Only,Feasible,58
197,1.05,0.9,0.8,146.70000000000002,68.0,8,2,0.933930450284512,1.0,9.0,0.0,21.97309244131685,103.09025172148915,64.17359269980139,103.09025172148915,42.20050025848454,0.0,0.0,1.000000000000007,1.0359618534278634,0.9499999999534654,1.0359618534278636,9.0,0.0,31.864809855405863,103.09025172148915,64.17359269980139,0.0,0.0359618534278705,Support Only,Feasible,11
198,1.05,0.9,0.9,146.70000000000002,76.5,6,7,0.941786898532748,1.0049871963133004,7.0,43.07371687538273,-6.803524247850035,103.09025172148915,53.758720222862465,60.016534846106424,46.95519597501243,0.0,0.0,1.0086763998506756,1.0000000000000024,0.9499999999925294,1.0086763998506756,7.0,44.74003552715595,-7.275104050721893,103.09025172148915,53.758720222862465,0.0,0.008676399850678,Support Only,Feasible,14
199,1.05,0.9,0.9,146.70000000000002,76.5,7,8,0.9280427996789568,1.0000000000000002,7.0,21.2771631640029,39.45231375116634,103.09025172148915,53.758720222862465,81.81308855748625,14.30640647169612,0.0,0.0,1.0240003546870409,1.0210143809472276,0.9499999999923378,1.0240003546870409,9.0,24.802856514746793,41.784189251813416,103.09025172148915,53.758720222862465,0.0,0.0450147356342685,Support Only,Feasible,48
200,1.05,0.9,0.9,146.70000000000002,76.5,8,2,0.9358151276871032,1.0,9.0,0.0,20.459379586549787,103.09025172148915,53.758720222862465,103.09025172148915,33.29934063631268,0.0,0.0,1.0,1.0318378903172452,0.94999999999314,1.0318378903172454,9.0,0.0,29.106332788418385,103.09025172148915,53.758720222862465,0.0,0.0318378903172451,Support Only,Feasible,11
201,1.05,0.9,1.0,146.70000000000002,85.0,6,7,0.941578470578002,1.0047275662805677,7.0,43.390351544708494,-5.959258875574825,103.09025172148915,38.951893407124665,59.69990017678066,32.99263453154984,0.0,0.0,1.0088962132656212,1.000000000000004,0.949999999996734,1.0088962132656207,7.0,45.101653604429714,-6.443338860286069,103.09025172148915,38.951893407124665,0.0,0.0088962132656251,Support Only,Feasible,14
202,1.05,0.9,1.0,146.70000000000002,85.0,7,8,0.9296433036112004,1.0,7.0,21.039923454510685,37.36732499204432,103.09025172148915,38.951893407124665,82.05032826697847,1.5845684150803407,0.0,0.0,1.0297938423980797,1.0191975833998248,0.9499999999999872,1.0297938423980797,7.0,25.869345623593404,38.951893407124665,103.09025172148915,38.951893407124665,0.0,0.0489914257979042,Support Only,Feasible,55
203,1.05,0.9,1.0,146.70000000000002,85.0,8,2,0.9374787830033948,1.0,9.0,0.0,19.22355405348619,103.09025172148915,38.951893407124665,103.09025172148915,19.728339353638475,0.0,0.0,1.000000000000001,1.0281642821419412,0.9499999999997744,1.028164282141941,9.0,0.0,26.76939932838527,103.09025172148915,38.951893407124665,0.0,0.0281642821419423,Support Only,Feasible,11
204,1.05,1.0,0.6,163.0,51.0,6,7,0.941994369401142,1.004846922056476,7.0,44.38022269760961,-7.512613242907577,74.69598382778022,78.36612788698956,30.315761130170618,70.85351464408198,0.0,0.0,1.0084140788055729,1.0,0.9499999999894128,1.0084140788055729,7.0,45.90424306064298,-7.976528302804312,74.69598382778022,78.36612788698956,0.0,0.0084140788055728,Support Only,Feasible,14
205,1.05,1.0,0.6,163.0,51.0,7,8,0.9210988223279474,1.0000000000000002,7.0,29.401948199326853,49.290744070098086,74.69598382778022,78.36612788698956,45.29403562845337,29.07538381689147,0.0,0.0,1.0410689002599494,1.0269242550983728,0.949999999996701,1.0410689002599494,9.0,35.443168810610416,51.43306955073619,74.69598382778022,78.36612788698956,0.0,0.0679931553583221,Support Only,Feasible,42
206,1.05,1.0,0.6,163.0,51.0,8,2,0.929456165380074,1.0,9.0,0.0,25.867731720267415,74.69598382778022,78.36612788698956,74.69598382778022,52.498396166722145,0.0,0.0,1.0000000000000042,1.0455880467746617,0.9499999993315148,1.0455880467746617,9.0,0.0,38.69376610834253,74.69598382778022,78.36612788698956,0.0,0.0455880467746658,Support Only,Feasible,11
207,1.05,1.0,0.7,163.0,59.49999999999999,6,7,0.9418724161608164,1.0050141816481857,7.0,44.56568757100892,-7.524195197049451,74.69598382778022,72.12489168102786,30.130296256771302,64.60069648397841,0.0,0.0,1.0085423158907425,1.0,0.9499999999929948,1.0085423158907425,7.0,46.11487586130022,-7.99412224022656,74.69598382778022,72.12489168102786,0.0,0.0085423158907422,Support Only,Feasible,14
208,1.05,1.0,0.7,163.0,59.49999999999999,7,8,0.9234143835661696,1.0,7.0,28.95500311604104,45.96956621339034,74.69598382778022,72.12489168102786,45.740980711739184,26.155325467637525,0.0,0.0,1.0397848572992268,1.0247731366344608,0.9499999999999974,1.0397848572992263,9.0,34.887381705634795,47.8359590562595,74.69598382778022,72.12489168102786,0.0,0.0645579939336875,Support Only,Feasible,67
209,1.05,1.0,0.7,163.0,59.49999999999999,8,2,0.931814672281795,1.0,9.0,0.0,23.772734760290433,74.69598382778022,72.12489168102786,74.69598382778022,48.35215692073743,0.0,0.0,1.0000000000000042,1.0405429915859647,0.9499999998004024,1.040542991585965,9.0,0.0,35.0565357831012,74.69598382778022,72.12489168102786,0.0,0.0405429915859689,Support Only,Feasible,11
210,1.05,1.0,0.8,163.0,68.0,6,7,0.9417190590646728,1.0050372627868265,7.0,44.79890716732859,-7.247439828715798,74.69598382778022,64.17359269980139,29.89707666045163,56.92615287108559,0.0,0.0,1.0087033996097547,1.0,0.9499999999961743,1.0087033996097547,7.0,46.37953508489046,-7.725704766521346,74.69598382778022,64.17359269980139,0.0,0.0087033996097547,Support Only,Feasible,14
211,1.05,1.0,0.8,163.0,68.0,7,8,0.9254785160233052,1.0000000000000002,7.0,28.58375750928587,43.0805247186028,74.69598382778022,64.17359269980139,46.11222631849435,21.093067981198587,0.0,0.0,1.0387470344151006,1.0228327216150248,0.949999999999874,1.0387470344151004,9.0,34.439318100271436,44.673635644404754,74.69598382778022,64.17359269980139,0.0,0.0615797560301254,Support Only,Feasible,90
212,1.05,1.0,0.8,163.0,68.0,8,2,0.933930450284512,1.0,9.0,0.0,21.97309244131685,74.69598382778022,64.17359269980139,74.69598382778022,42.20050025848454,0.0,0.0,1.000000000000007,1.0359618534278634,0.9499999999534654,1.0359618534278636,9.0,0.0,31.864809855405863,74.69598382778022,64.17359269980139,0.0,0.0359618534278705,Support Only,Feasible,11
213,1.05,1.0,0.9,163.0,76.5,6,7,0.9415344431709488,1.0049161545746297,7.0,45.079658259315295,-6.682171813140343,74.69598382778022,53.758720222862465,29.61632556846493,47.07654840972212,0.0,0.0,1.0088971693618234,1.0,0.94999999999854,1.0088971693618234,7.0,46.698007783439806,-7.171112313945194,74.69598382778022,53.758720222862465,0.0,0.0088971693618233,Support Only,Feasible,14
214,1.05,1.0,0.9,163.0,76.5,7,8,0.9273061931235757,1.0000000000000002,7.0,28.28334557585862,40.60083727092071,74.69598382778022,53.758720222862465,46.41263825192161,13.157882951941758,0.0,0.0,1.0379436926911882,1.0210953781567544,0.9499999999932348,1.037943692691188,9.0,34.09319357370168,41.92844071037261,74.69598382778022,53.758720222862465,0.0,0.0590390708479426,Support Only,Feasible,141
215,1.05,1.0,0.9,163.0,76.5,8,2,0.9358151276871032,1.0,9.0,0.0,20.459379586549787,74.69598382778022,53.758720222862465,74.69598382778022,33.29934063631268,0.0,0.0,1.0,1.0318378903172452,0.94999999999314,1.0318378903172454,9.0,0.0,29.106332788418385,74.69598382778022,53.758720222862465,0.0,0.0318378903172451,Support Only,Feasible,11
216,1.05,1.0,1.0,163.0,85.0,6,7,0.9413185871086696,1.0046502777451003,7.0,45.40790935720344,-5.827204786996447,74.69598382778022,38.951893407124665,29.288074470576788,33.12468862012822,0.0,0.0,1.0091235927185205,1.0000000000000018,0.9499999999997092,1.0091235927185205,7.0,47.07030174453834,-6.32919549760868,74.69598382778022,38.951893407124665,0.0,0.009123592718522,Support Only,Feasible,14
217,1.05,1.0,1.0,163.0,85.0,7,8,0.928909858357387,1.0,7.0,28.04970556216314,38.511602269250595,74.69598382778022,38.951893407124665,46.646278265617084,0.4402911378740697,0.0,0.0,1.0456339399025385,1.019197583440665,0.9500000007338864,1.0456339399025387,7.0,35.52628956836044,38.951893407124665,74.69598382778022,38.951893407124665,0.0,0.0648315233432035,Support Only,Feasible,51
218,1.05,1.0,1.0,163.0,85.0,8,2,0.9374787830033948,1.0,9.0,0.0,19.22355405348619,74.69598382778022,38.951893407124665,74.69598382778022,19.728339353638475,0.0,0.0,1.000000000000001,1.0281642821419412,0.9499999999997744,1.028164282141941,9.0,0.0,26.76939932838527,74.69598382778022,38.951893407124665,0.0,0.0281642821419423,Support Only,Feasible,11
219,1.1,0.6,0.6,97.8,51.0,3,6,0.9460176071499468,1.0,9.0,26.35145394052367,0.0,150.27857465387407,78.36612788698956,123.9271207133504,78.36612788698956,0.0,0.0,1.0079114315187996,1.0,0.949999999885352,1.0079114315187994,9.0,28.43677229746754,0.0,150.27857465387407,78.36612788698956,0.0,0.0079114315187995,Support Only,Feasible,11
220,1.1,0.6,0.6,97.8,51.0,6,7,0.932461217800868,1.003272485102599,7.0,49.985198250622005,-4.8246697855589105,150.27857465387407,78.36612788698956,100.29337640325208,73.54145810143065,0.0,0.0,1.0206329360328643,1.0000000000000042,0.9499999999705194,1.020632936032864,9.0,54.424716405289615,-5.962600444426116,150.27857465387407,78.36612788698956,0.0,0.0206329360328685,Support Only,Feasible,11
221,1.1,0.6,0.6,97.8,51.0,7,8,0.914683612231744,1.0000000000000004,7.0,11.259941942232077,53.82396068657694,150.27857465387407,78.36612788698956,139.018632711642,24.54216720041262,0.0,0.0,1.0063947954561954,1.0345532978544516,0.9499999999998668,1.0345532978544518,9.0,10.753421718957869,59.92073771469056,150.27857465387407,78.36612788698956,0.0,0.0409480933106469,Support Only,Feasible,73
222,1.1,0.6,0.7,97.8,59.49999999999999,3,6,0.9460176071499468,1.0,9.0,26.35145394052367,0.0,150.27857465387407,72.12489168102786,123.9271207133504,72.12489168102786,0.0,0.0,1.0079114315187996,1.0,0.949999999885352,1.0079114315187994,9.0,28.43677229746754,0.0,150.27857465387407,72.12489168102786,0.0,0.0079114315187995,Support Only,Feasible,11
223,1.1,0.6,0.7,97.8,59.49999999999999,6,7,0.9323865638820455,1.0034886825761204,7.0,50.09785270121705,-4.919384018537571,150.27857465387407,72.12489168102786,100.18072195265702,67.20550766249029,0.0,0.0,1.0211696964977566,1.0,0.9499999999708634,1.0211696964977566,9.0,54.659759520543815,-6.0834617030745335,150.27857465387407,72.12489168102786,0.0,0.0211696964977565,Support Only,Feasible,11
224,1.1,0.6,0.7,97.8,59.49999999999999,7,8,0.9172279455635672,1.0,7.0,10.715600315042591,50.17336193604194,150.27857465387407,72.12489168102786,139.56297433883148,21.95152974498592,0.0,0.0,1.0044480512095708,1.0322261205756131,0.9500000885100498,1.0322261205756134,9.0,9.915792429872283,55.956299924507846,150.27857465387407,72.12489168102786,0.0,0.0366741717851839,Support Only,Feasible,142
225,1.1,0.6,0.8,97.8,68.0,3,6,0.9460176071499468,1.0,9.0,26.35145394052367,0.0,150.27857465387407,64.17359269980139,123.9271207133504,64.17359269980139,0.0,0.0,1.0079114315187996,1.0,0.949999999885352,1.0079114315187994,9.0,28.43677229746754,0.0,150.27857465387407,64.17359269980139,0.0,0.0079114315187995,Support Only,Feasible,11
226,1.1,0.6,0.8,97.8,68.0,6,7,0.9322769229651096,1.003557621805886,7.0,50.26330118497066,-4.7204653231874545,150.27857465387407,64.17359269980139,100.01527346890342,59.453127376613935,0.0,0.0,1.0219528044459527,1.0000000000000044,0.9499999999711942,1.0219528044459525,9.0,55.00315244532376,-5.925450179306118,150.27857465387407,64.17359269980139,0.0,0.0219528044459571,Support Only,Feasible,11
227,1.1,0.6,0.8,97.8,68.0,7,8,0.9195038997757228,1.0000000000000004,7.0,10.248565030491848,46.97802771779786,150.27857465387407,64.17359269980139,140.03000962338223,17.195564982003532,0.0,0.0,1.0027858061154222,1.0301173844220235,0.9499999999998828,1.0301173844220235,9.0,9.203385371919865,52.44747576799874,150.27857465387407,64.17359269980139,0.0,0.0329031905374457,Support Only,Feasible,52
228,1.1,0.6,0.9,97.8,76.5,3,6,0.9460176071499468,1.0,9.0,26.35145394052367,0.0,150.27857465387407,53.758720222862465,123.9271207133504,53.758720222862465,0.0,0.0,1.0079114315187996,1.0,0.949999999885352,1.0079114315187994,9.0,28.43677229746754,0.0,150.27857465387407,53.758720222862465,0.0,0.0079114315187995,Support Only,Feasible,11
229,1.1,0.6,0.9,97.8,76.5,6,7,0.9321325672304068,1.0034795194780506,7.0,50.48113055528472,-4.228129567662286,150.27857465387407,53.758720222862465,99.79744409858937,49.53059065520018,0.0,0.0,1.0229803380201836,1.0,0.9499999999706344,1.0229803380201832,9.0,55.45458311720682,-5.488737699813903,150.27857465387407,53.758720222862465,0.0,0.0229803380201836,Support Only,Feasible,11
230,1.1,0.6,0.9,97.8,76.5,7,8,0.9215291527703862,1.0000000000000002,7.0,9.85331578591095,44.21128307266339,150.27857465387407,53.758720222862465,140.42525886796312,9.547437150199071,0.0,0.0,1.001207659077613,1.0288970264786816,0.9499999999999982,1.0288970264786814,9.0,8.529316313726639,49.518322233574665,150.27857465387407,53.758720222862465,0.0,0.0301046855562949,Support Only,Feasible,71
231,1.1,0.6,1.0,97.8,85.0,3,6,0.9460176071499468,1.0,9.0,26.35145394052367,0.0,150.27857465387407,38.951893407124665,123.9271207133504,38.951893407124665,0.0,0.0,1.0079114315187996,1.0,0.949999999885352,1.0079114315187994,9.0,28.43677229746754,0.0,150.27857465387407,38.951893407124665,0.0,0.0079114315187995,Support Only,Feasible,11
232,1.1,0.6,1.0,97.8,85.0,6,7,0.9319536163059764,1.003253989846594,7.0,50.75115711631443,-3.441522895499716,150.27857465387407,38.951893407124665,99.52741753755964,35.51037051162495,0.0,0.0,1.0242512979540033,1.0,0.9499999999709224,1.0242512979540033,9.0,56.01430484800056,-4.772585524646971,150.27857465387407,38.951893407124665,0.0,0.0242512979540032,Support Only,Feasible,11
233,1.1,0.6,1.0,97.8,85.0,7,8,0.9060480363008464,1.0,7.0,10.467433994323612,38.951893407124665,150.27857465387407,38.951893407124665,139.81114065955046,0.0,0.0,2.449319955233495,1.0499999999865743,1.0499246705033856,0.9499999996587422,1.049999999986574,7.0,20.199686049154963,43.90484283250073,150.2785746538748,43.90484283250073,2.449319955233495,0.0999246704899599,Headroom + Support,Feasible,101
234,1.1,0.7,0.6,114.1,51.0,3,6,0.9481063341813174,1.0000000000000002,9.0,25.05447289599536,0.0,138.31008640008872,78.36612788698956,113.25561350409336,78.36612788698956,0.0,0.0,1.0037627540233065,1.0,0.9499999997155752,1.003762754023306,9.0,26.018704890758897,0.0,138.31008640008872,78.36612788698956,0.0,0.0037627540233062,Support Only,Feasible,11
235,1.1,0.7,0.6,114.1,51.0,6,7,0.9345485941206154,1.0036024588640196,7.0,47.94713564458232,-5.388014858571665,138.31008640008872,78.36612788698956,90.3629507555064,72.9781130284179,0.0,0.0,1.0162943025158688,1.0,0.9499999999999692,1.0162943025158688,7.0,51.345327998793266,-6.282578493963783,138.31008640008872,78.36612788698956,0.0,0.0162943025158688,Support Only,Feasible,14
236,1.1,0.7,0.6,114.1,51.0,7,8,0.9143591656779838,1.0000000000000002,7.0,14.595860414122685,54.32544929699701,138.31008640008872,78.36612788698956,123.71422598596604,24.040678589992552,0.0,0.0,1.0144055013916475,1.0345134215013496,0.9499999931527042,1.0345134215013496,7.0,15.777468387286604,59.84812669500765,138.31008640008872,78.36612788698956,0.0,0.0489189228929971,Support Only,Feasible,85
237,1.1,0.7,0.7,114.1,59.49999999999999,3,6,0.9481063341813174,1.0000000000000002,9.0,25.05447289599536,0.0,138.31008640008872,72.12489168102786,113.25561350409336,72.12489168102786,0.0,0.0,1.0037627540233065,1.0,0.9499999997155752,1.003762754023306,9.0,26.018704890758897,0.0,138.31008640008872,72.12489168102786,0.0,0.0037627540233062,Support Only,Feasible,11
238,1.1,0.7,0.7,114.1,59.49999999999999,6,7,0.93446533498507,1.0038105931513706,7.0,48.07290218956743,-5.469051263143882,138.31008640008872,72.12489168102786,90.23718421052128,66.65584041788398,0.0,0.0,1.016382623428813,1.0,0.9499999999999896,1.016382623428813,7.0,51.49271215288678,-6.365963015145766,138.31008640008872,72.12489168102786,0.0,0.0163826234288129,Support Only,Feasible,14
239,1.1,0.7,0.7,114.1,59.49999999999999,7,8,0.9169007361064724,1.0,7.0,14.059401049261991,50.67952674583586,138.31008640008872,72.12489168102786,124.25068535082671,21.445364935192003,0.0,0.0,1.012561449932473,1.032196522896852,0.9499999991286016,1.032196522896852,9.0,14.982499561504255,55.89933511026976,138.31008640008872,72.12489168102786,0.0,0.0447579728293252,Support Only,Feasible,195
240,1.1,0.7,0.8,114.1,68.0,3,6,0.9481063341813174,1.0000000000000002,9.0,25.05447289599536,0.0,138.31008640008872,64.17359269980139,113.25561350409336,64.17359269980139,0.0,0.0,1.0037627540233065,1.0,0.9499999997155752,1.003762754023306,9.0,26.018704890758897,0.0,138.31008640008872,64.17359269980139,0.0,0.0037627540233062,Support Only,Feasible,11
241,1.1,0.7,0.8,114.1,68.0,6,7,0.9343481198284338,1.0038721658999072,7.0,48.24995833768355,-5.257653495171311,138.31008640008872,64.17359269980139,90.06012806240517,58.91593920463008,0.0,0.0,1.0165063891980983,1.0,0.9499999746966832,1.0165063891980983,7.0,51.69932539390854,-6.159907524838182,138.31008640008872,64.17359269980139,0.0,0.0165063891980983,Support Only,Feasible,11
242,1.1,0.7,0.8,114.1,68.0,7,8,0.919173584158424,1.0000000000000002,7.0,13.600693894254675,47.48938304503281,138.31008640008872,64.17359269980139,124.70939250583405,16.68420965476858,0.0,0.0,1.0109967013947516,1.030093414390376,0.9499999999999328,1.030093414390376,9.0,14.310392624349618,52.40420366527752,138.31008640008872,64.17359269980139,0.0,0.0410901157851275,Support Only,Feasible,65
243,1.1,0.7,0.9,114.1,76.5,3,6,0.9481063341813174,1.0000000000000002,9.0,25.05447289599536,0.0,138.31008640008872,53.758720222862465,113.25561350409336,53.758720222862465,0.0,0.0,1.0037627540233065,1.0,0.9499999997155752,1.003762754023306,9.0,26.018704890758897,0.0,138.31008640008872,53.758720222862465,0.0,0.0037627540233062,Support Only,Feasible,11
244,1.1,0.7,0.9,114.1,76.5,6,7,0.9341971947971434,1.0037873551853456,7.0,48.47792980451999,-4.75397129347553,138.31008640008872,53.758720222862465,89.83215659556873,49.004748929386935,0.0,0.0,1.017195213840116,1.000000000000009,0.9499999999350704,1.017195213840116,9.0,52.078426246199456,-5.69342386046705,138.31008640008872,53.758720222862465,0.0,0.0171952138401252,Support Only,Feasible,11
245,1.1,0.7,0.9,114.1,76.5,7,8,0.9211954069514832,1.0,7.0,13.21420061563768,44.72831716561586,138.31008640008872,53.758720222862465,125.09588578445104,9.030403057246602,0.0,0.0,1.0096948039366285,1.0282019125493058,0.9499999999995146,1.0282019125493058,9.0,13.752906760035756,49.34391610340471,138.31008640008872,53.758720222862465,0.0,0.0378967164859342,Support Only,Feasible,137
246,1.1,0.7,1.0,114.1,85.0,3,6,0.9481063341813174,1.0000000000000002,9.0,25.05447289599536,0.0,138.31008640008872,38.951893407124665,113.25561350409336,38.951893407124665,0.0,0.0,1.0037627540233065,1.0,0.9499999997155752,1.003762754023306,9.0,26.018704890758897,0.0,138.31008640008872,38.951893407124665,0.0,0.0037627540233062,Support Only,Feasible,11
247,1.1,0.7,1.0,114.1,85.0,6,7,0.9340126609417204,1.003555744680985,7.0,48.75666077958235,-3.9570985254018183,138.31008640008872,38.951893407124665,89.55342562050637,34.99479488172285,0.0,0.0,1.0185143502463978,1.0,0.9499999999414678,1.0185143502463982,9.0,52.645036741339425,-4.969243110295643,138.31008640008872,38.951893407124665,0.0,0.0185143502463978,Support Only,Feasible,11
248,1.1,0.7,1.0,114.1,85.0,7,8,0.9025008134993718,1.0,7.0,14.02068267142826,38.951893407124665,138.31008640008872,38.951893407124665,124.28940372866046,0.0,0.0,2.782495967099466,1.0499999999765126,1.049950099858845,0.9499999999262302,1.049999999976513,7.0,23.061219160780695,44.52563341042984,138.31008640008872,44.52563341042984,2.782495967099466,0.0999500998353573,Headroom + Support,Feasible,111
249,1.1,0.8,0.6,130.4,51.0,3,6,0.9494528445010252,1.0,9.0,24.720771493201667,0.0,123.06230129491324,78.36612788698956,98.34152980171156,78.36612788698956,0.0,0.0,1.0010846540986298,1.0,0.949999999489296,1.0010846540986302,9.0,24.989941588727064,0.0,123.06230129491324,78.36612788698956,0.0,0.0010846540986297,Support Only,Feasible,11
250,1.1,0.8,0.6,130.4,51.0,6,7,0.935909398297947,1.0038166874087862,7.0,47.174105203466056,-5.75375474536969,123.06230129491324,78.36612788698956,75.88819609144718,72.61237314161987,0.0,0.0,1.0148340479307836,1.0,0.949999999999484,1.0148340479307834,7.0,50.15893575210019,-6.568240336840617,123.06230129491324,78.36612788698956,0.0,0.0148340479307835,Support Only,Feasible,14
251,1.1,0.8,0.6,130.4,51.0,7,8,0.9138974888676604,1.0000000000000002,7.0,19.08717408531551,55.03898116699288,123.06230129491324,78.36612788698956,103.97512720959772,23.327146719996676,0.0,0.0,1.0242804824422458,1.03450350393141,0.9499999865998936,1.0345035039314103,7.0,22.18863550163705,59.830069504637024,123.06230129491324,78.36612788698956,0.0,0.0587839863736558,Support Only,Feasible,70
252,1.1,0.8,0.7,130.4,59.49999999999999,3,6,0.9494528445010252,1.0,9.0,24.720771493201667,0.0,123.06230129491324,72.12489168102786,98.34152980171156,72.12489168102786,0.0,0.0,1.0010846540986298,1.0,0.949999999489296,1.0010846540986302,9.0,24.989941588727064,0.0,123.06230129491324,72.12489168102786,0.0,0.0010846540986297,Support Only,Feasible,11
253,1.1,0.8,0.7,130.4,59.49999999999999,6,7,0.9358178396549796,1.0040173014415197,7.0,47.312548556586265,-5.822008726728924,123.06230129491324,72.12489168102786,75.74975273832698,66.30288295429894,0.0,0.0,1.0149308337787926,1.000000000000011,0.949999999999725,1.0149308337787928,7.0,50.319873973865654,-6.639606325508183,123.06230129491324,72.12489168102786,0.0,0.0149308337788038,Support Only,Feasible,14
254,1.1,0.8,0.7,130.4,59.49999999999999,7,8,0.9164402621803416,1.0000000000000002,7.0,18.554705804581506,51.39177104223225,123.06230129491324,72.12489168102786,104.50759549033174,20.73312063879561,0.0,0.0,1.0225357199909977,1.032191899787379,0.9499999720850286,1.032191899787379,9.0,21.43296237892899,55.89442806313477,123.06230129491324,72.12489168102786,0.0,0.0547276197783763,Support Only,Feasible,80
255,1.1,0.8,0.8,130.4,68.0,3,6,0.9494528445010252,1.0,9.0,24.720771493201667,0.0,123.06230129491324,64.17359269980139,98.34152980171156,64.17359269980139,0.0,0.0,1.0010846540986298,1.0,0.949999999489296,1.0010846540986302,9.0,24.989941588727064,0.0,123.06230129491324,64.17359269980139,0.0,0.0010846540986297,Support Only,Feasible,11
256,1.1,0.8,0.8,130.4,68.0,6,7,0.9356930818503404,1.0040718602651908,7.0,47.50118870496972,-5.598697595875279,123.06230129491324,64.17359269980139,75.56111258994352,58.57489510392611,0.0,0.0,1.0150622760853896,1.000000000000009,0.949999999999885,1.0150622760853896,7.0,50.53848808131248,-6.422253618749387,123.06230129491324,64.17359269980139,0.0,0.0150622760853988,Support Only,Feasible,14
257,1.1,0.8,0.8,130.4,68.0,7,8,0.9187134223835752,1.0000000000000002,7.0,18.10100698075034,48.201682105061664,123.06230129491324,64.17359269980139,104.9612943141629,15.971910594739724,0.0,0.0,1.0210626220019388,1.0300979972135818,0.9499999458545064,1.030097997213582,9.0,20.79715560174681,52.41253378684186,123.06230129491324,64.17359269980139,0.0,0.0511606192155205,Support Only,Feasible,62
258,1.1,0.8,0.9,130.4,76.5,3,6,0.9494528445010252,1.0,9.0,24.720771493201667,0.0,123.06230129491324,53.758720222862465,98.34152980171156,53.758720222862465,0.0,0.0,1.0010846540986298,1.0,0.949999999489296,1.0010846540986302,9.0,24.989941588727064,0.0,123.06230129491324,53.758720222862465,0.0,0.0010846540986297,Support Only,Feasible,11
259,1.1,0.8,0.9,130.4,76.5,6,7,0.9355353492529844,1.0039805072337555,7.0,47.739683856412555,-5.083911431720345,123.06230129491324,53.758720222862465,75.32261743850069,48.67480879114212,0.0,0.0,1.015228136319701,1.0000000000000582,0.9500000000000022,1.015228136319701,7.0,50.81442504698491,-5.9162653567370995,123.06230129491324,53.758720222862465,0.0,0.0152281363197592,Support Only,Feasible,14
260,1.1,0.8,0.9,130.4,76.5,7,8,0.9207347658980276,1.0000000000000004,7.0,17.7204632474524,45.44186709183451,123.06230129491324,53.758720222862465,105.34183804746084,8.316853131027955,0.0,0.0,1.019847076264483,1.02821321652844,0.9499999887987608,1.02821321652844,9.0,20.27400200731763,49.36427675587704,123.06230129491324,53.758720222862465,0.0,0.048060292792923,Support Only,Feasible,62
261,1.1,0.8,1.0,130.4,85.0,3,6,0.9494528445010252,1.0,9.0,24.720771493201667,0.0,123.06230129491324,38.951893407124665,98.34152980171156,38.951893407124665,0.0,0.0,1.0010846540986298,1.0,0.949999999489296,1.0010846540986302,9.0,24.989941588727064,0.0,123.06230129491324,38.951893407124665,0.0,0.0010846540986297,Support Only,Feasible,11
262,1.1,0.8,1.0,130.4,85.0,6,7,0.935344726563642,1.0037427970759305,7.0,48.02790274734288,-4.276694393799922,123.06230129491324,38.951893407124665,75.03439854757036,34.67519901332474,0.0,0.0,1.015428314696581,1.0,0.9499999980982344,1.015428314696581,7.0,51.14757667589775,-5.120710062480221,123.06230129491324,38.951893407124665,0.0,0.015428314696581,Support Only,Feasible,11
263,1.1,0.8,1.0,130.4,85.0,7,8,0.897583350986311,1.0,7.0,18.79492204718626,38.951893407124665,123.06230129491324,38.951893407124665,104.26737924772698,0.0,0.0,3.2576176654232123,1.05,1.0499940207639515,0.9499999999967568,1.0500000000000005,7.0,26.975859101550625,45.39199191782479,123.06230129491324,45.39199191782479,3.2576176654232123,0.0999940207639515,Headroom + Support,Feasible,116
264,1.1,0.9,0.6,146.70000000000002,51.0,6,7,0.9365757408338752,1.0039225476927771,7.0,47.62059045625662,-5.934483802034265,103.09025172148915,78.36612788698956,55.46966126523253,72.4316440849553,0.0,0.0,1.0140870106645754,1.0000000000000149,0.9499999999993324,1.0140870106645754,7.0,50.332972210264074,-6.711613942468546,103.09025172148915,78.36612788698956,0.0,0.01408701066459,Support Only,Feasible,14
265,1.1,0.9,0.6,146.70000000000002,51.0,7,8,0.9132932012429936,1.0000000000000002,7.0,24.79176138206458,55.97279681082081,103.09025172148915,78.36612788698956,78.29849033942457,22.39333107616875,0.0,0.0,1.0358923696984617,1.034522289096253,0.949999995148756,1.0358923696984617,7.0,29.933217941813325,59.86427867925365,103.09025172148915,78.36612788698956,0.0,0.0704146587947149,Support Only,Feasible,71
266,1.1,0.9,0.7,146.70000000000002,59.49999999999999,6,7,0.9364760070178966,1.0041160928824189,7.0,47.77155004809097,-5.990696542646887,103.09025172148915,72.12489168102786,55.31870167339818,66.13419513838097,0.0,0.0,1.0141919729241442,1.0000000000000142,0.9499999999996818,1.0141919729241442,7.0,50.50710847107317,-6.77157898897083,103.09025172148915,72.12489168102786,0.0,0.0141919729241584,Support Only,Feasible,14
267,1.1,0.9,0.7,146.70000000000002,59.49999999999999,7,8,0.9158413072316128,1.0000000000000002,7.0,24.259151722304978,52.31809153360737,103.09025172148915,72.12489168102786,78.83109999918418,19.80680014742049,0.0,0.0,1.0342418164480889,1.0322174489076708,0.9499999769687332,1.034241816448089,9.0,29.213204375189804,55.9407857794786,103.09025172148915,72.12489168102786,0.0,0.0664592653557596,Support Only,Feasible,80
268,1.1,0.9,0.8,146.70000000000002,68.0,6,7,0.9363435953314956,1.0041639180911663,7.0,47.97196858224018,-5.755916710355571,103.09025172148915,64.17359269980139,55.11828313924897,58.41767598944582,0.0,0.0,1.0143309507691078,1.0000000000000084,0.9499999999998902,1.0143309507691078,7.0,50.737732311403306,-6.543321882158594,103.09025172148915,64.17359269980139,0.0,0.0143309507691162,Support Only,Feasible,14
269,1.1,0.9,0.8,146.70000000000002,68.0,7,8,0.918118332361806,1.0,7.0,23.80696209210244,49.1227221842326,103.09025172148915,64.17359269980139,79.28328962938672,15.05087051556879,0.0,0.0,1.0328567748181516,1.030130066571638,0.9499999954755212,1.0328567748181514,9.0,28.610973858642723,52.47035664712851,103.09025172148915,64.17359269980139,0.0,0.0629868413897896,Support Only,Feasible,60
270,1.1,0.9,0.9,146.70000000000002,76.5,6,7,0.9361787115234614,1.0040661349983546,7.0,48.22153202772717,-5.230179767391334,103.09025172148915,53.758720222862465,54.86871969376199,48.52854045547113,0.0,0.0,1.0145037246074495,1.000000000000011,0.949999999999991,1.0145037246074493,7.0,51.02452473355311,-6.026875298119542,103.09025172148915,53.758720222862465,0.0,0.0145037246074606,Support Only,Feasible,14
271,1.1,0.9,0.9,146.70000000000002,76.5,7,8,0.9201422572307332,1.0,7.0,23.429437916293494,46.35956796244171,103.09025172148915,53.758720222862465,79.66081380519566,7.399152260420749,0.0,0.0,1.0317233396967571,1.02825143196894,0.9499999999993416,1.0317233396967571,9.0,28.119492544426407,49.43296952440103,103.09025172148915,53.758720222862465,0.0,0.0599747716656973,Support Only,Feasible,52
272,1.1,0.9,1.0,146.70000000000002,85.0,6,7,0.9359814254453662,1.0038222704620394,7.0,48.52013141943132,-4.412481789250755,103.09025172148915,38.951893407124665,54.57012030205783,34.53941161787391,0.0,0.0,1.0147102095027063,1.0,0.949999998108204,1.0147102095027063,7.0,51.36740386577747,-5.221262838041639,103.09025172148915,38.951893407124665,0.0,0.0147102095027062,Support Only,Feasible,11
273,1.1,0.9,1.0,146.70000000000002,85.0,7,8,0.8911793126650762,1.0000000000000004,7.0,24.86062685297182,38.951893407124665,103.09025172148915,38.951893407124665,78.22962486851733,0.0,0.0,3.8926941620077993,1.04999999999936,1.05,0.9499999999510914,1.04999999999936,7.0,31.984989892049725,46.517254214994225,103.09025172149074,46.517254214994225,3.8926941620077993,0.0999999999993601,Headroom + Support,Feasible,116
274,1.1,1.0,0.6,163.0,51.0,6,7,0.9365657451476036,1.0039250588831807,7.0,49.26251513148907,-5.938771009983341,74.69598382778022,78.36612788698956,25.43346869629116,72.42735687700622,0.0,0.0,1.0140309714025244,1.0,0.9499999999998282,1.0140309714025242,7.0,51.82330668992832,-6.719868162500518,74.69598382778022,78.36612788698956,0.0,0.0140309714025244,Support Only,Feasible,14
275,1.1,1.0,0.6,163.0,51.0,7,8,0.9125377427713156,1.0000000000000004,7.0,31.791615718747295,57.140020331028424,74.69598382778022,78.36612788698956,42.90436810903293,21.226107555961136,0.0,0.0,1.0491173653648076,1.0345686175588025,0.9499999475077872,1.0491173653648076,9.0,38.962702874529896,59.9487196590902,74.69598382778022,78.36612788698956,0.0,0.08368598292361,Support Only,Feasible,100
276,1.1,1.0,0.7,163.0,59.49999999999999,6,7,0.9364578030972378,1.0041119146960935,7.0,49.42607001973866,-5.983562229399098,74.69598382778022,72.12489168102786,25.269913808041565,66.14132945162876,0.0,0.0,1.0141439360411049,1.0,0.9499999999999656,1.014143936041105,7.0,52.01052227431698,-6.768956828769916,74.69598382778022,72.12489168102786,0.0,0.0141439360411048,Support Only,Feasible,14
277,1.1,1.0,0.7,163.0,59.49999999999999,7,8,0.9150956159480388,1.0,7.0,31.25424171478768,53.471156761079556,74.69598382778022,72.12489168102786,43.44174211299254,18.653734919948302,0.0,0.0,1.0475567120854483,1.0322699574636505,0.9499999990466224,1.0475567103941783,9.0,38.275396829406375,56.03599895458635,74.69598382778022,72.12489168102786,0.0,0.0798266695490987,Support Only,Feasible,44
278,1.1,1.0,0.8,163.0,68.0,6,7,0.9363174929858954,1.0041532275945249,7.0,49.63866586191588,-5.737659160927919,74.69598382778022,64.17359269980139,25.057317965864343,58.43593353887347,0.0,0.0,1.014290429046543,1.0,0.9499999999999916,1.0142904290465429,7.0,52.25336533578248,-6.530113664678261,74.69598382778022,64.17359269980139,0.0,0.014290429046543,Support Only,Feasible,12
279,1.1,1.0,0.8,163.0,68.0,7,8,0.917380311145746,1.0,7.0,30.799675686156633,50.26479506554935,74.69598382778022,64.17359269980139,43.89630814162359,13.90879763425204,0.0,0.0,1.0462554371057853,1.0301884489300226,0.9499999999267066,1.0462554371057853,9.0,37.704115080003646,52.57579461012794,74.69598382778022,64.17359269980139,0.0,0.0764438860358078,Support Only,Feasible,34
280,1.1,1.0,0.9,163.0,76.5,6,7,0.9361450042910292,1.0040490799902475,7.0,49.9000128638053,-5.2010466060601885,74.69598382778022,53.758720222862465,24.795970963974924,48.55767361680227,0.0,0.0,1.0148052964832517,1.0,0.9499999998838228,1.0148052964832512,9.0,52.614602697853854,-6.02185250999468,74.69598382778022,53.758720222862465,0.0,0.0148052964832514,Support Only,Feasible,11
281,1.1,1.0,0.9,163.0,76.5,7,8,0.9194100868284256,1.0000000000000002,7.0,30.42194750452759,47.49340042196083,74.69598382778022,53.758720222862465,44.27403632325263,6.265319800901636,0.0,0.0,1.0452002323014953,1.0283154644014096,0.949999999999266,1.0452002323014953,9.0,37.24204645413043,49.54817214253558,74.69598382778022,53.758720222862465,0.0,0.0735156967029049,Support Only,Feasible,43
282,1.1,1.0,1.0,163.0,85.0,6,7,0.93594039293896,1.0037989714876503,7.0,50.210022976408666,-4.3726734082894865,74.69598382778022,38.951893407124665,24.48596085137156,34.57921999883518,0.0,0.0,1.016248696064556,1.0000000000000024,0.9499999999058836,1.016248696064556,9.0,53.20083459666512,-5.274198840276853,74.69598382778022,38.951893407124665,0.0,0.0162486960645584,Support Only,Feasible,11
283,1.1,1.0,1.0,163.0,85.0,7,8,0.8831066188393755,1.0,7.0,32.31937999473213,38.951893407124665,74.69598382778022,38.951893407124665,42.376603833048094,0.0,0.0,4.715009798956868,1.05,1.0314417306185075,0.9499999999989156,1.0500000000000005,7.0,38.147254712116066,47.92254530404672,74.69598382778022,47.92254530404672,4.715009798956868,0.0814417306185077,Headroom + Support,Feasible,120
284,1.15,0.6,0.6,97.8,51.0,3,6,0.9377449599538136,1.0,9.0,33.56906588318802,0.0,150.27857465387407,78.36612788698956,116.70950877068606,78.36612788698956,0.0,0.0,1.0240248859927172,1.0,0.9499999999999958,1.0240248859927172,9.0,40.02202338951972,0.0,150.27857465387407,78.36612788698956,0.0,0.0240248859927172,Support Only,Feasible,11
285,1.15,0.6,0.6,97.8,51.0,6,7,0.9256873139505998,1.002027811201771,7.0,56.7722122120405,-2.699708710829455,150.27857465387407,78.36612788698956,93.50636244183356,75.6664191761601,0.0,0.0,1.036883057305903,1.0,0.9499999999591704,1.036883057305903,9.0,64.82026334967074,-4.771757857732908,150.27857465387407,78.36612788698956,0.0,0.0368830573059026,Support Only,Feasible,11
286,1.15,0.6,0.6,97.8,51.0,7,8,0.9055720762139896,1.0,7.0,13.93155417227959,62.33262990273995,150.27857465387407,78.36612788698956,136.34702048159448,16.033497984249607,0.0,0.0,1.0499999999997454,1.04102822249235,0.9499999999830858,1.0499999999997456,7.0,23.523738118051,66.36320743971986,150.27857465387407,78.36612788698956,0.0,0.0910282224920953,Support Only,Feasible,117
287,1.15,0.6,0.7,97.8,59.49999999999999,3,6,0.9377449599538136,1.0,9.0,33.56906588318802,0.0,150.27857465387407,72.12489168102786,116.70950877068606,72.12489168102786,0.0,0.0,1.0240248859927172,1.0,0.9499999999999958,1.0240248859927172,9.0,40.02202338951972,0.0,150.27857465387407,72.12489168102786,0.0,0.0240248859927172,Support Only,Feasible,11
288,1.15,0.6,0.7,97.8,59.49999999999999,6,7,0.9256297897068352,1.0022663217087542,7.0,56.8586615117772,-2.832182146305314,150.27857465387407,72.12489168102786,93.41991314209687,69.29270953472255,0.0,0.0,1.037298038258322,1.0,0.949999999952446,1.0372980382583223,9.0,65.00791260189587,-4.920674631369295,150.27857465387407,72.12489168102786,0.0,0.0372980382583221,Support Only,Feasible,11
289,1.15,0.6,0.7,97.8,59.49999999999999,7,8,0.908388677724944,1.0,7.0,13.29066104885132,58.29563215611688,150.27857465387407,72.12489168102786,136.98791360502275,13.82925952491098,0.0,0.0,1.0131991792553503,1.04541176496634,0.9499999999770452,1.04541176496634,9.0,13.708175699552925,65.90328208228777,150.27857465387407,72.12489168102786,0.0,0.0586109442216902,Support Only,Feasible,101
290,1.15,0.6,0.8,97.8,68.0,3,6,0.9377449599538136,1.0,9.0,33.56906588318802,0.0,150.27857465387407,64.17359269980139,116.70950877068606,64.17359269980139,0.0,0.0,1.0240248859927172,1.0,0.9499999999999958,1.0240248859927172,9.0,40.02202338951972,0.0,150.27857465387407,64.17359269980139,0.0,0.0240248859927172,Support Only,Feasible,11
291,1.15,0.6,0.8,97.8,68.0,6,7,0.9255355289335038,1.0023555712147594,7.0,57.00031801065063,-2.6675635420665103,150.27857465387407,64.17359269980139,93.27825664322344,61.50602915773488,0.0,0.0,1.037964342718533,1.0000000000000018,0.9499999999433908,1.0379643427185328,9.0,65.30954000137379,-4.788954493604081,150.27857465387407,64.17359269980139,0.0,0.0379643427185347,Support Only,Feasible,11
292,1.15,0.6,0.8,97.8,68.0,7,8,0.910910569503064,1.0,7.0,12.735437162591468,54.75048075644693,150.27857465387407,64.17359269980139,137.5431374912826,9.423111943354456,0.0,0.0,1.012748730818114,1.037725560270253,0.949999999999932,1.037725560270253,9.0,13.511266542620604,60.87788004367427,150.27857465387407,64.17359269980139,0.0,0.050474291088367,Support Only,Feasible,80
293,1.15,0.6,0.9,97.8,76.5,3,6,0.9377449599538136,1.0,9.0,33.56906588318802,0.0,150.27857465387407,53.758720222862465,116.70950877068606,53.758720222862465,0.0,0.0,1.0240248859927172,1.0,0.9499999999999958,1.0240248859927172,9.0,40.02202338951972,0.0,150.27857465387407,53.758720222862465,0.0,0.0240248859927172,Support Only,Feasible,11
294,1.15,0.6,0.9,97.8,76.5,6,7,0.9254048725134972,1.0022958948995886,7.0,57.196667042403135,-2.206271472344625,150.27857465387407,53.758720222862465,93.08190761147094,51.55244875051784,0.0,0.0,1.0388797311204132,1.0,0.9499999999288992,1.0388797311204132,9.0,65.72459313330992,-4.37689895746113,150.27857465387407,53.758720222862465,0.0,0.0388797311204132,Support Only,Feasible,11
295,1.15,0.6,0.9,97.8,76.5,7,8,0.9131595958059384,1.0,7.0,12.25902071806945,51.66453281408117,150.27857465387407,53.758720222862465,138.01955393580462,2.094187408781295,0.0,0.8123824522491759,1.049999999995987,1.0499215521201013,0.9499999999481648,1.049999999995987,7.0,22.35401430981491,54.896580494101855,150.27857465390554,54.896580494101855,0.8123824522491759,0.0999215521160883,Headroom + Support,Feasible,96
296,1.15,0.6,1.0,97.8,85.0,3,6,0.9377449599538136,1.0,9.0,33.56906588318802,0.0,150.27857465387407,38.951893407124665,116.70950877068606,38.951893407124665,0.0,0.0,1.0240248859927172,1.0,0.9499999999999958,1.0240248859927172,9.0,40.02202338951972,0.0,150.27857465387407,38.951893407124665,0.0,0.0240248859927172,Support Only,Feasible,11
297,1.15,0.6,1.0,97.8,85.0,6,7,0.9252379947763156,1.0020870026356137,7.0,57.44744334271232,-1.447615302032922,150.27857465387407,38.951893407124665,92.83113131116176,37.50427810509174,0.0,0.0,1.040042927346107,1.0000000000000009,0.9499999999062502,1.0400429273461067,9.0,66.25312308911606,-3.683881170814296,150.27857465387407,38.951893407124665,0.0,0.0400429273461075,Support Only,Feasible,11
298,1.15,0.6,1.0,97.8,85.0,7,8,0.8442378159897497,1.0,7.0,15.733267799156408,38.951893407124665,150.27857465387407,38.951893407124665,134.5453068547177,0.0,0.0,9.312382461466244,1.05,1.0499585364307016,0.949999999997826,1.0500000000000005,7.0,22.354014308330107,54.8965805068097,150.27857465387407,54.8965805068097,9.312382461466244,0.0999585364307016,Headroom + Support,Feasible,121
299,1.15,0.7,0.6,114.1,51.0,3,6,0.940310876038344,1.0,9.0,31.91256739184655,0.0,138.31008640008872,78.36612788698956,106.39751900824216,78.36612788698956,0.0,0.0,1.0190242949862842,1.000000000000006,0.949999999997336,1.0190242949862842,9.0,36.88387374941499,0.0,138.31008640008872,78.36612788698956,0.0,0.0190242949862902,Support Only,Feasible,11
300,1.15,0.7,0.6,114.1,51.0,6,7,0.9281005440303428,1.002434739082411,7.0,54.26169897696332,-3.3944338330532133,138.31008640008872,78.36612788698956,84.0483874231254,74.97169405393635,0.0,0.0,1.0295921578630851,1.0000000000000009,0.9499999999866026,1.0295921578630851,9.0,60.51000148893331,-5.0457067518419905,138.31008640008872,78.36612788698956,0.0,0.0295921578630862,Support Only,Feasible,11
301,1.15,0.7,0.6,114.1,51.0,7,8,0.9052724148896736,1.0000000000000002,7.0,17.21690912648782,62.7922450537031,138.31008640008872,78.36612788698956,121.0931772736009,15.57388283328646,0.0,0.0,1.0244527168270097,1.0424064210810584,0.9499999997450416,1.0424064210810584,9.0,20.163795558082967,68.90053751855031,138.31008640008872,78.36612788698956,0.0,0.066859137908068,Support Only,Feasible,83
302,1.15,0.7,0.7,114.1,59.49999999999999,3,6,0.940310876038344,1.0,9.0,31.91256739184655,0.0,138.31008640008872,72.12489168102786,106.39751900824216,72.12489168102786,0.0,0.0,1.0190242949862842,1.000000000000006,0.949999999997336,1.0190242949862842,9.0,36.88387374941499,0.0,138.31008640008872,72.12489168102786,0.0,0.0190242949862902,Support Only,Feasible,11
303,1.15,0.7,0.7,114.1,59.49999999999999,6,7,0.9280335081850182,1.0026645121629971,7.0,54.362552485723256,-3.5120994253667703,138.31008640008872,72.12489168102786,83.94753391436547,68.61279225566109,0.0,0.0,1.030073529919277,1.0000000000000018,0.9499999999851072,1.0300735299192771,9.0,60.7218466118494,-5.184916728709595,138.31008640008872,72.12489168102786,0.0,0.0300735299192786,Support Only,Feasible,11
304,1.15,0.7,0.7,114.1,59.49999999999999,7,8,0.9080856636388924,1.0000000000000002,7.0,16.58402078042093,58.76082992575195,138.31008640008872,72.12489168102786,121.7260656196678,13.364061755275912,0.0,0.0,1.0222919753118505,1.0399309088108826,0.9499999999998918,1.0399309088108828,9.0,19.212637548975863,64.61067551304103,138.31008640008872,72.12489168102786,0.0,0.062222884122733,Support Only,Feasible,224
305,1.15,0.7,0.8,114.1,68.0,3,6,0.940310876038344,1.0,9.0,31.91256739184655,0.0,138.31008640008872,64.17359269980139,106.39751900824216,64.17359269980139,0.0,0.0,1.0190242949862842,1.000000000000006,0.949999999997336,1.0190242949862842,9.0,36.88387374941499,0.0,138.31008640008872,64.17359269980139,0.0,0.0190242949862902,Support Only,Feasible,11
306,1.15,0.7,0.8,114.1,68.0,6,7,0.9279309877744236,1.0027458788291268,7.0,54.51678953814863,-3.3341442295820656,138.31008640008872,64.17359269980139,83.79329686194009,60.83944847021933,0.0,0.0,1.0308009164699876,1.0000000000000004,0.9499999999819808,1.0308009164699874,9.0,61.0423691791311,-5.044030699752668,138.31008640008872,64.17359269980139,0.0,0.030800916469988,Support Only,Feasible,11
307,1.15,0.7,0.8,114.1,68.0,7,8,0.9106039472055564,1.0000000000000002,7.0,16.037202282999203,55.22163367230976,138.31008640008872,64.17359269980139,122.27288411708952,8.951959027491625,0.0,0.0,1.0204265421028786,1.0376807430974673,0.9499999875226572,1.0376807430974673,9.0,18.394934902991537,60.79606841615605,138.31008640008872,64.17359269980139,0.0,0.0581072852003459,Support Only,Feasible,126
308,1.15,0.7,0.9,114.1,76.5,3,6,0.940310876038344,1.0,9.0,31.91256739184655,0.0,138.31008640008872,53.758720222862465,106.39751900824216,53.758720222862465,0.0,0.0,1.0190242949862842,1.000000000000006,0.949999999997336,1.0190242949862842,9.0,36.88387374941499,0.0,138.31008640008872,53.758720222862465,0.0,0.0190242949862902,Support Only,Feasible,11
309,1.15,0.7,0.9,114.1,76.5,6,7,0.9277932906706178,1.0026791293341657,7.0,54.72394449575398,-2.86091000994017,138.31008640008872,53.758720222862465,83.58614190433474,50.897810212922295,0.0,0.0,1.0317722350518812,1.0,0.9499999999774426,1.0317722350518814,9.0,61.47114939057218,-4.623308677995382,138.31008640008872,53.758720222862465,0.0,0.0317722350518812,Support Only,Feasible,11
310,1.15,0.7,0.9,114.1,76.5,7,8,0.9128491182215932,1.0000000000000002,7.0,15.569576853264437,52.14200451239144,138.31008640008872,53.758720222862465,122.74050954682428,1.616715710471027,0.0,1.2902879390219095,1.05,1.0499690246408466,0.9499999997651184,1.0500000000000005,7.0,25.15876872650739,55.54952035530792,138.31008640008872,55.54952035530792,1.2902879390219095,0.0999690246408466,Headroom + Support,Feasible,121
311,1.15,0.7,1.0,114.1,85.0,3,6,0.940310876038344,1.0,9.0,31.91256739184655,0.0,138.31008640008872,38.951893407124665,106.39751900824216,38.951893407124665,0.0,0.0,1.0190242949862842,1.000000000000006,0.949999999997336,1.0190242949862842,9.0,36.88387374941499,0.0,138.31008640008872,38.951893407124665,0.0,0.0190242949862902,Support Only,Feasible,11
312,1.15,0.7,1.0,114.1,85.0,6,7,0.9276205676679036,1.0024639387928884,7.0,54.983787212924,-2.0916468662536474,138.31008640008872,38.951893407124665,83.32629918716472,36.86024654087102,0.0,0.0,1.0329863360057063,1.0000000000000004,0.9499999999704708,1.0329863360057066,9.0,62.00834030909988,-3.9220879632151977,138.31008640008872,38.951893407124665,0.0,0.0329863360057067,Support Only,Feasible,11
313,1.15,0.7,1.0,114.1,85.0,7,8,0.8398942613953965,1.0,7.0,19.30025886805308,38.951893407124665,138.31008640008872,38.951893407124665,119.00982753203564,0.0,0.0,9.79028797268166,1.0499999999998595,1.05,0.9499999999354172,1.0499999999998595,7.0,25.158768717825808,55.54952040088059,138.31008640008957,55.54952040088059,9.79028797268166,0.0999999999998597,Headroom + Support,Feasible,121
314,1.15,0.8,0.6,130.4,51.0,3,6,0.9420858651789948,1.0,9.0,31.25997577579643,0.0,123.06230129491324,78.36612788698956,91.8023255191168,78.36612788698956,0.0,0.0,1.0155211331476113,1.000000000000005,0.94999999998481,1.0155211331476108,9.0,35.18997984938899,0.0,123.06230129491324,78.36612788698956,0.0,0.0155211331476166,Support Only,Feasible,11
315,1.15,0.8,0.6,130.4,51.0,6,7,0.929748211579267,1.0027178844668585,7.0,53.07012358188403,-3.8778319016909535,123.06230129491324,78.36612788698956,69.9921777130292,74.4882959852986,0.0,0.0,1.02494004104827,1.0,0.9499999999872232,1.02494004104827,9.0,58.13770621533318,-5.267084121725077,123.06230129491324,78.36612788698956,0.0,0.02494004104827,Support Only,Feasible,11
316,1.15,0.8,0.6,130.4,51.0,7,8,0.904826867313196,1.0,7.0,21.672570998934177,63.47554743174031,123.06230129491324,78.36612788698956,101.38973029597906,14.89058045524925,0.0,0.0,1.0337946328233836,1.0423751053551948,0.9499999999996857,1.0423751053551946,9.0,26.35917299452821,68.84300872077374,123.06230129491324,78.36612788698956,0.0,0.0761697381785784,Support Only,Feasible,58
317,1.15,0.8,0.7,130.4,59.49999999999999,3,6,0.9420858651789948,1.0,9.0,31.25997577579643,0.0,123.06230129491324,72.12489168102786,91.8023255191168,72.12489168102786,0.0,0.0,1.0155211331476113,1.000000000000005,0.94999999998481,1.0155211331476108,9.0,35.18997984938899,0.0,123.06230129491324,72.12489168102786,0.0,0.0155211331476166,Support Only,Feasible,11
318,1.15,0.8,0.7,130.4,59.49999999999999,6,7,0.929672210675032,1.0029395973063029,7.0,53.18458815316781,-3.981812006660121,123.06230129491324,72.12489168102786,69.87771314174543,68.14307967436774,0.0,0.0,1.0254835484772948,1.000000000000006,0.9499999999857662,1.0254835484772946,9.0,58.371205340216946,-5.396975926817078,123.06230129491324,72.12489168102786,0.0,0.0254835484773008,Support Only,Feasible,11
319,1.15,0.8,0.7,130.4,59.49999999999999,7,8,0.9076415548885648,1.0000000000000002,7.0,21.042962105799504,59.44257156684762,123.06230129491324,72.12489168102786,102.01933918911374,12.682320114180245,0.0,0.0,1.0317411717117129,1.0399077556109726,0.9499999999892168,1.0399077556109726,9.0,25.451916297896204,64.56850970873137,123.06230129491324,72.12489168102786,0.0,0.0716489273226854,Support Only,Feasible,57
320,1.15,0.8,0.8,130.4,68.0,3,6,0.9420858651789948,1.0,9.0,31.25997577579643,0.0,123.06230129491324,64.17359269980139,91.8023255191168,64.17359269980139,0.0,0.0,1.0155211331476113,1.000000000000005,0.94999999998481,1.0155211331476108,9.0,35.18997984938899,0.0,123.06230129491324,64.17359269980139,0.0,0.0155211331476166,Support Only,Feasible,11
321,1.15,0.8,0.8,130.4,68.0,6,7,0.9295616566902116,1.003013543573707,7.0,53.35109064450141,-3.7912709939625415,123.06230129491324,64.17359269980139,69.71121065041183,60.38232170583885,0.0,0.0,1.026267987088504,1.0,0.9499999999837446,1.026267987088504,9.0,58.70870326452258,-5.247230214272662,123.06230129491324,64.17359269980139,0.0,0.0262679870885038,Support Only,Feasible,11
322,1.15,0.8,0.8,130.4,68.0,7,8,0.9101603406693368,1.0000000000000002,7.0,20.50049392258221,55.90320628139165,123.06230129491324,64.17359269980139,102.56180737233105,8.270386418409743,0.0,0.0,1.0299758585717091,1.0376655298838593,0.9499999999955646,1.0376655298838595,9.0,24.67510098603175,60.76824982391226,123.06230129491324,64.17359269980139,0.0,0.0676413884555684,Support Only,Feasible,62
323,1.15,0.8,0.9,130.4,76.5,3,6,0.9420858651789948,1.0,9.0,31.25997577579643,0.0,123.06230129491324,53.758720222862465,91.8023255191168,53.758720222862465,0.0,0.0,1.0155211331476113,1.000000000000005,0.94999999998481,1.0155211331476108,9.0,35.18997984938899,0.0,123.06230129491324,53.758720222862465,0.0,0.0155211331476166,Support Only,Feasible,11
324,1.15,0.8,0.9,130.4,76.5,6,7,0.9294168305530796,1.00293997390158,7.0,53.569205415132856,-3.3064826957000406,123.06230129491324,53.758720222862465,69.49309587978038,50.452237527162424,0.0,0.0,1.027291419786332,1.0,0.949999999982413,1.027291419786332,9.0,59.14989837619915,-4.8180679893604506,123.06230129491324,53.758720222862465,0.0,0.027291419786332,Support Only,Feasible,11
325,1.15,0.8,0.9,130.4,76.5,7,8,0.912405194648255,1.0000000000000004,7.0,20.038198135284617,52.82462902995658,123.06230129491324,53.758720222862465,103.02410315962862,0.934091192905882,0.0,2.010309456357263,1.0499999999999985,1.0499999406225242,0.9499999996224104,1.0499999999999987,7.0,29.03192718480288,56.51137940903888,123.06230129491324,56.51137940903888,2.010309456357263,0.0999999406225227,Headroom + Support,Feasible,126
326,1.15,0.8,1.0,130.4,85.0,3,6,0.9420858651789948,1.0,9.0,31.25997577579643,0.0,123.06230129491324,38.951893407124665,91.8023255191168,38.951893407124665,0.0,0.0,1.0155211331476113,1.000000000000005,0.94999999998481,1.0155211331476108,9.0,35.18997984938899,0.0,123.06230129491324,38.951893407124665,0.0,0.0155211331476166,Support Only,Feasible,11
327,1.15,0.8,1.0,130.4,85.0,6,7,0.9292378630650648,1.0027185313071514,7.0,53.83873215750158,-2.5266422472861976,123.06230129491324,38.951893407124665,69.22356913741166,36.42525115983847,0.0,0.0,1.028552814572094,1.0000000000000009,0.9499999999790484,1.0285528145720937,9.0,59.69503539390463,-4.108792304023311,123.06230129491324,38.951893407124665,0.0,0.0285528145720947,Support Only,Feasible,11
328,1.15,0.8,1.0,130.4,85.0,7,8,0.8335281982260623,1.0,7.0,24.151459729007183,38.951893407124665,123.06230129491324,38.951893407124665,98.91084156590604,0.0,0.0,10.510309532923348,1.05,1.0499937865434548,0.9499999999924018,1.0499999999999998,7.0,29.03192716590628,56.5113795099634,123.06230129491324,56.5113795099634,10.510309532923348,0.0999937865434548,Headroom + Support,Feasible,131
329,1.15,0.9,0.6,146.70000000000002,51.0,3,6,0.9431120131379812,1.0,9.0,31.580154774078636,0.0,103.09025172148915,78.36612788698956,71.51009694741052,78.36612788698956,0.0,0.0,1.0134586406831685,1.0,0.949999999960369,1.0134586406831685,9.0,34.86790553862724,0.0,103.09025172148915,78.36612788698956,0.0,0.0134586406831682,Support Only,Feasible,11
330,1.15,0.9,0.6,146.70000000000002,51.0,6,7,0.930671070919802,1.0028864210503858,7.0,53.1393857355074,-4.1655648019250435,103.09025172148915,78.36612788698956,49.95086598598175,74.20056308506452,0.0,0.0,1.0227986799028543,1.0,0.9499999999828692,1.0227986799028543,9.0,57.57106599137711,-5.439127269988845,103.09025172148915,78.36612788698956,0.0,0.0227986799028543,Support Only,Feasible,11
331,1.15,0.9,0.6,146.70000000000002,51.0,7,8,0.904229951361162,1.0,7.0,27.356800283981272,64.39085962102801,103.09025172148915,78.36612788698956,75.73345143750788,13.975268265961546,0.0,0.0,1.044890831314664,1.0423736790062237,0.9499999999358868,1.0448908313146636,9.0,33.903687623079634,68.8403516336367,103.09025172148915,78.36612788698956,0.0,0.0872645103208875,Support Only,Feasible,195
332,1.15,0.9,0.7,146.70000000000002,59.49999999999999,3,6,0.9431120131379812,1.0,9.0,31.580154774078636,0.0,103.09025172148915,72.12489168102786,71.51009694741052,72.12489168102786,0.0,0.0,1.0134586406831685,1.0,0.949999999960369,1.0134586406831685,9.0,34.86790553862724,0.0,103.09025172148915,72.12489168102786,0.0,0.0134586406831682,Support Only,Feasible,11
333,1.15,0.9,0.7,146.70000000000002,59.49999999999999,6,7,0.9305864205497048,1.0031006339228037,7.0,53.26701480737805,-4.2567847078667285,103.09025172148915,72.12489168102786,49.823236914111106,67.86810697316113,0.0,0.0,1.0234003468949469,1.0,0.949999999982832,1.0234003468949469,9.0,57.824183909401285,-5.560044303775754,103.09025172148915,72.12489168102786,0.0,0.0234003468949468,Support Only,Feasible,11
334,1.15,0.9,0.7,146.70000000000002,59.49999999999999,7,8,0.9070510602485944,1.0000000000000002,7.0,26.72543888425929,60.3488986685702,103.09025172148915,72.12489168102786,76.36481283722986,11.77599301245766,0.0,0.0,1.0429384103266282,1.0399183041961015,0.9499999911522692,1.0429384103266282,9.0,33.035742987975254,64.58055145106951,103.09025172148915,72.12489168102786,0.0,0.0828567145227296,Support Only,Feasible,237
335,1.15,0.9,0.8,146.70000000000002,68.0,3,6,0.9431120131379812,1.0,9.0,31.580154774078636,0.0,103.09025172148915,64.17359269980139,71.51009694741052,64.17359269980139,0.0,0.0,1.0134586406831685,1.0,0.949999999960369,1.0134586406831685,9.0,34.86790553862724,0.0,103.09025172148915,64.17359269980139,0.0,0.0134586406831682,Support Only,Feasible,11
336,1.15,0.9,0.8,146.70000000000002,68.0,6,7,0.9304678797113488,1.0031675305666194,7.0,53.44573858020436,-4.0542550210311745,103.09025172148915,64.17359269980139,49.64451314128479,60.119337678770215,0.0,0.0,1.0242380477984343,1.0000000000000038,0.9499999999825308,1.0242380477984343,9.0,58.177175698138086,-5.401706824335619,103.09025172148915,64.17359269980139,0.0,0.0242380477984383,Support Only,Feasible,11
337,1.15,0.9,0.8,146.70000000000002,68.0,7,8,0.9095746147893424,1.0000000000000004,7.0,26.183029039851476,56.80301081929093,103.09025172148915,64.17359269980139,76.90722268163768,7.370581880510457,0.0,0.0,1.041269775113004,1.037678567727106,0.9499999823736324,1.041269775113004,7.0,32.296785834163586,60.792113198807584,103.09025172148915,64.17359269980139,0.0,0.0789483428401101,Support Only,Feasible,118
338,1.15,0.9,0.9,146.70000000000002,76.5,3,6,0.9431120131379812,1.0,9.0,31.580154774078636,0.0,103.09025172148915,53.758720222862465,71.51009694741052,53.758720222862465,0.0,0.0,1.0134586406831685,1.0,0.949999999960369,1.0134586406831685,9.0,34.86790553862724,0.0,103.09025172148915,53.758720222862465,0.0,0.0134586406831682,Support Only,Feasible,11
339,1.15,0.9,0.9,146.70000000000002,76.5,6,7,0.930315706877254,1.003087326146714,7.0,53.6751647212331,-3.5581885660498287,103.09025172148915,53.758720222862465,49.41508700025605,50.20053165681264,0.0,0.0,1.0253099812213378,1.0,0.949999999982355,1.0253099812213378,9.0,58.62984593062018,-4.9642989694170865,103.09025172148915,53.758720222862465,0.0,0.0253099812213377,Support Only,Feasible,11
340,1.15,0.9,0.9,146.70000000000002,76.5,7,8,0.9118228175114188,1.0000000000000009,7.0,25.7224264737377,53.72003176363768,103.09025172148915,53.758720222862465,77.36782524775145,0.0386884592247867,0.0,3.0121254285880528,1.05,1.049821854016887,0.9499999999930168,1.05,7.0,34.01580314086982,57.808150731332226,103.09025172148915,57.808150731332226,3.0121254285880528,0.0998218540168871,Headroom + Support,Feasible,153
341,1.15,0.9,1.0,146.70000000000002,85.0,3,6,0.9431120131379812,1.0,9.0,31.580154774078636,0.0,103.09025172148915,38.951893407124665,71.51009694741052,38.951893407124665,0.0,0.0,1.0134586406831685,1.0,0.949999999960369,1.0134586406831685,9.0,34.86790553862724,0.0,103.09025172148915,38.951893407124665,0.0,0.0134586406831682,Support Only,Feasible,11
342,1.15,0.9,1.0,146.70000000000002,85.0,6,7,0.9301300153434122,1.0028596334728168,7.0,53.95511905003332,-2.7677285201254733,103.09025172148915,38.951893407124665,49.135132671455835,36.18416488699919,0.0,0.0,1.0266152256310748,1.000000000000001,0.9499999999794736,1.026615225631075,9.0,59.18252248049288,-4.2470908788578114,103.09025172148915,38.951893407124665,0.0,0.0266152256310761,Support Only,Feasible,11
343,1.15,0.9,1.0,146.70000000000002,85.0,7,8,0.8248358883386995,1.0000000000000004,7.0,30.37224256901368,38.951893407124665,103.09025172148915,38.951893407124665,72.71800915247547,0.0,0.0,11.512125428192064,1.049999999995585,1.0497698255109016,0.9499999999893832,1.0499999999955851,7.0,34.01580314007208,57.80815073082884,103.09025172153798,57.80815073082884,11.512125428192064,0.0997698255064865,Headroom + Support,Feasible,131
344,1.15,1.0,0.6,163.0,51.0,3,6,0.9434191471970376,1.0,9.0,32.85395981576323,0.0,74.69598382778022,78.36612788698956,41.84202401201699,78.36612788698956,0.0,0.0,1.012779955596716,1.0000000000000016,0.9499999999390658,1.012779955596716,9.0,35.851529433153516,0.0,74.69598382778022,78.36612788698956,0.0,0.0127799555967174,Support Only,Feasible,11
345,1.15,1.0,0.6,163.0,51.0,6,7,0.9308937739372608,1.002946723510277,7.0,54.43583874033584,-4.268515743216113,74.69598382778022,78.36612788698956,20.260145087444386,74.09761214377345,0.0,0.0,1.023039320263297,1.0,0.9499999999841237,1.0230393202632972,9.0,58.691759571506395,-5.564661691162854,74.69598382778022,78.36612788698956,0.0,0.023039320263297,Support Only,Feasible,11
346,1.15,1.0,0.6,163.0,51.0,7,8,0.9034726922251864,1.0000000000000002,7.0,34.352830403759995,65.55182377374753,74.69598382778022,78.36612788698956,40.34315342402023,12.81430411324203,6.928725291865715,0.0,1.05,1.05,0.9499999995787828,1.0499999999999998,9.0,37.93177914346256,70.55734999551818,88.26237709793503,78.36612788698956,6.928725291865715,0.1,Headroom + Support,Feasible,66
347,1.15,1.0,0.7,163.0,59.49999999999999,3,6,0.9434191471970376,1.0,9.0,32.85395981576323,0.0,74.69598382778022,72.12489168102786,41.84202401201699,72.12489168102786,0.0,0.0,1.012779955596716,1.0000000000000016,0.9499999999390658,1.012779955596716,9.0,35.851529433153516,0.0,74.69598382778022,72.12489168102786,0.0,0.0127799555967174,Support Only,Feasible,11
348,1.15,1.0,0.7,163.0,59.49999999999999,6,7,0.9308006008536686,1.003153907131607,7.0,54.57647051655303,-4.347749586238663,74.69598382778022,72.12489168102786,20.119513311227195,67.7771420947892,0.0,0.0,1.0236954201902189,1.0,0.9499999999836508,1.0236954201902189,9.0,58.96289477846992,-5.6769086273342,74.69598382778022,72.12489168102786,0.0,0.0236954201902188,Support Only,Feasible,11
349,1.15,1.0,0.7,163.0,59.49999999999999,7,8,0.9063055737610128,1.0000000000000002,7.0,33.71406511711555,61.49290699175597,74.69598382778022,72.12489168102786,40.98191871066467,10.631984689271889,3.802316840608297,0.0,1.049999999875,1.049999999875,0.949999968555502,1.05,9.0,38.55860290111309,66.8545526843964,82.48992469603549,72.12489168102786,3.802316840608297,0.09999999975,Headroom + Support,Feasible,138
350,1.15,1.0,0.8,163.0,68.0,3,6,0.9434191471970376,1.0,9.0,32.85395981576323,0.0,74.69598382778022,64.17359269980139,41.84202401201699,64.17359269980139,0.0,0.0,1.012779955596716,1.0000000000000016,0.9499999999390658,1.012779955596716,9.0,35.851529433153516,0.0,74.69598382778022,64.17359269980139,0.0,0.0127799555967174,Support Only,Feasible,11
351,1.15,1.0,0.8,163.0,68.0,6,7,0.9306739639882228,1.0032140525626352,7.0,54.7676081938925,-4.133706796117622,74.69598382778022,64.17359269980139,19.928375633887725,60.03988590368377,0.0,0.0,1.0245828174874063,1.000000000000001,0.9499999999841444,1.024582817487406,9.0,59.33027771189453,-5.510214426761792,74.69598382778022,64.17359269980139,0.0,0.0245828174874076,Support Only,Feasible,11
352,1.15,1.0,0.8,163.0,68.0,7,8,0.908838467756811,1.0,7.0,33.16692287198579,57.93369296363144,74.69598382778022,64.17359269980139,41.529060955794435,6.239899736169946,1.1963578592929849,0.0,1.0499999999997731,1.0499999999999368,0.9499999999995006,1.0499999999999363,9.0,39.09889840428819,63.56798451042458,77.25329371620363,64.17359269980139,1.1963578592929849,0.0999999999997098,Headroom + Support,Feasible,96
353,1.15,1.0,0.9,163.0,76.5,3,6,0.9434191471970376,1.0,9.0,32.85395981576323,0.0,74.69598382778022,53.758720222862465,41.84202401201699,53.758720222862465,0.0,0.0,1.012779955596716,1.0000000000000016,0.9499999999390658,1.012779955596716,9.0,35.851529433153516,0.0,74.69598382778022,53.758720222862465,0.0,0.0127799555967174,Support Only,Feasible,11
354,1.15,1.0,0.9,163.0,76.5,6,7,0.9305141027337932,1.0031273428055911,7.0,55.00888770671929,-3.626544674633479,74.69598382778022,53.758720222862465,19.687096121060932,50.132175548228986,0.0,0.0,1.0256998383472455,1.0,0.9499999999831888,1.0256998383472455,9.0,59.793809020653185,-5.064728205442194,74.69598382778022,53.758720222862465,0.0,0.0256998383472455,Support Only,Feasible,11
355,1.15,1.0,0.9,163.0,76.5,7,8,0.9046258335060108,1.0,7.0,33.08233047920707,53.758720222862465,74.69598382778022,53.758720222862465,41.61365334857315,0.0,3.7638181117902447,4.36515611397149,1.05,1.0499999999999905,0.9499999839726748,1.0499999999999996,9.0,38.5664594688396,59.4879340500097,82.41558334238111,59.4879340500097,8.128974225761734,0.0999999999999905,Headroom + Support,Feasible,243
356,1.15,1.0,1.0,163.0,85.0,3,6,0.9434191471970376,1.0,9.0,32.85395981576323,0.0,74.69598382778022,38.951893407124665,41.84202401201699,38.951893407124665,0.0,0.0,1.012779955596716,1.0000000000000016,0.9499999999390658,1.012779955596716,9.0,35.851529433153516,0.0,74.69598382778022,38.951893407124665,0.0,0.0127799555967174,Support Only,Feasible,11
357,1.15,1.0,1.0,163.0,85.0,6,7,0.9303211145861046,1.0028933617584876,7.0,55.30015845656388,-2.8253564444752186,74.69598382778022,38.951893407124665,19.395825371216347,36.126536962649446,0.0,0.0,1.027045665685899,1.0000000000000036,0.9499999999806046,1.0270456656858986,9.0,60.35389264246368,-4.339688304157903,74.69598382778022,38.951893407124665,0.0,0.0270456656859026,Support Only,Feasible,11
358,1.15,1.0,1.0,163.0,85.0,7,8,0.8132785104049683,1.0,7.0,38.09295819173157,38.951893407124665,74.69598382778022,38.951893407124665,36.603025636048656,0.0,3.7802007349113382,12.8486775598609,1.0499999976230348,1.049128574716558,0.9499999461876958,1.0499999976230387,9.0,38.563129647408985,59.46794657948866,82.44722870633119,59.46794657948866,16.62887829477224,0.0991285723395927,Headroom + Support,Feasible,236
359,1.2,0.6,0.6,97.8,51.0,3,6,0.9288799424251484,1.0,9.0,41.245609581029214,0.0,150.27857465387407,78.36612788698956,109.03296507284486,78.36612788698956,0.0,0.0,1.0407970952849188,1.0000000000000018,0.949999999848508,1.0407970952849186,9.0,52.396146365170296,0.0,150.27857465387407,78.36612788698956,0.0,0.0407970952849205,Support Only,Feasible,11
360,1.2,0.6,0.6,97.8,51.0,6,7,0.9185544079483242,1.000700088201694,7.0,64.00032198527228,-0.4329600339517014,150.27857465387407,78.36612788698956,86.2782526686018,77.93316785303786,0.0,0.0,1.05,1.0140328689083296,0.9499999984716654,1.0500000000000005,9.0,74.08219943317911,-0.0215467904462656,150.27857465387407,78.36612788698956,0.0,0.0640328689083296,Support Only,Feasible,11
361,1.2,0.6,0.6,97.8,51.0,7,8,0.8958862908430119,1.0000000000000002,7.0,16.792421208253643,71.48337625732124,150.27857465387407,78.36612788698956,133.48615344562043,6.88275162966832,0.0,0.0,1.0411246264339973,1.049999999999557,0.9499999999907044,1.0499999999995566,7.0,23.563349244978525,77.48510450518937,150.27857465387407,78.36612788698956,0.0,0.0911246264335543,Support Only,Feasible,20
362,1.2,0.6,0.7,97.8,59.49999999999999,3,6,0.9288799424251484,1.0,9.0,41.245609581029214,0.0,150.27857465387407,72.12489168102786,109.03296507284486,72.12489168102786,0.0,0.0,1.0407970952849188,1.0000000000000018,0.949999999848508,1.0407970952849186,9.0,52.396146365170296,0.0,150.27857465387407,72.12489168102786,0.0,0.0407970952849205,Support Only,Feasible,11
363,1.2,0.6,0.7,97.8,59.49999999999999,6,7,0.9185158055514436,1.000962263518401,7.0,64.0580815756928,-0.6054773113946936,150.27857465387407,72.12489168102786,86.22049307818128,71.51941436963317,0.0,0.0,1.049999999999999,1.0149482247580717,0.949999998377444,1.049999999999999,9.0,74.08219948055626,-0.018146303298451,150.27857465387407,72.12489168102786,0.0,0.0649482247580706,Support Only,Feasible,11
364,1.2,0.6,0.7,97.8,59.49999999999999,7,8,0.8990163530346252,1.0,7.0,16.04150280067023,67.006784272766,150.27857465387407,72.12489168102786,134.23707185320384,5.118107408261864,0.0,0.0,1.047325513096462,1.0469762545980776,0.9499999532385274,1.047325513096462,7.0,24.595728327056943,72.12489168102786,150.27857465387407,72.12489168102786,0.0,0.0943017676945396,Support Only,Feasible,75
365,1.2,0.6,0.8,97.8,68.0,3,6,0.9288799424251484,1.0,9.0,41.245609581029214,0.0,150.27857465387407,64.17359269980139,109.03296507284486,64.17359269980139,0.0,0.0,1.0407970952849188,1.0000000000000018,0.949999999848508,1.0407970952849186,9.0,52.396146365170296,0.0,150.27857465387407,64.17359269980139,0.0,0.0407970952849205,Support Only,Feasible,11
366,1.2,0.6,0.8,97.8,68.0,6,7,0.9184384269867516,1.0010729491239077,7.0,64.17385963846715,-0.4770547893675783,150.27857465387407,64.17359269980139,86.10471501540692,63.69653791043381,0.0,0.0,1.0499999999950445,1.016730107388426,0.9499999982538252,1.049999999995045,9.0,74.08219954042042,0.4723445985327714,150.27857465387407,64.17359269980139,0.0,0.0667301073834705,Support Only,Feasible,11
367,1.2,0.6,0.8,97.8,68.0,7,8,0.9018186432622096,1.0000000000000004,7.0,15.386803007361776,63.067653732576275,150.27857465387407,64.17359269980139,134.8917716465123,1.1059389672251143,0.0,7.776309700704121,1.0499999999988046,1.05,0.9499999999316427,1.0499999999988046,7.0,25.23815986407058,71.52172485849664,150.2785746538763,71.52172485849664,7.776309700704121,0.0999999999988046,Headroom + Support,Feasible,111
368,1.2,0.6,0.9,97.8,76.5,3,6,0.9288799424251484,1.0,9.0,41.245609581029214,0.0,150.27857465387407,53.758720222862465,109.03296507284486,53.758720222862465,0.0,0.0,1.0407970952849188,1.0000000000000018,0.949999999848508,1.0407970952849186,9.0,52.396146365170296,0.0,150.27857465387407,53.758720222862465,0.0,0.0407970952849205,Support Only,Feasible,11
369,1.2,0.6,0.9,97.8,76.5,6,7,0.9183226958048945,1.0010326133259932,7.0,64.34702019023197,-0.0483386509211172,150.27857465387407,53.758720222862465,85.9315544636421,53.71038157194135,0.0,0.0,1.0499999999999996,1.019344495359021,0.9499999980950448,1.0499999999999998,9.0,74.08219962255703,1.4324979495410446,150.27857465387407,53.758720222862465,0.0,0.0693444953590205,Support Only,Feasible,11
370,1.2,0.6,0.9,97.8,76.5,7,8,0.8638354776063674,1.0000000000000002,7.0,17.069635136085452,53.758720222862465,150.27857465387407,53.758720222862465,133.20893951778862,0.0,0.0,16.276309734471994,1.0499999999817604,1.049999872181271,0.9499999999789503,1.0499999999817602,7.0,25.238159858860456,71.52172488693033,150.27857465400186,71.52172488693033,16.276309734471994,0.0999998721630315,Headroom + Support,Feasible,159
371,1.2,0.6,1.0,97.8,85.0,3,6,0.9288799424251484,1.0,9.0,41.245609581029214,0.0,150.27857465387407,38.951893407124665,109.03296507284486,38.951893407124665,0.0,0.0,1.0407970952849188,1.0000000000000018,0.949999999848508,1.0407970952849186,9.0,52.396146365170296,0.0,150.27857465387407,38.951893407124665,0.0,0.0407970952849205,Support Only,Feasible,11
372,1.2,0.6,1.0,97.8,85.0,6,7,0.9181688518766766,1.0008410726873458,7.0,64.57720099623108,0.6811797438514589,150.27857465387407,38.951893407124665,85.70137365764299,38.270713663273206,0.0,0.0,1.0499999999999996,1.0227572996039345,0.9499999978571168,1.0499999999999998,9.0,74.0821997421954,2.845865391530552,150.27857465387407,38.951893407124665,0.0,0.072757299603934,Support Only,Feasible,11
373,1.2,0.7,0.6,114.1,51.0,3,6,0.93197878405642,1.0000000000000009,9.0,39.18759703615257,0.0,138.31008640008872,78.36612788698956,99.12248936393615,78.36612788698956,0.0,0.0,1.0349187949088514,1.0,0.9499999999762576,1.0349187949088507,9.0,48.481256133033696,0.0,138.31008640008872,78.36612788698956,0.0,0.0349187949088514,Support Only,Feasible,11
374,1.2,0.7,0.6,114.1,51.0,6,7,0.9213277748586228,1.0011918552477126,7.0,60.971360460777674,-1.2725272597389647,138.31008640008872,78.36612788698956,77.33872593931105,77.0936006272506,0.0,0.0,1.0453167791464295,1.0000000000000009,0.9499999997503442,1.0453167791464302,9.0,70.67337136799117,-3.846788133182883,138.31008640008872,78.36612788698956,0.0,0.0453167791464306,Support Only,Feasible,11
375,1.2,0.7,0.6,114.1,51.0,7,8,0.8956143793080542,1.0,7.0,20.024932831621356,71.89692881919238,138.31008640008872,78.36612788698956,118.28515356846736,6.469199067797177,0.0,0.0,1.0459108332256553,1.05,0.9499999999891676,1.0499999999999998,7.0,27.510226415294483,77.4851045085059,138.31008640008872,78.36612788698956,0.0,0.0959108332256553,Support Only,Feasible,20
376,1.2,0.7,0.7,114.1,59.49999999999999,3,6,0.93197878405642,1.0000000000000009,9.0,39.18759703615257,0.0,138.31008640008872,72.12489168102786,99.12248936393615,72.12489168102786,0.0,0.0,1.0349187949088514,1.0,0.9499999999762576,1.0349187949088507,9.0,48.481256133033696,0.0,138.31008640008872,72.12489168102786,0.0,0.0349187949088514,Support Only,Feasible,11
377,1.2,0.7,0.7,114.1,59.49999999999999,6,7,0.9212784465310722,1.0014444484380838,7.0,61.04525683535587,-1.4288178911789515,138.31008640008872,72.12489168102786,77.26482956473285,70.69607378984891,0.0,0.0,1.0456762575714154,1.0,0.949999999731692,1.0456762575714156,9.0,70.83657766875274,-4.014432460095762,138.31008640008872,72.12489168102786,0.0,0.0456762575714153,Support Only,Feasible,11
378,1.2,0.7,0.7,114.1,59.49999999999999,7,8,0.8987401726136913,1.0,7.0,19.2823328468821,67.4273039661501,138.31008640008872,72.12489168102786,119.02775355320662,4.697587714877756,0.0,0.6693191755208727,1.05,1.0499999999997025,0.9500000000002222,1.0499999999999163,7.0,28.026918112924193,72.67187209502062,138.31008640008963,72.67187209502062,0.6693191755208727,0.0999999999997025,Headroom + Support,Feasible,121
379,1.2,0.7,0.8,114.1,68.0,3,6,0.93197878405642,1.0000000000000009,9.0,39.18759703615257,0.0,138.31008640008872,64.17359269980139,99.12248936393615,64.17359269980139,0.0,0.0,1.0349187949088514,1.0,0.9499999999762576,1.0349187949088507,9.0,48.481256133033696,0.0,138.31008640008872,64.17359269980139,0.0,0.0349187949088514,Support Only,Feasible,11
380,1.2,0.7,0.8,114.1,68.0,6,7,0.9211918674031196,1.001546592995397,7.0,61.17495537781153,-1.285961573118378,138.31008640008872,64.17359269980139,77.13513102227719,62.88763112668301,0.0,0.0,1.046286823634785,1.0,0.9499999996973844,1.046286823634785,9.0,71.1140566444017,-3.9001735299842792,138.31008640008872,64.17359269980139,0.0,0.0462868236347853,Support Only,Feasible,11
381,1.2,0.7,0.8,114.1,68.0,7,8,0.9015380795028342,1.0,7.0,18.63628259121566,63.4952934194082,138.31008640008872,64.17359269980139,119.67380380887306,0.6782992803931904,0.0,9.1693191711797,1.05,1.05,0.9499999999933922,1.05,7.0,28.02691811306144,72.67187209104686,138.31008640008872,72.67187209104686,9.1693191711797,0.1,Headroom + Support,Feasible,135
382,1.2,0.7,0.9,114.1,76.5,3,6,0.93197878405642,1.0000000000000009,9.0,39.18759703615257,0.0,138.31008640008872,53.758720222862465,99.12248936393615,53.758720222862465,0.0,0.0,1.0349187949088514,1.0,0.9499999999762576,1.0349187949088507,9.0,48.481256133033696,0.0,138.31008640008872,53.758720222862465,0.0,0.0349187949088514,Support Only,Feasible,11
383,1.2,0.7,0.9,114.1,76.5,6,7,0.9210684183361644,1.00149870389548,7.0,61.35988317589741,-0.8445134405172467,138.31008640008872,53.758720222862465,76.95020322419131,52.91420678234522,0.0,0.0,1.0471460677771107,1.0000000000000002,0.949999999644242,1.04714606777711,9.0,71.50514030332948,-3.5044052615517245,138.31008640008872,53.758720222862465,0.0,0.0471460677771109,Support Only,Feasible,11
384,1.2,0.7,0.9,114.1,76.5,7,8,0.8602598992102617,1.0,7.0,20.525984569938117,53.758720222862465,138.31008640008872,53.758720222862465,117.7841018301506,0.0,0.0,17.66931917490988,1.05,1.05,0.9499999999986148,1.05,7.0,28.026918112971117,72.6718720940666,138.31008640008872,72.6718720940666,17.66931917490988,0.1,Headroom + Support,Feasible,140
385,1.2,0.7,1.0,114.1,85.0,3,6,0.93197878405642,1.0000000000000009,9.0,39.18759703615257,0.0,138.31008640008872,38.951893407124665,99.12248936393615,38.951893407124665,0.0,0.0,1.0349187949088514,1.0,0.9499999999762576,1.0349187949088507,9.0,48.481256133033696,0.0,138.31008640008872,38.951893407124665,0.0,0.0349187949088514,Support Only,Feasible,11
386,1.2,0.7,1.0,114.1,85.0,6,7,0.920908308655839,1.0013005571968094,7.0,61.59972330217093,-0.1038959350676123,138.31008640008872,38.951893407124665,76.71036309791779,38.84799747205705,0.0,0.0,1.0482525553563673,1.0,0.9499999995700996,1.0482525553563673,9.0,72.00977233572723,-2.8265803372765177,138.31008640008872,38.951893407124665,0.0,0.0482525553563673,Support Only,Feasible,11
387,1.2,0.8,0.6,130.4,51.0,3,6,0.93422738590056,1.0,9.0,38.1823670154907,0.0,123.06230129491324,78.36612788698956,84.87993427942254,78.36612788698956,0.0,0.0,1.0305670657946064,1.0,0.9499999999976624,1.0305670657946064,9.0,46.07103389332518,0.0,123.06230129491324,78.36612788698956,0.0,0.0305670657946064,Support Only,Feasible,11
388,1.2,0.8,0.6,130.4,51.0,6,7,0.9232887377499748,1.001550068866142,7.0,59.32608930322276,-1.8840857251343408,123.06230129491324,78.36612788698956,63.73621199169048,76.48204216185522,0.0,0.0,1.039351684407608,1.0,0.9499999999205768,1.0393516844076085,9.0,67.43903110187001,-4.110348431535172,123.06230129491324,78.36612788698956,0.0,0.039351684407608,Support Only,Feasible,11
389,1.2,0.8,0.6,130.4,51.0,7,8,0.8951862044931048,1.0,7.0,24.4445980037179,72.54807344270797,123.06230129491324,78.36612788698956,98.61770329119534,5.818054444281586,6.636171274733733,0.0,1.05,1.05,0.9499996907013644,1.0499999999999998,7.0,30.622697851716023,77.48560580127962,129.73436206061473,78.36612788698956,6.636171274733733,0.1,Headroom + Support,Feasible,102
390,1.2,0.8,0.7,130.4,59.49999999999999,3,6,0.93422738590056,1.0,9.0,38.1823670154907,0.0,123.06230129491324,72.12489168102786,84.87993427942254,72.12489168102786,0.0,0.0,1.0305670657946064,1.0,0.9499999999976624,1.0305670657946064,9.0,46.07103389332518,0.0,123.06230129491324,72.12489168102786,0.0,0.0305670657946064,Support Only,Feasible,11
391,1.2,0.8,0.7,130.4,59.49999999999999,6,7,0.9232295463380618,1.0017939269642897,7.0,59.414863926135595,-2.0255592980859234,123.06230129491324,72.12489168102786,63.647437368777645,70.09933238294194,0.0,0.0,1.0397772016297546,1.0,0.9499999999118732,1.0397772016297544,9.0,67.6273201313199,-4.268275588823073,123.06230129491324,72.12489168102786,0.0,0.0397772016297546,Support Only,Feasible,11
392,1.2,0.8,0.7,130.4,59.49999999999999,7,8,0.898313592246124,1.0000000000000004,7.0,23.70457490030857,68.07675750269195,123.06230129491324,72.12489168102786,99.35772639460468,4.048134178335914,0.0,3.4777239021423583,1.0499999999677463,1.048561904940618,0.9500000045538972,1.0499999999677463,7.0,31.97529019971971,74.85822988032385,123.06230129491324,74.85822988032385,3.4777239021423583,0.0985619049083643,Headroom + Support,Feasible,208
393,1.2,0.8,0.8,130.4,68.0,3,6,0.93422738590056,1.0,9.0,38.1823670154907,0.0,123.06230129491324,64.17359269980139,84.87993427942254,64.17359269980139,0.0,0.0,1.0305670657946064,1.0,0.9499999999976624,1.0305670657946064,9.0,46.07103389332518,0.0,123.06230129491324,64.17359269980139,0.0,0.0305670657946064,Support Only,Feasible,11
394,1.2,0.8,0.8,130.4,68.0,6,7,0.923134247582484,1.0018881313704042,7.0,59.55779015972915,-1.8692532544902816,123.06230129491324,64.17359269980139,63.50451113518409,62.30433944531111,0.0,0.0,1.040448355552389,1.0,0.949999999894473,1.040448355552389,9.0,67.92464967783506,-4.144833846944813,123.06230129491324,64.17359269980139,0.0,0.0404483555523889,Support Only,Feasible,11
395,1.2,0.8,0.8,130.4,68.0,7,8,0.9011121102947686,1.0,7.0,23.062235959630428,64.14449382793723,123.06230129491324,64.17359269980139,100.0000653352828,0.0290988718641642,0.0,11.977724765046736,1.05,1.049987088005991,0.9499999999148806,1.05,7.0,31.9752905365968,74.85823052610277,123.06230129491324,74.85823052610277,11.977724765046736,0.0999870880059909,Headroom + Support,Feasible,141
396,1.2,0.8,0.9,130.4,76.5,3,6,0.93422738590056,1.0,9.0,38.1823670154907,0.0,123.06230129491324,53.758720222862465,84.87993427942254,53.758720222862465,0.0,0.0,1.0305670657946064,1.0,0.9499999999976624,1.0305670657946064,9.0,46.07103389332518,0.0,123.06230129491324,53.758720222862465,0.0,0.0305670657946064,Support Only,Feasible,11
397,1.2,0.8,0.9,130.4,76.5,6,7,0.923003188312666,1.0018330509509494,7.0,59.75434535322749,-1.4156438181050603,123.06230129491324,53.758720222862465,63.30795594168575,52.34307640475741,0.0,0.0,1.0413629003493807,1.0,0.9499999998685932,1.0413629003493812,9.0,68.33048921251886,-3.740374810799992,123.06230129491324,53.758720222862465,0.0,0.0413629003493807,Support Only,Feasible,11
398,1.2,0.8,0.9,130.4,76.5,7,8,0.854768630488391,1.0000000000000002,7.0,25.270310688702565,53.758720222862465,123.06230129491324,53.758720222862465,97.79199060621067,0.0,0.0,20.477724792922892,1.049999999999686,1.0499026391437685,0.9499999999310204,1.0499999999996856,7.0,31.975290537226783,74.8582305469645,123.06230129491468,74.8582305469645,20.477724792922892,0.0999026391434543,Headroom + Support,Feasible,175
399,1.2,0.8,1.0,130.4,85.0,3,6,0.93422738590056,1.0,9.0,38.1823670154907,0.0,123.06230129491324,38.951893407124665,84.87993427942254,38.951893407124665,0.0,0.0,1.0305670657946064,1.0,0.9499999999976624,1.0305670657946064,9.0,46.07103389332518,0.0,123.06230129491324,38.951893407124665,0.0,0.0305670657946064,Support Only,Feasible,11
400,1.2,0.8,1.0,130.4,85.0,6,7,0.9228365527419838,1.001628425307005,7.0,60.004249834808505,-0.6640911599768415,123.06230129491324,38.951893407124665,63.058051460104735,38.28780224714782,0.0,0.0,1.042519533992054,1.000000000000001,0.9499999998308396,1.0425195339920548,9.0,68.84488935080749,-3.05431451501763,123.06230129491324,38.951893407124665,0.0,0.0425195339920554,Support Only,Feasible,11
401,1.2,0.9,0.6,146.70000000000002,51.0,3,6,0.9356789929339188,1.0,9.0,38.18985075868843,0.0,103.09025172148915,78.36612788698956,64.90040096280072,78.36612788698956,0.0,0.0,1.0276837021402705,1.0,0.949999999999878,1.02768370214027,9.0,45.08691131243637,0.0,103.09025172148915,78.36612788698956,0.0,0.0276837021402702,Support Only,Feasible,11
402,1.2,0.9,0.6,146.70000000000002,51.0,6,7,0.9244887722668816,1.00178615890691,7.0,58.99092251155389,-2.287149197369203,103.09025172148915,78.36612788698956,44.09932920993526,76.07897868962036,0.0,0.0,1.035947231765039,1.0,0.9499999999615376,1.035947231765039,9.0,66.0844420076742,-4.322302062413314,103.09025172148915,78.36612788698956,0.0,0.0359472317650388,Support Only,Feasible,11
403,1.2,0.9,0.6,146.70000000000002,51.0,7,8,0.8945961682666249,1.0000000000000002,7.0,30.1101366476409,73.44522724725122,103.09025172148915,78.36612788698956,72.98011507384825,4.920900639738335,22.94926974411921,0.0,1.0499999287593622,1.05,0.9499999793011557,1.05,7.0,30.619549612632085,77.4851380214524,129.74685645955446,78.36612830421493,22.94926974411921,0.0999999287593622,Headroom + Support,Feasible,144
404,1.2,0.9,0.7,146.70000000000002,59.49999999999999,3,6,0.9356789929339188,1.0,9.0,38.18985075868843,0.0,103.09025172148915,72.12489168102786,64.90040096280072,72.12489168102786,0.0,0.0,1.0276837021402705,1.0,0.949999999999878,1.02768370214027,9.0,45.08691131243637,0.0,103.09025172148915,72.12489168102786,0.0,0.0276837021402702,Support Only,Feasible,11
405,1.2,0.9,0.7,146.70000000000002,59.49999999999999,6,7,0.924420275602,1.002021976312664,7.0,59.09377050544711,-2.4149578768469127,103.09025172148915,72.12489168102786,43.99648121604204,69.70993380418095,0.0,0.0,1.0364345224599203,1.0,0.9499999999536338,1.0364345224599207,9.0,66.29523204875022,-4.470904459555072,103.09025172148915,72.12489168102786,0.0,0.0364345224599205,Support Only,Feasible,11
406,1.2,0.9,0.7,146.70000000000002,59.49999999999999,7,8,0.8977312361851142,1.0,7.0,29.366567759825017,68.96323828524714,103.09025172148915,72.12489168102786,73.72368396166414,3.161653395780718,6.439085188025272,7.2244708005375555,1.05,1.0499999992137805,0.949999659373651,1.0499999999999998,7.0,35.03375063591464,77.5210877562754,111.69317694518304,77.5210877562754,13.663555988562829,0.0999999992137803,Headroom + Support,Feasible,1549
407,1.2,0.9,0.8,146.70000000000002,68.0,3,6,0.9356789929339188,1.0,9.0,38.18985075868843,0.0,103.09025172148915,64.17359269980139,64.90040096280072,64.17359269980139,0.0,0.0,1.0276837021402705,1.0,0.949999999999878,1.02768370214027,9.0,45.08691131243637,0.0,103.09025172148915,64.17359269980139,0.0,0.0276837021402702,Support Only,Feasible,11
408,1.2,0.9,0.8,146.70000000000002,68.0,6,7,0.9243165028272856,1.0021087221393798,7.0,59.249583576077384,-2.2459860398795044,103.09025172148915,64.17359269980139,43.84066814541177,61.927606659921885,0.0,0.0,1.0371622335180075,1.0,0.9499999999424716,1.0371622335180073,9.0,66.61044489417012,-4.338590689937668,103.09025172148915,64.17359269980139,0.0,0.0371622335180075,Support Only,Feasible,11
409,1.2,0.9,0.8,146.70000000000002,68.0,7,8,0.8951608836973461,1.0,7.0,29.034855830046354,64.17359269980139,103.09025172148915,64.17359269980139,74.0553958914428,0.0,6.439043088575175,15.725252095340275,1.05,1.0499999994322473,0.9499999870020684,1.05,7.0,35.033793716684045,77.52161460847081,111.69312407794597,77.52161460847081,22.164295183915453,0.0999999994322473,Headroom + Support,Feasible,586
410,1.2,0.9,0.9,146.70000000000002,76.5,3,6,0.9356789929339188,1.0,9.0,38.18985075868843,0.0,103.09025172148915,53.758720222862465,64.90040096280072,53.758720222862465,0.0,0.0,1.0276837021402705,1.0,0.949999999999878,1.02768370214027,9.0,45.08691131243637,0.0,103.09025172148915,53.758720222862465,0.0,0.0276837021402702,Support Only,Feasible,11
411,1.2,0.9,0.9,146.70000000000002,76.5,6,7,0.9241777730651288,1.002046724747829,7.0,59.45787996029512,-1.7806403907450843,103.09025172148915,53.758720222862465,43.63237176119404,51.97807983211738,0.0,0.0,1.0381282705745334,1.0000000000000009,0.9499999999256488,1.0381282705745334,9.0,67.0296725253258,-3.9256726257606616,103.09025172148915,53.758720222862465,0.0,0.038128270574534,Support Only,Feasible,11
412,1.2,0.9,0.9,146.70000000000002,76.5,7,8,0.8471295269496689,1.0,7.0,31.382877901086346,53.758720222862465,103.09025172148915,53.758720222862465,71.70737382040281,0.0,6.439296825699555,24.225080772535257,1.0499999004060525,1.0499998987064476,0.9499999449996388,1.0499999004060525,7.0,35.03368445983324,77.5214990809664,111.69344271325502,77.5214990809664,30.664377598234807,0.0999997991124999,Headroom + Support,Feasible,1392
413,1.2,0.9,1.0,146.70000000000002,85.0,3,6,0.9356789929339188,1.0,9.0,38.18985075868843,0.0,103.09025172148915,38.951893407124665,64.90040096280072,38.951893407124665,0.0,0.0,1.0276837021402705,1.0,0.949999999999878,1.02768370214027,9.0,45.08691131243637,0.0,103.09025172148915,38.951893407124665,0.0,0.0276837021402702,Support Only,Feasible,11
414,1.2,0.9,1.0,146.70000000000002,85.0,6,7,0.9240042492674292,1.0018356902384724,7.0,59.718411527995045,-1.0182236430901457,103.09025172148915,38.951893407124665,43.37184019349411,37.93366976403452,0.0,0.0,1.0393314548742625,1.0000000000000004,0.9499999998988566,1.0393314548742625,9.0,67.55306159154816,-3.2315313437940745,103.09025172148915,38.951893407124665,0.0,0.0393314548742629,Support Only,Feasible,11
415,1.2,1.0,0.6,163.0,51.0,3,6,0.9363719564085884,1.0,9.0,39.18410480820813,0.0,74.69598382778022,78.36612788698956,35.51187901957209,78.36612788698956,0.0,0.0,1.0262107355327843,1.0000000000000009,0.9499999999999966,1.0262107355327847,9.0,45.457358353763425,0.0,74.69598382778022,78.36612788698956,0.0,0.0262107355327849,Support Only,Feasible,11
416,1.2,1.0,0.6,163.0,51.0,6,7,0.9249604210012728,1.0019081595755432,7.0,59.92075114871184,-2.4954341598548098,74.69598382778022,78.36612788698956,14.77523267906838,75.87069372713475,0.0,0.0,1.03497359992294,1.000000000000003,0.9499999999652072,1.0349735999229397,9.0,66.48220523278565,-4.48576237385943,74.69598382778022,78.36612788698956,0.0,0.0349735999229432,Support Only,Feasible,11
417,1.2,1.0,0.6,163.0,51.0,7,8,0.8938347855833376,1.0,7.0,37.10624937395919,74.60267282427945,74.69598382778022,78.36612788698956,37.58973445382104,3.763455062710108,39.2500363296319,0.0,1.05,1.05,0.94999999999998,1.0500000000000005,7.0,30.619383292164173,77.48510449098187,129.74758761373013,78.36612788698956,39.2500363296319,0.1,Headroom + Support,Feasible,245
418,1.2,1.0,0.7,163.0,59.49999999999999,3,6,0.9363719564085884,1.0,9.0,39.18410480820813,0.0,74.69598382778022,72.12489168102786,35.51187901957209,72.12489168102786,0.0,0.0,1.0262107355327843,1.0000000000000009,0.9499999999999966,1.0262107355327847,9.0,45.457358353763425,0.0,74.69598382778022,72.12489168102786,0.0,0.0262107355327849,Support Only,Feasible,11
419,1.2,1.0,0.7,163.0,59.49999999999999,6,7,0.9248829410383556,1.0021365167101186,7.0,60.03721997522055,-2.61053773293294,74.69598382778022,72.12489168102786,14.658763852559671,69.51435394809492,0.0,0.0,1.0355186958868454,1.0000000000000009,0.9499999999594284,1.035518695886846,9.0,66.71342177633423,-4.62538767230906,74.69598382778022,72.12489168102786,0.0,0.0355186958868463,Support Only,Feasible,11
420,1.2,1.0,0.7,163.0,59.49999999999999,7,8,0.8969840708630126,1.0000000000000002,7.0,36.3522376897275,70.10036687950452,74.69598382778022,72.12489168102786,38.34374613805272,2.0245248015233415,22.73904319713155,7.225215750173505,1.05,1.05,0.9499999704753188,1.0499999999999998,7.0,35.033792359518245,77.52159010001081,111.69312421426788,77.52159010001081,29.964258947305055,0.1,Headroom + Support,Feasible,1039
421,1.2,1.0,0.8,163.0,68.0,3,6,0.9363719564085884,1.0,9.0,39.18410480820813,0.0,74.69598382778022,64.17359269980139,35.51187901957209,64.17359269980139,0.0,0.0,1.0262107355327843,1.0000000000000009,0.9499999999999966,1.0262107355327847,9.0,45.457358353763425,0.0,74.69598382778022,64.17359269980139,0.0,0.0262107355327849,Support Only,Feasible,11
422,1.2,1.0,0.8,163.0,68.0,6,7,0.9247707488259064,1.0022161943265184,7.0,60.205866176778386,-2.429530827830789,74.69598382778022,64.17359269980139,14.49011765100184,61.7440618719706,0.0,0.0,1.036299195114084,1.0,0.949999999947873,1.0362991951140843,9.0,67.04499245376766,-4.4844746509622055,74.69598382778022,64.17359269980139,0.0,0.036299195114084,Support Only,Feasible,11
423,1.2,1.0,0.8,163.0,68.0,7,8,0.8871369948615258,1.0,7.0,36.45329147985113,64.17359269980139,74.69598382778022,64.17359269980139,38.24269234792909,0.0,22.738219609657808,15.724449807969602,1.0499996399763527,1.0499990526537288,0.9499992355558856,1.0499996399763525,7.0,35.0339588116459,77.52107360015412,111.692089969395,77.52107360015412,38.46266941762741,0.0999986926300815,Headroom + Support,Feasible,1716
424,1.2,1.0,0.9,163.0,76.5,3,6,0.9363719564085884,1.0,9.0,39.18410480820813,0.0,74.69598382778022,53.758720222862465,35.51187901957209,53.758720222862465,0.0,0.0,1.0262107355327843,1.0000000000000009,0.9499999999999966,1.0262107355327847,9.0,45.457358353763425,0.0,74.69598382778022,53.758720222862465,0.0,0.0262107355327849,Support Only,Feasible,11
425,1.2,1.0,0.9,163.0,76.5,6,7,0.9246241405247452,1.002147484728197,7.0,60.42624183177293,-1.9527580600957677,74.69598382778022,53.758720222862465,14.269741996007298,51.8059621627667,0.0,0.0,1.03731314449286,1.0000000000000009,0.9499999999294731,1.03731314449286,9.0,67.47661924927851,-4.063297674848471,74.69598382778022,53.758720222862465,0.0,0.0373131444928609,Support Only,Feasible,11
426,1.2,1.0,0.9,163.0,76.5,7,8,0.8369361736881771,1.0,7.0,38.98559506741694,53.758720222862465,74.69598382778022,53.758720222862465,35.71038876036329,0.0,22.73894294347011,24.22527543487687,1.0499999996586276,1.0499999872096846,0.94999996336472,1.0499999996586278,7.0,35.03382736737211,77.52162961125082,111.69299831853772,77.52163034689424,46.964218378346985,0.0999999868683121,Headroom + Support,Feasible,1643
427,1.2,1.0,1.0,163.0,85.0,3,6,0.9363719564085884,1.0,9.0,39.18410480820813,0.0,74.69598382778022,38.951893407124665,35.51187901957209,38.951893407124665,0.0,0.0,1.0262107355327843,1.0000000000000009,0.9499999999999966,1.0262107355327847,9.0,45.457358353763425,0.0,74.69598382778022,38.951893407124665,0.0,0.0262107355327849,Support Only,Feasible,11
428,1.2,1.0,1.0,163.0,85.0,6,7,0.9244432605670356,1.001930062668266,7.0,60.69812627852545,-1.1794681440028327,74.69598382778022,38.951893407124665,13.997857549254777,37.77242526312183,0.0,0.0,1.038559480796476,1.0,0.9499999999020357,1.038559480796476,9.0,68.00853580814663,-3.3612042807962013,74.69598382778022,38.951893407124665,0.0,0.0385594807964759,Support Only,Feasible,11
